sha256,bytes,path
691ab5c653dac001e433fd1826f7f945ad2069eff39aad27fa9897b4f1faeca9,101,.gitignore
eed22e5c2200272de02c18fd29bb3f1b03591ecdfbaf1965c6d1fb6e4f766225,1601,CHANGELOG.md
3977dde4c1e9b9ccec061d9680c334b2bb3f002e08e83b74614856e85e9fb126,676,CITATION.cff
8306256a56ae3efcf22b7a43cd3f93801d7b8ac4611cd2b3014d663df1699f75,1277,CODE_AND_DATA_AVAILABILITY_DRAFT.md
a0d8ce1f778eb49d829d7d233656a3678daa21c4d2fafdfac51d3ea4379681d5,1598,DATA_ACCESS.md
9faa77aac3705ed9011e6cabf43f2148d23357a6a91c634f6018f9cedfe615d5,1129,DATA_SOURCES.md
9f21499f4e6f352f1b0d475d7f3140671a381c74aff4b92b597cd129405416fb,1291,FIGURE_DATA_MAP.csv
adddc17557d67f8c82d1432e631d0062358305dea0b21e9679e518b0aff23c1e,1077,LICENSE-CODE
1d8aa9b8362fc49f9b6ced26738f9966896bbe556d8d140c3f79ca97b7849357,757,LICENSE-CONTENT
7b44822332b8b59bf8abf98f46c1e2365e5ec5a544e66efe27a9b4fc5f38cc9b,1360,LICENSE.md
187f0cc19b58938a40f2960d8eb98dcbf3f96024f6293c0db916df62f3cba6f7,1026,PUBLIC_RELEASE_BLOCKERS.md
ff88a16c18ad6f5ca5ede531feeee3ccac01620c12256cd20e82eb56cd1b00b6,5623,README.md
13be6c14b567b354a232b9beacce1b8e6cfa3b7e3c394df473f395a27c9d78df,779,RELEASE_STATUS.json
a0b84d2f768d5b8ee3badb9ab623a95938e7ae273cf4cba611f219eb34fcd287,10,VERSION
dae1b67c6c00928c396a1596fdc4f526ee52e45eb34d9282094bc4cb186fdfa2,2888,analysis/HISTORICAL_RUNBOOK.md
76291938aeac054abb2af7c242565f51239cbd69d92342eb353abdd4c0919432,2437,analysis/INPUT_LAYOUT.md
448ba2184c58a855832f9e59e95b31144be681cf75bd4505d7d02fc1b26edd95,1887,analysis/METHOD_TO_CODE_MAP.csv
050d4d8d05f556ecf17922edec7aefae831da2c252425f0bef1e3bdf7a05bbdd,4801,analysis/README.md
72585cb8eaccf2cd1c0b276e73b4f3db73bebf05c4e26e10dc4880cf682f2e61,39108,analysis/code/build_final_assets_v2.py
cd8d010a34b4911ac63f67ecc927be97010b26e8f30a9d37454a90fa21022518,3292,analysis/code/check_rerun_consistency_v2.py
e23c7e174088eeb7b712b9c7e4957dc5e341e7ea918304e0d2f3a2f8d78d8530,67225,analysis/code/current_p1_closure/build_current_p1_outputs.py
eccb4d382a3cd7b6925c0a47bafbef0926c6ed966832483e2f876054cc208907,18484,analysis/code/current_p1_closure/run_current_p1_numeric_gate.py
3e33cca2f0e2247688cc29a8291ff6c38f0a3c26bc80ea211db4f3b2183cf36d,116902,analysis/code/current_p2_closure/build_current_p2_outputs.py
773725464227111114fff5f46eb08630f574d1b5fbf85ee63f837367465995f3,18200,analysis/code/current_p2_closure/executed_code/run_bio05_3ca_source_mapping_v0_8.py
685617a149a64a27f4763c57388785ca0a4e6b34bd90e98cb4796d2e42006662,18198,analysis/code/current_p2_closure/executed_code/run_bio05_apollo_external_cohort_v0_7.py
f6ef1e4cf042c9163d546dde602a9aa6b72db0b346d1ae9a33d960ba16541646,25674,analysis/code/current_p2_closure/executed_code/run_bio05_scrna_source_mapping_v0_7.py
6b50fe863babbcbec0567e9559e54247075eb1a750837fe2ec3a44396bb146b2,41103,analysis/code/current_p2_closure/executed_code/run_pan_cancer_proteomic_immune_evasion_discovery_v0_1.py
25c86df0d8708d123e9b3fc3d4b10aee8a5d5b6e6c3e27d0e17fadc2f5ee94b0,48940,analysis/code/current_p2_closure/executed_code/run_pan_cancer_proteomic_immune_evasion_v0_2_controls_rna_depmap.py
a4c5ca4127bc4c0e7f39056ec8cd4e5015ef57d65c029af326a4a0303d93efb2,30136,analysis/code/current_p2_closure/executed_code/run_pan_cancer_proteomic_immune_evasion_v0_5_tcga_sensitivity.py
942765ce2c1f763949524c24aa7fb020701bb791a9764e57d57eeb0dd5ada8af,34810,analysis/code/current_p2_closure/run_current_p2_gate.py
b9caedc32c0d2e1857f47c5037fbb27f6bd03b8969e3cc7e250124b8b0fe7324,26330,analysis/code/declared_upstream/1be40375f1_run_bio05_scrna_source_mapping_v0_7.py
43ee9ad42e62092b4a38618cdab2f601065be81b7d4dacd624720125f32dd969,54374,analysis/code/declared_upstream/43ee9ad42e_run_pan_cancer_proteomic_immune_evasion_v0_3_phosphosite_depmap_mechanism.py
9bcea9f10cab1d13c7429ba14f2598fa39dfd675b7f40436138e3b92dd26b51b,16484,analysis/code/declared_upstream/61f68f814d_run_bio05_brca_spatial_triangulation_v0_7.py
63ae1640f2215eec3a5c3e6708184352853436a80aa3b1bb9516467be78ed10e,23710,analysis/code/declared_upstream/63ae1640f2_build_bio05_round3_support_tables_v0_8.py
7219aaeda5b19267134f38637eb52a05a45fc406ce8679be754b9b5c6f283b8f,58550,analysis/code/declared_upstream/7219aaeda5_run_pan_cancer_proteomic_immune_evasion_v0_4_matched_rna_source_decomposition.py
dfaa3c30df0e1e8c1d966407b1bde914b0d5155bbd6f265df9c4af3c10dad07a,57944,analysis/code/declared_upstream/77b8d86ac4_run_pan_cancer_proteomic_immune_evasion_v0_4_matched_rna_source_decomposition.py
9dced9498dcb1daa7d37e0d9a6bab7bfff5e67c32b4941db7b9b80a964f7d0c1,18517,analysis/code/declared_upstream/9cd4e6ac5a_run_bio05_apollo_external_cohort_v0_7.py
ee71fb27e1b155b866c6aa55b25f67ed0eacae8667c2b85b69ad0ba80f61ba2a,15777,analysis/code/declared_upstream/ee71fb27e1_assemble_bio05_public_source_mapping_v0_8.py
b0b77c3d6e38d29e0b143e16c9cc1646a28e3821f943f752cd644d7a8da8077d,18253,analysis/code/declared_upstream/f12e082be2_run_bio05_3ca_source_mapping_v0_8.py
c69e13cc726f941706f61b08ae90a1e193416271594534d48fde4badc442b013,16095,analysis/code/finalize_statistics_audit_cycle_v2.py
929eb04be83eae14bc63a7bc9ccdf5bb17a8e9193862bdc3066c83b38ebdc34b,20109,analysis/code/postprocess_support_v2.py
fa2b160e46112dc3f1d50ccbf9b88497d50e911700aeb8b863e58531ed57190a,50544,analysis/code/run_cptac_v2.py
b4daaab922cf39c9ff47166f66460f80a5b63353ffd9549dbbe1712ef455c0b8,36882,analysis/code/run_h5ad_support_v2.py
2de1cdb3ba0195a9910f76231b6231c40ace84fbddee1bf143c6db96e8c75b87,16015,analysis/code/run_independent_audit_v2.py
a3169b04a4d3207d5a2fb37ebddd1953eebdedf37e755454f4e71c31e70a8700,1349,analysis/code/run_tcga_source_wrapper_v2.py
caeaa48c3c97149fb05333e2779e19721bdaf46baaf7207043fe99206345c0ff,1336,analysis/code/sci27_paths.R
133ac3d02ec356795007d28f25f9d33ea985f293703e60c6ecc25bd9b7822d91,1631,analysis/code/verify_release_package.py
8e24cd55db4ecda2537c0b973263a5d0259ade6ce33eaef9aee8be988094453b,9355,analysis/compare_recomputed_to_locked.py
72f808595243d1c346924d949ee05e2d01da6eef1fb1e5e352748a1dfc028258,259,analysis/config/paths.env.example
f419f5ac589bf6d6ec61abb6663a47a5114b86a7d82980327b298adccb46aefc,30726,analysis/definitions/BIO-05_V2_LOCKED_PROTOCOL.json
b631094186b4f1a69f3e2ee8b948009f10f4b7ad0b644cd1cf446e4152c46ef1,23230,analysis/definitions/PROGRAM_DEFINITION_CURRENT_P2.csv
3bfa2f111e448500f090fdf8177b2f629b5d2556820554446b7c61ddc4ea1898,14503,analysis/definitions/SUPPORT_MAPPING_RULES_CURRENT_P2.json
bf22747d0649848267c823096622a0459a15b185d37e5287d0a1373750e630bd,2194,analysis/definitions/TCGA_ANCHOR_SELECTION_CURRENT_P2.csv
ae58a204224e9525a58fc5a670898701aefb3ead69e9cd9aa079b235de77882b,402232,analysis/definitions/TCGA_PRIMARY_SAMPLE_SELECTION_CURRENT_P2.csv
65419009a6a91cb2a037138ba183d8ddccbff37a666e1cb0b5a1fb1a4b9f677b,6400,analysis/definitions/TWO_PASS_DETERMINISTIC_HASHES_CURRENT_P2.json
b631094186b4f1a69f3e2ee8b948009f10f4b7ad0b644cd1cf446e4152c46ef1,23230,analysis/definitions/signature_gene_sets_v0_1.csv
08953c8c8d44a7482fac248d2560900efaf23d5869f29b387b6203a23fdb5d5b,720,analysis/environment/ENVIRONMENT_RELEASE_LOCK.json
21fd10ce4aa1735585992e6d62301ff6c16bf31c212acfe13ffd4cccc4df1aa7,458,analysis/environment/ENVIRONMENT_STATUS.md
f35b12b9449f6d58a9e48d2798abfcb215748ff7c4c1eb31c2b2bc02ed8eb615,302,analysis/environment/LOCK_STATUS.json
a566fd27577f7444ccc0ba5ce92ac7251577200b988ded42ca2f9375bb9995eb,158,analysis/environment/RECORDED_RUNTIME_METADATA.json
e3b0c44298fc1c149afbf4c8996fb92427ae41e4649b934ca495991b7852b855,0,analysis/environment/R_PACKAGES-current-host.lock
e3b0c44298fc1c149afbf4c8996fb92427ae41e4649b934ca495991b7852b855,0,analysis/environment/R_PACKAGES-unresolved.txt
e3b0c44298fc1c149afbf4c8996fb92427ae41e4649b934ca495991b7852b855,0,analysis/environment/R_PACKAGES.in
beb34174abf0fd53750e83846f7f5779313f411cd0b34956b3ae2e73e0284829,109,analysis/environment/requirements-current-host.lock
e3b0c44298fc1c149afbf4c8996fb92427ae41e4649b934ca495991b7852b855,0,analysis/environment/requirements-unresolved.txt
2335f99ec9959111651db9d8d3eea79ff676bdd1d00310186a9c770bea8aa17e,55,analysis/environment/requirements.in
a73c708c9eab0b91b4f770f6ffcfa5088fa8fda3f5e82025c130ce14bc41e3c0,2142,analysis/environment/requirements.lock
7baa315539b707c672cc6aac3e72d43b58506208c0b3aaff60658711eed10e16,1134,analysis/input_manifests/brca_spatial_queue.tsv
ba2919df9ec0a09a7c9794055266c18d3e5e4794f7f918c09db30f82256abf82,3700,analysis/input_manifests/public_validation_queue.tsv
b95b0810577567bb01a8d2c517a7cf07e67b1687e33b6eea29c19a75d49e48cd,451,analysis/provenance/CLEAN_ENVIRONMENT_DEPENDENCY_SMOKE.json
6a794882070f1cf4cf0016af3f8b3fdfb0dd3af0b5aea5863baee2526a437a57,4761,analysis/provenance/ENTRYPOINT_INVENTORY.csv
06dd6222acf0fbb702378120fc4f45b8d3a68fe693ca99067ead22c595490e9d,4724,analysis/provenance/HISTORICAL_LOCKED_TABLE_PARITY.json
fc0874398c64e2dfe8229f1c3572cb431594cfb0716df69ab4911812eb79a12d,22164,analysis/provenance/NUMERIC_GATE_CURRENT_P2.json
24a97b51682af53a53202b30a969031629ed2077f55beb91a61daea15c9fd3fd,75468,analysis/provenance/NUMERIC_MAP_CURRENT_P2.csv
1c2cd766aed6e5e1c089db5128617d1f697acce6386f86c47303f14d36e873e5,769,analysis/provenance/PATH_PORTABILITY_TRANSFORMATION.json
8eb1a392d1203d0e8a4b9033ccd0bc357a487ef9b117c290444a3956adca1884,2729,analysis/provenance/PORTABLE_REAL_SOURCE_SMOKE_20261002.json
ecfdb904a17c1f4bf755cf662f11dafa8d1ded686fdaccd2d8851a603c61eeb8,57,analysis/provenance/PORTABLE_SYNTAX_SMOKE.json
5a71e3dc4d8100b76a652e5ace1ad2b1d2c8b9111d558c9126b7e967995109bc,846,analysis/provenance/README.md
46047a4117db3c983ee872c12990a8abc18129a9be3cc66e03c722aafdb83b08,1160,analysis/provenance/REPRODUCTION_STATUS.json
6cfee782fe751c016af15232ad00ab89b1c32161c56b4ce047b34b33ff63f4ac,28553,analysis/provenance/RUN_MANIFEST_PUBLIC.json
68a71e22822f7099d0dbb6a95e138b205bf01a833bba76a82aa0e6b330b0823a,17833,analysis/provenance/SOURCE_MANIFEST_PUBLIC.csv
43bb6dfc6d30a27b0ab3049de3344d016653b36c33d4d77674215c553bc84258,293,analysis/pyproject.toml
f83ebda0aa64b660e888137e230978c8b9a707cf724323d0683d485cdf5b0392,10587,analysis/run_pipeline.py
0bb8ec38defe20cabda8735da5dd22e2764f3eee4f5c5e360ac80a41c5d76981,2299,analysis/src/sci27_portability/__init__.py
b4a77f4aa9b7a72b2ba57019a7309c5be5c7ddae71b56f1d6a157481aec6730e,722,analysis/src/sci27_portability/__main__.py
e0608ef8502418aa138862c1f08481db56dac10a920286e5bb9f206c1b6316b4,6068,analysis/validate_analysis_layer.py
291197d36d800082589d13829286e670a1d45d9524d229ea307f4ebc2a283f8c,523,analysis/validation/ANALYSIS_LAYER_VALIDATION.json
c6e1597afd5de62c34ee3d44806bfcc99ad72b3f4a1945f5fd97bf2206277358,2143,build_previews.py
f06772727a09a168f7ecb6d715e65b39bbe45e6299711a17404528579d4cbc25,686649,data/Article2_Consolidated_Tables.xlsx
7a7393abd67f62cf4517701f057469fa593faf60955d3eb9c1d40e25039b55da,450,environment_manuscript.txt
a1f2024bb6ffb3f752cdd5c100b384e46cde5fd9b3d1f8c288fe3df85a92d699,2987,export_tables.py
f9422472b2974f046fdeb7358347fb34b73d6aca9166c244e1935af4c51a990c,336430,generated/PNG_300dpi/Fig1_CPTAC_primary_concordance.png
cc3d7491901ecd80904f30aeb4a6cba06138c1041f3b107497aab3fbad89a9b5,256761,generated/PNG_300dpi/Fig2_heterogeneity_and_scoring_robustness.png
560bc7d297c60d32f8068c5b887c8b931c162968a582a6268e7e13a3276e7ee5,187635,generated/PNG_300dpi/Fig3_TCGA_and_APOLLO_triangulation.png
62bb17b033a00df6ab30ddad238b75c8184289a86d29f543ba5a44b955d2fb31,214480,generated/PNG_300dpi/Fig4_single_cell_and_spatial_compartments.png
5dbc007883a4ccfc780054bafc9c95180416eccce28e93ffd0b2282c5867c36e,294407,generated/PNG_300dpi/FigS1_complete_pair_counts.png
b2e7393b8c64a0db5c26ecd82e2c1f1c8baf7e1c1faf5ab8412b7010f91d31f2,183920,generated/PNG_300dpi/FigS2_residual_context_support.png
8c4e41d1aa556fcf29a9a29abc70849d13ae29e0df6d78d684fcf15c6a43964e,485715,generated/PNG_300dpi/FigS3_TCGA_full_correlation_atlas.png
bc33d2994ba828f01f064611eb09f04775494c1bb8c23e1c266eb9a5bdab7cfd,182020,generated/PNG_300dpi/FigS4_TCGA_immune_subtypes.png
9dfbf3c0eaf072ab8332d01e6b513c1c08d4d90971ac6ae3c3abc9dd843e46f3,262628,generated/PNG_300dpi/FigS5_source_resolved_single_cell.png
b4d6102597ff4b3d2bd28928e542db4bf1dc4953266762782b125e47d673ab5d,146855,generated/PNG_300dpi/FigS6_threshold_and_influence_sensitivities.png
4f355537171104d539fb6556d47dd23c781286e466f73cb616568623ee225fe3,62485,generated/SVG_editable/Fig1_CPTAC_primary_concordance.svg
e2f28cd30bceb3064d9892a8a18b434b81686aa43cd414da6c835f6d9174aace,87763,generated/SVG_editable/Fig2_heterogeneity_and_scoring_robustness.svg
1314031bde8a50c4e2b29ebf835b8db21da27830848c3d2550a9a6e49e9e8913,33337,generated/SVG_editable/Fig3_TCGA_and_APOLLO_triangulation.svg
6f893b908c0f85bcbc400570ced0dd89cc7f53b56114c5e5e46402e9d137d0fd,54967,generated/SVG_editable/Fig4_single_cell_and_spatial_compartments.svg
a1a3e4403e714be3cf147313e5f4fa60f8884dd9abc6dd7bf8020810584fa40c,71220,generated/SVG_editable/FigS1_complete_pair_counts.svg
4f05bc332d785e60ab514927200c3ff1fb560fd436ecdc5839a8a0509f8602e3,35469,generated/SVG_editable/FigS2_residual_context_support.svg
fc600889880bcfd409c0c82e17cdf3a9c5ea406b5e2966b41ee19d5883baac7e,61483,generated/SVG_editable/FigS3_TCGA_full_correlation_atlas.svg
5689bb42463da8fbcf459c26b2df75d7c79fc1c05ab04d31715c2ab8c1f3c1c7,27614,generated/SVG_editable/FigS4_TCGA_immune_subtypes.svg
69d5913c7dc0b072d27db4efd7b0c93c94ec874dfece432e65efbae28942a2b2,64163,generated/SVG_editable/FigS5_source_resolved_single_cell.svg
880fe09ab8ca337b598051156dc580fde4123dce8e71e6ae1cef799c79e55ffb,66485,generated/SVG_editable/FigS6_threshold_and_influence_sensitivities.svg
1e12527c2213cc3c308a68d187731061df7ba405eb63d73ba9b95e5da9373038,2363990,generated/TIFF_600dpi/Fig1_CPTAC_primary_concordance.tiff
7809868cbcb4e07ac17785a59fb77934bb7f924a96aecd7df3e03de3c6da6cb3,1122822,generated/TIFF_600dpi/Fig2_heterogeneity_and_scoring_robustness.tiff
ad7b5a8b60efa4e91cde6caa8500a0b3644e4f579e430f59cbbe34c44cc717ad,937008,generated/TIFF_600dpi/Fig3_TCGA_and_APOLLO_triangulation.tiff
60fb2b0ff8a44ce26af91b2f2d7de29ce4e7c839f50d09b931799af822ebf3d9,1192782,generated/TIFF_600dpi/Fig4_single_cell_and_spatial_compartments.tiff
262ba005294963be9f1fda3133ca912f2dd944b4693f790aa7cb7fa5cc11542d,2225588,generated/TIFF_600dpi/FigS1_complete_pair_counts.tiff
8b6c91f3e82756f6aa7e59e60b033a4f2a38164a3e9fd5d9707dfb2da47a087c,715030,generated/TIFF_600dpi/FigS2_residual_context_support.tiff
05f64153b0f91a6d92a2e2293dd41db603229eb16de1ff90d2f3f8b9d10e24ea,4696214,generated/TIFF_600dpi/FigS3_TCGA_full_correlation_atlas.tiff
72345941efcd88adb6e05360f470466fc61149ce61a82da2b197a8f16628623c,1248744,generated/TIFF_600dpi/FigS4_TCGA_immune_subtypes.tiff
92ea9a0375e2a7153b34b92870372897c3524c5d2135ac8f5501b5e3fdd9b1e3,2974382,generated/TIFF_600dpi/FigS5_source_resolved_single_cell.tiff
eae297cf395a58840b74a4e7d802ffc3e66304855197c2291deb5d9ac3dc98f1,650270,generated/TIFF_600dpi/FigS6_threshold_and_influence_sensitivities.tiff
a8a4eb7983b2655a010e958dc57cc070ec98c97937fbff116958272d19e06da6,2984,generated/run_manifest.json
69509ad59da4626a9208e0a62ec2d982b94d52501d82a62c2d124ebb3a170acd,69676,manuscript/FULL_MANUSCRIPT_RELEASE_CANDIDATE.md
97633dcf7b921ee6bc0b91f8c3868192ad5a92b3c6162ac3c01adaaa21dccb2f,42864,plot_all_figures.py
3cb20c0bc2d51d769c9f78af0976d1b8506c1c71027b3020a990fb96c39c5d2d,414692,previews/main_figures_contact.png
20b6d9f50e0cb38d8fe50db0e6b00ed8164c11c04f427674309afe0ccd97eda0,569521,previews/supp_figures_contact.png
a9e217aa02c049f7cb7dfc94bde0656c620f23264b7d78a68e41589a517077b5,1861,provenance/BRCA_VISIUM_SOURCE_CITATION_MAP.csv
18751fa6f1b85ff047c6380732a8f0518b4144de6fceda9d771d39e320f40dc5,2380,provenance/SINGLE_CELL_AND_VISIUM_CITATION_AUDIT.md
09ecaa277b54effc579bf848816459c2ad22f2d8aefcb6a2dbee66152ef5c822,5709,provenance/SINGLE_CELL_SOURCE_CITATION_MAP.csv
fc69240be6913f804fc8138145163ebbec0c9c1574d237d639c60272b094b904,18253,provenance/SOURCE_MANIFEST_PUBLIC.csv
594c68ffb74ae9b9364cb636d84652839955d0195df745a49a3697c3e40b1e16,2712,provenance/SOURCE_TERMS_AUDIT.csv
05f70345207a8e22ce794577e849137cb1c2fc6075ef8f1ae062845bff877427,3143,provenance/SOURCE_TERMS_AUDIT.md
a0dc0e371c66f008bbdd8303667580909a60130fbf251f6e8437fae963780a93,77,requirements-lock.txt
6f2486b8dfa907d3c5d2c4f9f8739696208d26a15f51d4b5b42135cf24072273,81,requirements.txt
2994b7ba62d64f7cf74e5cadb31d13d9f8a2f02b100f5313224a770754681967,3055,tables/TABLE_EXPORT_MANIFEST.csv
abc5bf9719c9b5a6924ad9a971ed4b946da4a989d6bc57557593c7ac7e9c324b,1088,tables/main/Table1_Sources.csv
009fd8c66a110cd348b1740d13a72f11f8b062a4cb53f92fb870bf2f19035203,889,tables/main/Table2_Programs.csv
a52b8cdfd3f6325481949972732da72dc3d7a0fc510ac20f5294e0b94741704e,1273,tables/main/Table3_CPTAC.csv
42b7ce2aa8cdb5f910d97679843fe7f94d9aefdef8c96015c1fec56e8a03150c,17061,tables/supplementary/S1_ProgramGenes.csv
d018d4c550859ec3158e757ffa854bfee31f54e11c8c0c6db9335d1dc7eee97c,714,tables/supplementary/S2_CPTAC_Flow.csv
b05126fd086af20e8888a7eecf3ff6d44f78729273c4bafea5e9a3bb6e22a8b8,67383,tables/supplementary/S3_Primary.csv
89527987865b5dc2a0a3d8849afb15faef3b289ff8498ea7b098831dafce23a5,64479,tables/supplementary/S4a_FeatureSens.csv
1a6b9653f89ac7df4c77a1000bdbf430294e37a088673696d512ac7eecc085c8,70335,tables/supplementary/S4b_Threshold1.csv
2b6b304994bfd13940d99d3a90d528e7e878acef842fe8f61b4a0460ed163f71,2722,tables/supplementary/S4c_Pooled.csv
97234fd3b68c305ffe68ac8615bf791733ab810f0c8815a7a99fb7af506d9d1b,41188,tables/supplementary/S4d_ResidualDiag.csv
956034f6174a416d3fed4e4954e44d854f40f18ee5ab126855d5dd13147848f5,135235,tables/supplementary/S5_ResidualContext.csv
aeb7b9d1d2daf4cfb779412d6acfec8692af4c633bcde7ce38ef9f2190eb9377,677279,tables/supplementary/S6a_TCGA_Full.csv
d037c1ddd1a40fdd95ae38e3ed0783a58f65db292626f62456e2fe828a260df4,2759,tables/supplementary/S6b_TCGA_Summary.csv
1673d3806dc6ef8d06a3414de2d112dc4453e9d62895ae0814886373c6193b35,2126,tables/supplementary/S6c_TCGA_Anchors.csv
1f18ed3dd94e3484707095c6393798f4cfdeb78afcfd7f62cc52154434a3d7a1,6106,tables/supplementary/S6d_TCGA_Subtypes.csv
72a478d15107b39ae6ed8f3c1e60eae42430df17e72f5ab0f3c9f6fb2e1d9f28,5105,tables/supplementary/S7_APOLLO.csv
2b0f71139cbd04a216e232df7008182b8d32eee84d953d389ced152600df42fb,6306,tables/supplementary/S8a_scRNA_Global.csv
3c20e1f046e06cc54c48f772f880c37f26bb29b9293c37bf38d2ec5d3681b0f0,89824,tables/supplementary/S8b_scRNA_Source.csv
1d20355364542d9e62e9cb88ca3112402dd15e3c45dd66a465200c81bf227160,1918,tables/supplementary/S9_Spatial_BRCA.csv
ed1eb26d55d19338bf6a1f7d5346d6810f2bab8391eb0c265b547b7f24e66223,2530,tables/supporting/Derived_Heterogeneity.csv
be32472a2a11532fbc7de4dc2690a270079f9bcc96f1d918dd0f6cb0a62e518e,2346,tables/supporting/QA_Checks.csv
e6de70e4006a7c6a57afab5b45a8411c21ebd6e4226fcb349aae1f62b5c90e71,397,tables/supporting/Source_Alias.csv
c6cfdc654187ebb14af73752abf1a78d6aa2e50468839bfda25b490df038ba82,14838,validate_release.py
ad7ce19f6bbfae3f89b0d753fb6f880199935cd6432d0056465829d8e682134e,1214,validation/RELEASE_AUDIT.md
205b5d42eb2fff1d4ae3b8c06cc09fb60597d91a3a94208626af1bba532be168,1647,validation/VALIDATION.json
