comparison_layer,program_label,evaluable_cancer_n,complete_pairs_evaluable_strata,median_rho,q25_rho,q75_rho,minimum_rho,maximum_rho,positive_cancer_n,fdr_supported_n,cochran_q,i2_fraction
phosphoproteomics,Checkpoint,8,423,0.7189226060825931,0.5509973547970601,0.7735208393050073,0.4461538461538462,0.8332219251336899,8,8,18.37261246249689,0.618998113943308
phosphoproteomics,IFN-gamma,10,966,0.6829841550881401,0.6134921983794164,0.735298221029353,0.3635530785967859,0.8421313365152856,10,10,48.66462380864547,0.8150607300410054
phosphoproteomics,MHC-I,10,916,0.5245447362915503,0.495026665415911,0.5543761139057533,0.3565148646150118,0.760301805561657,10,10,25.0965879496278,0.641385513518244
phosphoproteomics,Myeloid,4,319,0.5851236452848569,0.5518755899455794,0.645249074093376,0.4973733583489682,0.7803834260977118,4,4,11.011034669308902,0.7275460399410137
phosphoproteomics,Proteasome,10,1023,0.35220129075429196,0.24436229437992796,0.423051350125808,0.206221397649969,0.5643109061313076,10,10,22.167979183031274,0.5940090016464311
phosphoproteomics,TGF/EMT,10,1023,0.6364692466246296,0.5521953327219637,0.6970363793655241,0.5185190369540874,0.8198386159459639,10,10,36.355740906338575,0.7524462498732666
proteomics,Checkpoint,8,550,0.5959575873999704,0.49757244298627995,0.6925637110951524,0.388515406162465,0.823801766269399,8,8,28.72936568073743,0.7563468655107347
proteomics,Cytolytic,9,859,0.7580606659258343,0.7137315162354838,0.7984060601278308,0.6790052053209947,0.9265673973725076,9,9,57.706966392126496,0.861368557382848
proteomics,IFN-gamma,10,1023,0.8573338964501008,0.8310151111204803,0.8930794512645754,0.7656266956049919,0.9495936818238112,10,10,73.62777298326914,0.8777635172797482
proteomics,MHC-I,10,1023,0.760954542698753,0.7136562192021026,0.771145717252027,0.6074048152295632,0.7868242785530414,10,10,13.891088496375808,0.3521026086366015
proteomics,MHC-II,10,1023,0.7565676329209126,0.7475485068978223,0.8503744033839206,0.6834017683955966,0.8991713048855905,10,10,35.55597444999411,0.7468779821332814
proteomics,Myeloid,10,1023,0.6803383084250787,0.6057534339817553,0.7847060928765525,0.4582122528052589,0.8976747062461348,10,10,66.26800500330923,0.8641878535569228
proteomics,Proteasome,10,1023,0.3291258091346077,0.2629821645817084,0.4380530357768104,0.0121501140369064,0.4606890938686924,10,9,20.897488534460013,0.5693262381668985
proteomics,TGF/EMT,10,1023,0.7788332614310594,0.7492988426576987,0.8263993749551068,0.5422273467173088,0.8778473234445112,10,10,41.69768106285089,0.7841606590439812
