cancer,comparison_layer,registered_program_rows,maximum_matched_unique_cases,minimum_complete_pair_n,evaluable_program_rows
brca,phosphoproteomics,8,121,0,6
brca,proteomics,8,121,75,8
ccrcc,phosphoproteomics,8,103,0,5
ccrcc,proteomics,8,103,35,8
coad,phosphoproteomics,8,96,0,5
coad,proteomics,8,96,0,7
gbm,phosphoproteomics,8,99,0,6
gbm,proteomics,8,99,18,7
hnscc,phosphoproteomics,8,108,0,5
hnscc,proteomics,8,108,62,8
lscc,phosphoproteomics,8,108,0,6
lscc,proteomics,8,108,108,8
luad,phosphoproteomics,8,106,0,6
luad,proteomics,8,106,106,8
ov,phosphoproteomics,8,82,0,4
ov,proteomics,8,82,5,7
pdac,phosphoproteomics,8,105,0,4
pdac,proteomics,8,105,31,8
ucec,phosphoproteomics,8,95,0,5
ucec,proteomics,8,95,43,8
