eligible_pair_rows,complete_pair_n,missing_pair_n,x_distinct_n,y_distinct_n,x_tie_fraction,y_tie_fraction,spearman_rho,ci_lower,ci_upper,p_value,p_value_asymptotic,p_value_method,permutation_resamples,permutation_p_mcse,ci_method,ci_resamples,max_abs_leave_one_out_rho_delta,most_influential_case_id,status,reason,comparison,comparison_scope,cancer,program,signature,program_label,signature_label,comparison_layer,fdr_family,q_value_bh,fdr_bh
121,121,0,121,121,0,0,0.7868242785530414,0.6770088166841353,0.8503440239769123,1.0567211370837268e-26,1.0567211370837268e-26,scipy_spearman_asymptotic_no_ties_n_gt_30,0,,paired_case_bca_bootstrap,20000,0.028669852983870703,09BR004,evaluable,,rna_vs_proteomics,within_cancer,brca,antigen_presentation_mhc_i,antigen_presentation_mhc_i,MHC-I,MHC-I,proteomics,cptac_primary_10_cancers_x_8_programs_x_2_layers,6.491286984942893e-26,6.491286984942893e-26
121,61,60,61,61,0,0,0.5477525118984663,0.29448703707524576,0.7217503908026257,4.9043515301956995e-06,4.9043515301956995e-06,scipy_spearman_asymptotic_no_ties_n_gt_30,0,,paired_case_bca_bootstrap,20000,0.0650843872401835,09BR004,evaluable,,rna_vs_phosphoproteomics,within_cancer,brca,antigen_presentation_mhc_i,antigen_presentation_mhc_i,MHC-I,MHC-I,phosphoproteomics,cptac_primary_10_cancers_x_8_programs_x_2_layers,6.142343178594614e-06,6.142343178594614e-06
121,121,0,121,121,0,0,0.757424468229237,0.6578383491112492,0.8337946391133128,8.909320650922255e-24,8.909320650922255e-24,scipy_spearman_asymptotic_no_ties_n_gt_30,0,,paired_case_bca_bootstrap,20000,0.01610841599883428,11BR053,evaluable,,rna_vs_proteomics,within_cancer,brca,antigen_presentation_mhc_ii,antigen_presentation_mhc_ii,MHC-II,MHC-II,proteomics,cptac_primary_10_cancers_x_8_programs_x_2_layers,4.104651299889181e-23,4.104651299889181e-23
121,0,121,0,0,,,,,,,,,0,,,0,,,not_evaluable,complete_pair_n_below_20,rna_vs_phosphoproteomics,within_cancer,brca,antigen_presentation_mhc_ii,antigen_presentation_mhc_ii,MHC-II,MHC-II,phosphoproteomics,cptac_primary_10_cancers_x_8_programs_x_2_layers,,
121,121,0,121,121,0,0,0.8575531770762768,0.7312517408381929,0.9097836124311051,3.741582733694192e-36,3.741582733694192e-36,scipy_spearman_asymptotic_no_ties_n_gt_30,0,,paired_case_bca_bootstrap,20000,0.03360593119513089,09BR004,evaluable,,rna_vs_proteomics,within_cancer,brca,ifn_gamma_response,ifn_gamma_response,IFN-gamma,IFN-gamma,proteomics,cptac_primary_10_cancers_x_8_programs_x_2_layers,6.033302158081885e-35,6.033302158081885e-35
121,111,10,111,111,0,0,0.7334591084591084,0.5956482399250559,0.8232370929596444,5.476167758949e-20,5.476167758949e-20,scipy_spearman_asymptotic_no_ties_n_gt_30,0,,paired_case_bca_bootstrap,20000,0.02887436763583562,09BR004,evaluable,,rna_vs_phosphoproteomics,within_cancer,brca,ifn_gamma_response,ifn_gamma_response,IFN-gamma,IFN-gamma,phosphoproteomics,cptac_primary_10_cancers_x_8_programs_x_2_layers,1.6055128202373206e-19,1.6055128202373206e-19
121,115,6,115,115,0,0,0.7984060601278308,0.6847225854713637,0.8729686271533142,1.186394872822261e-26,1.186394872822261e-26,scipy_spearman_asymptotic_no_ties_n_gt_30,0,,paired_case_bca_bootstrap,20000,0.024943001252052288,09BR004,evaluable,,rna_vs_proteomics,within_cancer,brca,cytolytic_t_cell_context,cytolytic_t_cell_context,Cytolytic,Cytolytic,proteomics,cptac_primary_10_cancers_x_8_programs_x_2_layers,6.956588117912349e-26,6.956588117912349e-26
121,0,121,0,0,,,,,,,,,0,,,0,,,not_evaluable,complete_pair_n_below_20,rna_vs_phosphoproteomics,within_cancer,brca,cytolytic_t_cell_context,cytolytic_t_cell_context,Cytolytic,Cytolytic,phosphoproteomics,cptac_primary_10_cancers_x_8_programs_x_2_layers,,
121,75,46,75,75,0,0,0.5163869132290184,0.2837231319673385,0.6838472867276238,2.112777425990958e-06,2.112777425990958e-06,scipy_spearman_asymptotic_no_ties_n_gt_30,0,,paired_case_bca_bootstrap,20000,0.050114382587345685,09BR004,evaluable,,rna_vs_proteomics,within_cancer,brca,checkpoint_exhaustion_context,checkpoint_exhaustion_context,Checkpoint,Checkpoint,proteomics,cptac_primary_10_cancers_x_8_programs_x_2_layers,2.7241439114771676e-06,2.7241439114771676e-06
121,33,88,33,33,0,0,0.8332219251336899,0.7088919957717462,0.9274344710018378,1.7756546352083842e-09,1.7756546352083842e-09,scipy_spearman_asymptotic_no_ties_n_gt_30,0,,paired_case_bca_bootstrap,20000,0.026382180438157432,05BR001,evaluable,,rna_vs_phosphoproteomics,within_cancer,brca,checkpoint_exhaustion_context,checkpoint_exhaustion_context,Checkpoint,Checkpoint,phosphoproteomics,cptac_primary_10_cancers_x_8_programs_x_2_layers,2.7268981897843046e-09,2.7268981897843046e-09
121,121,0,121,121,0,0,0.57110825091451,0.405382213481274,0.6975022392943275,7.913334422901034e-12,7.913334422901034e-12,scipy_spearman_asymptotic_no_ties_n_gt_30,0,,paired_case_bca_bootstrap,20000,0.02903759254684135,09BR004,evaluable,,rna_vs_proteomics,within_cancer,brca,myeloid_inflammatory_context,myeloid_inflammatory_context,Myeloid,Myeloid,proteomics,cptac_primary_10_cancers_x_8_programs_x_2_layers,1.4178057507697686e-11,1.4178057507697686e-11
121,40,81,40,40,0,0,0.49737335834896823,0.1782639263919704,0.720947649179225,0.0010938117832075755,0.0010938117832075755,scipy_spearman_asymptotic_no_ties_n_gt_30,0,,paired_case_bca_bootstrap,20000,0.060926236792732236,11BR004,evaluable,,rna_vs_phosphoproteomics,within_cancer,brca,myeloid_inflammatory_context,myeloid_inflammatory_context,Myeloid,Myeloid,phosphoproteomics,cptac_primary_10_cancers_x_8_programs_x_2_layers,0.0012269714785545847,0.0012269714785545847
121,121,0,121,121,0,0,0.8315810865736348,0.7737201848919162,0.87945631841254,3.5495634545670705e-32,3.5495634545670705e-32,scipy_spearman_asymptotic_no_ties_n_gt_30,0,,paired_case_bca_bootstrap,20000,0.00747718136163833,03BR006,evaluable,,rna_vs_proteomics,within_cancer,brca,tgfb_emt_exclusion_context,tgfb_emt_exclusion_context,TGF/EMT,TGF/EMT,proteomics,cptac_primary_10_cancers_x_8_programs_x_2_layers,4.5789368563915205e-31,4.5789368563915205e-31
121,121,0,121,121,0,0,0.6987061373797586,0.5798433177689337,0.7832503275644999,5.096027705806996e-19,5.096027705806996e-19,scipy_spearman_asymptotic_no_ties_n_gt_30,0,,paired_case_bca_bootstrap,20000,0.019746532944569406,20BR002,evaluable,,rna_vs_phosphoproteomics,within_cancer,brca,tgfb_emt_exclusion_context,tgfb_emt_exclusion_context,TGF/EMT,TGF/EMT,phosphoproteomics,cptac_primary_10_cancers_x_8_programs_x_2_layers,1.3416072939777602e-18,1.3416072939777602e-18
121,121,0,121,121,0,0,0.25508738653299007,0.0634227186012323,0.4240583819850028,0.004747193629580109,0.004747193629580109,scipy_spearman_asymptotic_no_ties_n_gt_30,0,,paired_case_bca_bootstrap,20000,0.02815450526505142,03BR006,evaluable,,rna_vs_proteomics,within_cancer,brca,proteasome_antigen_processing,proteasome_antigen_processing,Proteasome,Proteasome,proteomics,cptac_primary_10_cancers_x_8_programs_x_2_layers,0.0051461174639986056,0.0051461174639986056
121,121,0,121,121,0,0,0.21699634195908407,0.028079399255436673,0.3909329191495352,0.01681431902286706,0.01681431902286706,scipy_spearman_asymptotic_no_ties_n_gt_30,0,,paired_case_bca_bootstrap,20000,0.021471607204052223,20BR005,evaluable,,rna_vs_phosphoproteomics,within_cancer,brca,proteasome_antigen_processing,proteasome_antigen_processing,Proteasome,Proteasome,phosphoproteomics,cptac_primary_10_cancers_x_8_programs_x_2_layers,0.017492315757660085,0.017492315757660085
103,103,0,103,103,0,0,0.7617844748056055,0.6342888939861906,0.8437110254506313,9.364337484080888e-21,9.364337484080888e-21,scipy_spearman_asymptotic_no_ties_n_gt_30,0,,paired_case_bca_bootstrap,20000,0.025776805594279195,C3L-00610,evaluable,,rna_vs_proteomics,within_cancer,ccrcc,antigen_presentation_mhc_i,antigen_presentation_mhc_i,MHC-I,MHC-I,proteomics,cptac_primary_10_cancers_x_8_programs_x_2_layers,3.1789461459116695e-20,3.1789461459116695e-20
103,98,5,98,98,0,0,0.5247913598429061,0.3516705741329034,0.6644704172792978,2.9057393013642124e-08,2.9057393013642124e-08,scipy_spearman_asymptotic_no_ties_n_gt_30,0,,paired_case_bca_bootstrap,20000,0.025177081141735003,C3L-00610,evaluable,,rna_vs_phosphoproteomics,within_cancer,ccrcc,antigen_presentation_mhc_i,antigen_presentation_mhc_i,MHC-I,MHC-I,phosphoproteomics,cptac_primary_10_cancers_x_8_programs_x_2_layers,4.030541611569714e-08,4.030541611569714e-08
103,103,0,103,103,0,0,0.8558625840179239,0.7771534903407475,0.9067857810417317,1.1080576834390945e-30,1.1080576834390945e-30,scipy_spearman_asymptotic_no_ties_n_gt_30,0,,paired_case_bca_bootstrap,20000,0.013021391758294532,C3L-00791,evaluable,,rna_vs_proteomics,within_cancer,ccrcc,antigen_presentation_mhc_ii,antigen_presentation_mhc_ii,MHC-II,MHC-II,proteomics,cptac_primary_10_cancers_x_8_programs_x_2_layers,1.0209960083117371e-29,1.0209960083117371e-29
103,0,103,0,0,,,,,,,,,0,,,0,,,not_evaluable,complete_pair_n_below_20,rna_vs_phosphoproteomics,within_cancer,ccrcc,antigen_presentation_mhc_ii,antigen_presentation_mhc_ii,MHC-II,MHC-II,phosphoproteomics,cptac_primary_10_cancers_x_8_programs_x_2_layers,,
103,103,0,103,103,0,0,0.8571146158239249,0.7956821384033971,0.9025501270381403,7.368759011208953e-31,7.368759011208953e-31,scipy_spearman_asymptotic_no_ties_n_gt_30,0,,paired_case_bca_bootstrap,20000,0.00915699134821435,C3L-00796,evaluable,,rna_vs_proteomics,within_cancer,ccrcc,ifn_gamma_response,ifn_gamma_response,IFN-gamma,IFN-gamma,proteomics,cptac_primary_10_cancers_x_8_programs_x_2_layers,7.509377742810522e-30,7.509377742810522e-30
103,91,12,91,91,0,0,0.7015926102882625,0.5911758160433586,0.7891932268007924,9.489559460540232e-15,9.489559460540232e-15,scipy_spearman_asymptotic_no_ties_n_gt_30,0,,paired_case_bca_bootstrap,20000,0.021895886233941897,C3L-00765,evaluable,,rna_vs_phosphoproteomics,within_cancer,ccrcc,ifn_gamma_response,ifn_gamma_response,IFN-gamma,IFN-gamma,phosphoproteomics,cptac_primary_10_cancers_x_8_programs_x_2_layers,1.9431002704915716e-14,1.9431002704915716e-14
103,103,0,103,103,0,0,0.7877696261476959,0.692106426007596,0.8618470862353099,5.562600345658842e-23,5.562600345658842e-23,scipy_spearman_asymptotic_no_ties_n_gt_30,0,,paired_case_bca_bootstrap,20000,0.01639320018633672,C3N-00495,evaluable,,rna_vs_proteomics,within_cancer,ccrcc,cytolytic_t_cell_context,cytolytic_t_cell_context,Cytolytic,Cytolytic,proteomics,cptac_primary_10_cancers_x_8_programs_x_2_layers,2.391918148633302e-22,2.391918148633302e-22
103,0,103,0,0,,,,,,,,,0,,,0,,,not_evaluable,complete_pair_n_below_20,rna_vs_phosphoproteomics,within_cancer,ccrcc,cytolytic_t_cell_context,cytolytic_t_cell_context,Cytolytic,Cytolytic,phosphoproteomics,cptac_primary_10_cancers_x_8_programs_x_2_layers,,
103,35,68,35,35,0,0,0.38851540616246505,0.028406479865541855,0.6590845471032349,0.0210852609174939,0.0210852609174939,scipy_spearman_asymptotic_no_ties_n_gt_30,0,,paired_case_bca_bootstrap,20000,0.08864272981920035,C3N-01808,evaluable,,rna_vs_proteomics,within_cancer,ccrcc,checkpoint_exhaustion_context,checkpoint_exhaustion_context,Checkpoint,Checkpoint,proteomics,cptac_primary_10_cancers_x_8_programs_x_2_layers,0.021759989266853706,0.021759989266853706
103,31,72,31,31,0,0,0.8302419354838709,0.6731828294248529,0.9246461592340417,7.596147124144996e-09,7.596147124144996e-09,scipy_spearman_asymptotic_no_ties_n_gt_30,0,,paired_case_bca_bootstrap,20000,0.028712458286985543,C3N-00246,evaluable,,rna_vs_phosphoproteomics,within_cancer,ccrcc,checkpoint_exhaustion_context,checkpoint_exhaustion_context,Checkpoint,Checkpoint,phosphoproteomics,cptac_primary_10_cancers_x_8_programs_x_2_layers,1.1010145831625893e-08,1.1010145831625893e-08
103,103,0,103,103,0,0,0.7872314721258183,0.6944305609737769,0.8559939197061116,6.230244569140904e-23,6.230244569140904e-23,scipy_spearman_asymptotic_no_ties_n_gt_30,0,,paired_case_bca_bootstrap,20000,0.010519176725474533,C3L-00791,evaluable,,rna_vs_proteomics,within_cancer,ccrcc,myeloid_inflammatory_context,myeloid_inflammatory_context,Myeloid,Myeloid,proteomics,cptac_primary_10_cancers_x_8_programs_x_2_layers,2.5925856432876666e-22,2.5925856432876666e-22
103,9,94,9,9,0,0,,,,,,,0,,,0,,,not_evaluable,complete_pair_n_below_20,rna_vs_phosphoproteomics,within_cancer,ccrcc,myeloid_inflammatory_context,myeloid_inflammatory_context,Myeloid,Myeloid,phosphoproteomics,cptac_primary_10_cancers_x_8_programs_x_2_layers,,
103,103,0,103,103,0,0,0.8025853358520405,0.7040979498784861,0.8696548783502216,2.144437315796934e-24,2.144437315796934e-24,scipy_spearman_asymptotic_no_ties_n_gt_30,0,,paired_case_bca_bootstrap,20000,0.015464887217096934,C3L-00418,evaluable,,rna_vs_proteomics,within_cancer,ccrcc,tgfb_emt_exclusion_context,tgfb_emt_exclusion_context,TGF/EMT,TGF/EMT,proteomics,cptac_primary_10_cancers_x_8_programs_x_2_layers,1.0245644953252016e-23,1.0245644953252016e-23
103,103,0,103,103,0,0,0.669683257918552,0.5216600586591387,0.7743363518041538,1.0394635914896032e-14,1.0394635914896032e-14,scipy_spearman_asymptotic_no_ties_n_gt_30,0,,paired_case_bca_bootstrap,20000,0.024499981079248334,C3L-00360,evaluable,,rna_vs_phosphoproteomics,within_cancer,ccrcc,tgfb_emt_exclusion_context,tgfb_emt_exclusion_context,TGF/EMT,TGF/EMT,phosphoproteomics,cptac_primary_10_cancers_x_8_programs_x_2_layers,2.0951688015962314e-14,2.0951688015962314e-14
103,103,0,103,103,0,0,0.41616878267363705,0.24680219296220865,0.5593616123619499,1.2303166220947983e-05,1.2303166220947983e-05,scipy_spearman_asymptotic_no_ties_n_gt_30,0,,paired_case_bca_bootstrap,20000,0.02508967783831928,C3L-01287,evaluable,,rna_vs_proteomics,within_cancer,ccrcc,proteasome_antigen_processing,proteasome_antigen_processing,Proteasome,Proteasome,proteomics,cptac_primary_10_cancers_x_8_programs_x_2_layers,1.5115318500021807e-05,1.5115318500021807e-05
103,103,0,103,103,0,0,0.4180028994420771,0.24661197694640014,0.5619766507583727,1.1159939771742225e-05,1.1159939771742225e-05,scipy_spearman_asymptotic_no_ties_n_gt_30,0,,paired_case_bca_bootstrap,20000,0.016676359021044695,C3N-00242,evaluable,,rna_vs_phosphoproteomics,within_cancer,ccrcc,proteasome_antigen_processing,proteasome_antigen_processing,Proteasome,Proteasome,phosphoproteomics,cptac_primary_10_cancers_x_8_programs_x_2_layers,1.384261760148795e-05,1.384261760148795e-05
96,96,0,96,96,0,0,0.7736570808464461,0.6562990400487856,0.8557096034845165,2.4751823792970575e-20,2.4751823792970575e-20,scipy_spearman_asymptotic_no_ties_n_gt_30,0,,paired_case_bca_bootstrap,20000,0.02043586428233335,11CO021,evaluable,,rna_vs_proteomics,within_cancer,coad,antigen_presentation_mhc_i,antigen_presentation_mhc_i,MHC-I,MHC-I,proteomics,cptac_primary_10_cancers_x_8_programs_x_2_layers,7.808410829362631e-20,7.808410829362631e-20
96,82,14,82,82,0,0,0.6462816033782828,0.4823644661220819,0.7639826060692129,5.469985030726327e-11,5.469985030726327e-11,scipy_spearman_asymptotic_no_ties_n_gt_30,0,,paired_case_bca_bootstrap,20000,0.030366996441048677,11CO048,evaluable,,rna_vs_phosphoproteomics,within_cancer,coad,antigen_presentation_mhc_i,antigen_presentation_mhc_i,MHC-I,MHC-I,phosphoproteomics,cptac_primary_10_cancers_x_8_programs_x_2_layers,9.408374252849283e-11,9.408374252849283e-11
96,96,0,96,96,0,0,0.7557107976125882,0.6305152338118842,0.8463702426477681,5.666584428575118e-19,5.666584428575118e-19,scipy_spearman_asymptotic_no_ties_n_gt_30,0,,paired_case_bca_bootstrap,20000,0.016405663753593203,01CO014,evaluable,,rna_vs_proteomics,within_cancer,coad,antigen_presentation_mhc_ii,antigen_presentation_mhc_ii,MHC-II,MHC-II,proteomics,cptac_primary_10_cancers_x_8_programs_x_2_layers,1.4619787825723803e-18,1.4619787825723803e-18
0,0,0,0,0,,,,,,,,,0,,,0,,,not_evaluable,complete_pair_n_below_20,rna_vs_phosphoproteomics,within_cancer,coad,antigen_presentation_mhc_ii,antigen_presentation_mhc_ii,MHC-II,MHC-II,phosphoproteomics,cptac_primary_10_cancers_x_8_programs_x_2_layers,,
96,96,0,96,96,0,0,0.7656266956049919,0.6444759488299973,0.8485377221558097,1.0399110331542929e-19,1.0399110331542929e-19,scipy_spearman_asymptotic_no_ties_n_gt_30,0,,paired_case_bca_bootstrap,20000,0.01488842197619511,05CO028,evaluable,,rna_vs_proteomics,within_cancer,coad,ifn_gamma_response,ifn_gamma_response,IFN-gamma,IFN-gamma,proteomics,cptac_primary_10_cancers_x_8_programs_x_2_layers,2.981078295042306e-19,2.981078295042306e-19
96,68,28,68,68,0,0,0.3635530785967859,0.12501847674203004,0.5727980494329621,0.0023085964401583234,0.0023085964401583234,scipy_spearman_asymptotic_no_ties_n_gt_30,0,,paired_case_bca_bootstrap,20000,0.028410609125958164,22CO006,evaluable,,rna_vs_phosphoproteomics,within_cancer,coad,ifn_gamma_response,ifn_gamma_response,IFN-gamma,IFN-gamma,phosphoproteomics,cptac_primary_10_cancers_x_8_programs_x_2_layers,0.002545375562225844,0.002545375562225844
96,47,49,47,47,0,0,0.7104532839962997,0.4706413107518948,0.8451373594528805,2.2202581150711043e-08,2.2202581150711043e-08,scipy_spearman_asymptotic_no_ties_n_gt_30,0,,paired_case_bca_bootstrap,20000,0.0554424915201972,09CO018,evaluable,,rna_vs_proteomics,within_cancer,coad,cytolytic_t_cell_context,cytolytic_t_cell_context,Cytolytic,Cytolytic,proteomics,cptac_primary_10_cancers_x_8_programs_x_2_layers,3.113188009175788e-08,3.113188009175788e-08
96,0,96,0,0,,,,,,,,,0,,,0,,,not_evaluable,complete_pair_n_below_20,rna_vs_phosphoproteomics,within_cancer,coad,cytolytic_t_cell_context,cytolytic_t_cell_context,Cytolytic,Cytolytic,phosphoproteomics,cptac_primary_10_cancers_x_8_programs_x_2_layers,,
96,0,96,0,0,,,,,,,,,0,,,0,,,not_evaluable,complete_pair_n_below_20,rna_vs_proteomics,within_cancer,coad,checkpoint_exhaustion_context,checkpoint_exhaustion_context,Checkpoint,Checkpoint,proteomics,cptac_primary_10_cancers_x_8_programs_x_2_layers,,
96,25,71,25,25,0,0,0.4461538461538462,-0.02165364567169092,0.7722784973386313,0.026419,0.025385437402565783,two_sided_monte_carlo_permutation,999999,0.00016037779284863601,paired_case_bca_bootstrap,20000,0.11732441471571903,11CO061,evaluable,,rna_vs_phosphoproteomics,within_cancer,coad,checkpoint_exhaustion_context,checkpoint_exhaustion_context,Checkpoint,Checkpoint,phosphoproteomics,cptac_primary_10_cancers_x_8_programs_x_2_layers,0.027048023809523813,0.027048023809523813
96,96,0,96,96,0,0,0.5855805751492132,0.39010326249160227,0.7251979687260677,3.6888252445482e-10,3.6888252445482e-10,scipy_spearman_asymptotic_no_ties_n_gt_30,0,,paired_case_bca_bootstrap,20000,0.04144910010274638,05CO044,evaluable,,rna_vs_proteomics,within_cancer,coad,myeloid_inflammatory_context,myeloid_inflammatory_context,Myeloid,Myeloid,proteomics,cptac_primary_10_cancers_x_8_programs_x_2_layers,6.023524766414149e-10,6.023524766414149e-10
96,0,96,0,0,,,,,,,,,0,,,0,,,not_evaluable,complete_pair_n_below_20,rna_vs_phosphoproteomics,within_cancer,coad,myeloid_inflammatory_context,myeloid_inflammatory_context,Myeloid,Myeloid,phosphoproteomics,cptac_primary_10_cancers_x_8_programs_x_2_layers,,
96,96,0,96,96,0,0,0.5422273467173088,0.382304972590969,0.6767796292957967,1.156883436762659e-08,1.156883436762659e-08,scipy_spearman_asymptotic_no_ties_n_gt_30,0,,paired_case_bca_bootstrap,20000,0.02701957377541242,05CO002,evaluable,,rna_vs_proteomics,within_cancer,coad,tgfb_emt_exclusion_context,tgfb_emt_exclusion_context,TGF/EMT,TGF/EMT,proteomics,cptac_primary_10_cancers_x_8_programs_x_2_layers,1.6581995926931445e-08,1.6581995926931445e-08
96,96,0,96,96,0,0,0.5651790558871406,0.39659259739188635,0.700343798804442,1.9859626366964514e-09,1.9859626366964514e-09,scipy_spearman_asymptotic_no_ties_n_gt_30,0,,paired_case_bca_bootstrap,20000,0.0284379653894552,05CO002,evaluable,,rna_vs_phosphoproteomics,within_cancer,coad,tgfb_emt_exclusion_context,tgfb_emt_exclusion_context,TGF/EMT,TGF/EMT,phosphoproteomics,cptac_primary_10_cancers_x_8_programs_x_2_layers,3.013990354515791e-09,3.013990354515791e-09
96,96,0,96,96,0,0,0.4606890938686924,0.2819977678932814,0.6044098372111787,2.3229062138589005e-06,2.3229062138589005e-06,scipy_spearman_asymptotic_no_ties_n_gt_30,0,,paired_case_bca_bootstrap,20000,0.024221320465014184,15CO001,evaluable,,rna_vs_proteomics,within_cancer,coad,proteasome_antigen_processing,proteasome_antigen_processing,Proteasome,Proteasome,proteomics,cptac_primary_10_cancers_x_8_programs_x_2_layers,2.9377931528215506e-06,2.9377931528215506e-06
96,96,0,96,96,0,0,0.5643109061313076,0.41438265944088765,0.6808382160459608,2.1280769259038625e-09,2.1280769259038625e-09,scipy_spearman_asymptotic_no_ties_n_gt_30,0,,paired_case_bca_bootstrap,20000,0.031335790397247765,05CO002,evaluable,,rna_vs_phosphoproteomics,within_cancer,coad,proteasome_antigen_processing,proteasome_antigen_processing,Proteasome,Proteasome,phosphoproteomics,cptac_primary_10_cancers_x_8_programs_x_2_layers,3.192115388855794e-09,3.192115388855794e-09
99,99,0,99,99,0,0,0.7636116264687693,0.6608121067596342,0.8390208081777548,3.9164187733793157e-20,3.9164187733793157e-20,scipy_spearman_asymptotic_no_ties_n_gt_30,0,,paired_case_bca_bootstrap,20000,0.013294824959036888,C3L-02041,evaluable,,rna_vs_proteomics,within_cancer,gbm,antigen_presentation_mhc_i,antigen_presentation_mhc_i,MHC-I,MHC-I,proteomics,cptac_primary_10_cancers_x_8_programs_x_2_layers,1.1749256320137948e-19,1.1749256320137948e-19
99,99,0,99,99,0,0,0.4943846629560915,0.3118838658269794,0.642720031164754,1.9834591847677546e-07,1.9834591847677546e-07,scipy_spearman_asymptotic_no_ties_n_gt_30,0,,paired_case_bca_bootstrap,20000,0.02613507258573533,C3L-02984,evaluable,,rna_vs_phosphoproteomics,within_cancer,gbm,antigen_presentation_mhc_i,antigen_presentation_mhc_i,MHC-I,MHC-I,phosphoproteomics,cptac_primary_10_cancers_x_8_programs_x_2_layers,2.693328787737267e-07,2.693328787737267e-07
99,99,0,99,99,0,0,0.8991713048855905,0.8457562830046127,0.9379311932244889,1.370097150174533e-36,1.370097150174533e-36,scipy_spearman_asymptotic_no_ties_n_gt_30,0,,paired_case_bca_bootstrap,20000,0.009275672780827415,C3N-03180,evaluable,,rna_vs_proteomics,within_cancer,gbm,antigen_presentation_mhc_ii,antigen_presentation_mhc_ii,MHC-II,MHC-II,proteomics,cptac_primary_10_cancers_x_8_programs_x_2_layers,2.9457088728752455e-35,2.9457088728752455e-35
99,0,99,0,0,,,,,,,,,0,,,0,,,not_evaluable,complete_pair_n_below_20,rna_vs_phosphoproteomics,within_cancer,gbm,antigen_presentation_mhc_ii,antigen_presentation_mhc_ii,MHC-II,MHC-II,phosphoproteomics,cptac_primary_10_cancers_x_8_programs_x_2_layers,,
99,99,0,99,99,0,0,0.823104514533086,0.729545797311831,0.888213995661018,1.4240952143175837e-25,1.4240952143175837e-25,scipy_spearman_asymptotic_no_ties_n_gt_30,0,,paired_case_bca_bootstrap,20000,0.015670358115129734,C3N-03182,evaluable,,rna_vs_proteomics,within_cancer,gbm,ifn_gamma_response,ifn_gamma_response,IFN-gamma,IFN-gamma,proteomics,cptac_primary_10_cancers_x_8_programs_x_2_layers,7.654511776957013e-25,7.654511776957013e-25
99,99,0,99,99,0,0,0.658577612863327,0.5152824389061988,0.768198178367151,1.273861566239178e-13,1.273861566239178e-13,scipy_spearman_asymptotic_no_ties_n_gt_30,0,,paired_case_bca_bootstrap,20000,0.018615101148238167,C3N-00663,evaluable,,rna_vs_phosphoproteomics,within_cancer,gbm,ifn_gamma_response,ifn_gamma_response,IFN-gamma,IFN-gamma,phosphoproteomics,cptac_primary_10_cancers_x_8_programs_x_2_layers,2.416590324189029e-13,2.416590324189029e-13
99,18,81,18,18,0,0,,,,,,,0,,,0,,,not_evaluable,complete_pair_n_below_20,rna_vs_proteomics,within_cancer,gbm,cytolytic_t_cell_context,cytolytic_t_cell_context,Cytolytic,Cytolytic,proteomics,cptac_primary_10_cancers_x_8_programs_x_2_layers,,
0,0,0,0,0,,,,,,,,,0,,,0,,,not_evaluable,complete_pair_n_below_20,rna_vs_phosphoproteomics,within_cancer,gbm,cytolytic_t_cell_context,cytolytic_t_cell_context,Cytolytic,Cytolytic,phosphoproteomics,cptac_primary_10_cancers_x_8_programs_x_2_layers,,
99,90,9,90,90,0,0,0.6227517800551507,0.4583937703269618,0.7446123949782246,5.617239878038637e-11,5.617239878038637e-11,scipy_spearman_asymptotic_no_ties_n_gt_30,0,,paired_case_bca_bootstrap,20000,0.030125305406204506,C3L-02984,evaluable,,rna_vs_proteomics,within_cancer,gbm,checkpoint_exhaustion_context,checkpoint_exhaustion_context,Checkpoint,Checkpoint,proteomics,cptac_primary_10_cancers_x_8_programs_x_2_layers,9.534525582460318e-11,9.534525582460318e-11
99,26,73,26,26,0,0,0.5063247863247863,0.06193807534617514,0.7843903682528552,0.009007,0.00830715408209287,two_sided_monte_carlo_permutation,999999,9.447684346441726e-05,paired_case_bca_bootstrap,20000,0.11829059829059829,C3L-01043,evaluable,,rna_vs_phosphoproteomics,within_cancer,gbm,checkpoint_exhaustion_context,checkpoint_exhaustion_context,Checkpoint,Checkpoint,phosphoproteomics,cptac_primary_10_cancers_x_8_programs_x_2_layers,0.009602504132231404,0.009602504132231404
99,99,0,99,99,0,0,0.8976747062461348,0.845515511695742,0.9341709150103743,2.6989592045867398e-36,2.6989592045867398e-36,scipy_spearman_asymptotic_no_ties_n_gt_30,0,,paired_case_bca_bootstrap,20000,0.01152458734196582,C3N-02769,evaluable,,rna_vs_proteomics,within_cancer,gbm,myeloid_inflammatory_context,myeloid_inflammatory_context,Myeloid,Myeloid,proteomics,cptac_primary_10_cancers_x_8_programs_x_2_layers,4.973796248452706e-35,4.973796248452706e-35
99,99,0,99,99,0,0,0.7803834260977118,0.689103118973146,0.8479199209688075,1.710087679156572e-21,1.710087679156572e-21,scipy_spearman_asymptotic_no_ties_n_gt_30,0,,paired_case_bca_bootstrap,20000,0.017626124489158235,C3L-01048,evaluable,,rna_vs_phosphoproteomics,within_cancer,gbm,myeloid_inflammatory_context,myeloid_inflammatory_context,Myeloid,Myeloid,phosphoproteomics,cptac_primary_10_cancers_x_8_programs_x_2_layers,6.127814183644383e-21,6.127814183644383e-21
99,99,0,99,99,0,0,0.865269016697588,0.7922467177602763,0.9127463537976219,7.567589973374944e-31,7.567589973374944e-31,scipy_spearman_asymptotic_no_ties_n_gt_30,0,,paired_case_bca_bootstrap,20000,0.015316769631939064,C3N-03182,evaluable,,rna_vs_proteomics,within_cancer,gbm,tgfb_emt_exclusion_context,tgfb_emt_exclusion_context,TGF/EMT,TGF/EMT,proteomics,cptac_primary_10_cancers_x_8_programs_x_2_layers,7.509377742810522e-30,7.509377742810522e-30
99,99,0,99,99,0,0,0.7912925170068027,0.6841597547465593,0.8645935847929963,1.9172815115669025e-22,1.9172815115669025e-22,scipy_spearman_asymptotic_no_ties_n_gt_30,0,,paired_case_bca_bootstrap,20000,0.021827107600303375,C3L-02041,evaluable,,rna_vs_phosphoproteomics,within_cancer,gbm,tgfb_emt_exclusion_context,tgfb_emt_exclusion_context,TGF/EMT,TGF/EMT,phosphoproteomics,cptac_primary_10_cancers_x_8_programs_x_2_layers,7.4948277270342555e-22,7.4948277270342555e-22
99,99,0,99,99,0,0,0.34128633271490416,0.13414378478699487,0.5231691501869672,0.0005461535975077407,0.0005461535975077407,scipy_spearman_asymptotic_no_ties_n_gt_30,0,,paired_case_bca_bootstrap,20000,0.03675241793062106,C3L-01149,evaluable,,rna_vs_proteomics,within_cancer,gbm,proteasome_antigen_processing,proteasome_antigen_processing,Proteasome,Proteasome,proteomics,cptac_primary_10_cancers_x_8_programs_x_2_layers,0.0006234850803406952,0.0006234850803406952
99,99,0,99,99,0,0,0.20622139764996908,0.015966374353530155,0.38533390957691516,0.04057121582201703,0.04057121582201703,scipy_spearman_asymptotic_no_ties_n_gt_30,0,,paired_case_bca_bootstrap,20000,0.020525346033446135,C3L-01157,evaluable,,rna_vs_phosphoproteomics,within_cancer,gbm,proteasome_antigen_processing,proteasome_antigen_processing,Proteasome,Proteasome,phosphoproteomics,cptac_primary_10_cancers_x_8_programs_x_2_layers,0.04088817844562654,0.04088817844562654
108,108,0,108,108,0,0,0.7601246105919003,0.6559593887410173,0.8327775376560018,1.4372405798750511e-21,1.4372405798750511e-21,scipy_spearman_asymptotic_no_ties_n_gt_30,0,,paired_case_bca_bootstrap,20000,0.02108191774917223,C3N-03011,evaluable,,rna_vs_proteomics,within_cancer,hnscc,antigen_presentation_mhc_i,antigen_presentation_mhc_i,MHC-I,MHC-I,proteomics,cptac_primary_10_cancers_x_8_programs_x_2_layers,5.29725813725376e-21,5.29725813725376e-21
108,108,0,108,108,0,0,0.5242981127401944,0.3488101811133955,0.6676380588186047,5.755739723780356e-09,5.755739723780356e-09,scipy_spearman_asymptotic_no_ties_n_gt_30,0,,paired_case_bca_bootstrap,20000,0.025213045393781552,C3L-02621,evaluable,,rna_vs_phosphoproteomics,within_cancer,hnscc,antigen_presentation_mhc_i,antigen_presentation_mhc_i,MHC-I,MHC-I,phosphoproteomics,cptac_primary_10_cancers_x_8_programs_x_2_layers,8.437391185996203e-09,8.437391185996203e-09
108,108,0,108,108,0,0,0.840578467518363,0.7568094533087931,0.8962063355709995,5.490347719828537e-30,5.490347719828537e-30,scipy_spearman_asymptotic_no_ties_n_gt_30,0,,paired_case_bca_bootstrap,20000,0.0149535766047586,C3N-00295,evaluable,,rna_vs_proteomics,within_cancer,hnscc,antigen_presentation_mhc_ii,antigen_presentation_mhc_ii,MHC-II,MHC-II,proteomics,cptac_primary_10_cancers_x_8_programs_x_2_layers,4.426592849111758e-29,4.426592849111758e-29
108,0,108,0,0,,,,,,,,,0,,,0,,,not_evaluable,complete_pair_n_below_20,rna_vs_phosphoproteomics,within_cancer,hnscc,antigen_presentation_mhc_ii,antigen_presentation_mhc_ii,MHC-II,MHC-II,phosphoproteomics,cptac_primary_10_cancers_x_8_programs_x_2_layers,,
108,108,0,108,108,0,0,0.9495936818238113,0.9223572233667298,0.9689154413612322,3.2287126711707385e-55,3.2287126711707385e-55,scipy_spearman_asymptotic_no_ties_n_gt_30,0,,paired_case_bca_bootstrap,20000,0.005264367902868328,C3L-00977,evaluable,,rna_vs_proteomics,within_cancer,hnscc,ifn_gamma_response,ifn_gamma_response,IFN-gamma,IFN-gamma,proteomics,cptac_primary_10_cancers_x_8_programs_x_2_layers,4.1650393458102526e-53,4.1650393458102526e-53
108,108,0,108,108,0,0,0.8421313365152856,0.7629071341739344,0.8968705236875539,3.411338313364695e-30,3.411338313364695e-30,scipy_spearman_asymptotic_no_ties_n_gt_30,0,,paired_case_bca_bootstrap,20000,0.013449689758740169,C3N-03012,evaluable,,rna_vs_phosphoproteomics,within_cancer,hnscc,ifn_gamma_response,ifn_gamma_response,IFN-gamma,IFN-gamma,phosphoproteomics,cptac_primary_10_cancers_x_8_programs_x_2_layers,2.9337509494936384e-29,2.9337509494936384e-29
108,108,0,108,108,0,0,0.8949574628216487,0.8294802824695957,0.9305933979032526,6.033844523322581e-39,6.033844523322581e-39,scipy_spearman_asymptotic_no_ties_n_gt_30,0,,paired_case_bca_bootstrap,20000,0.016855072690410644,C3N-00295,evaluable,,rna_vs_proteomics,within_cancer,hnscc,cytolytic_t_cell_context,cytolytic_t_cell_context,Cytolytic,Cytolytic,proteomics,cptac_primary_10_cancers_x_8_programs_x_2_layers,1.5567318870172259e-37,1.5567318870172259e-37
108,0,108,0,0,,,,,,,,,0,,,0,,,not_evaluable,complete_pair_n_below_20,rna_vs_phosphoproteomics,within_cancer,hnscc,cytolytic_t_cell_context,cytolytic_t_cell_context,Cytolytic,Cytolytic,phosphoproteomics,cptac_primary_10_cancers_x_8_programs_x_2_layers,,
108,62,46,62,62,0,0,0.7423887587822015,0.581450022011107,0.8452044531927445,4.990972246602863e-12,4.990972246602863e-12,scipy_spearman_asymptotic_no_ties_n_gt_30,0,,paired_case_bca_bootstrap,20000,0.038203520435143745,C3N-04280,evaluable,,rna_vs_proteomics,within_cancer,hnscc,checkpoint_exhaustion_context,checkpoint_exhaustion_context,Checkpoint,Checkpoint,proteomics,cptac_primary_10_cancers_x_8_programs_x_2_layers,9.068104504391118e-12,9.068104504391118e-12
108,76,32,76,76,0,0,0.7546138072453861,0.6376999271514631,0.8350947788619998,3.492069071032123e-15,3.492069071032123e-15,scipy_spearman_asymptotic_no_ties_n_gt_30,0,,paired_case_bca_bootstrap,20000,0.017647928174243988,C3N-03782,evaluable,,rna_vs_phosphoproteomics,within_cancer,hnscc,checkpoint_exhaustion_context,checkpoint_exhaustion_context,Checkpoint,Checkpoint,phosphoproteomics,cptac_primary_10_cancers_x_8_programs_x_2_layers,7.38486737972367e-15,7.38486737972367e-15
108,108,0,108,108,0,0,0.7771299551287547,0.6942587119376094,0.841893392671691,4.753649364458614e-23,4.753649364458614e-23,scipy_spearman_asymptotic_no_ties_n_gt_30,0,,paired_case_bca_bootstrap,20000,0.013745649800808835,C3N-00822,evaluable,,rna_vs_proteomics,within_cancer,hnscc,myeloid_inflammatory_context,myeloid_inflammatory_context,Myeloid,Myeloid,proteomics,cptac_primary_10_cancers_x_8_programs_x_2_layers,2.1145543724660733e-22,2.1145543724660733e-22
108,6,102,6,6,0,0,,,,,,,0,,,0,,,not_evaluable,complete_pair_n_below_20,rna_vs_phosphoproteomics,within_cancer,hnscc,myeloid_inflammatory_context,myeloid_inflammatory_context,Myeloid,Myeloid,phosphoproteomics,cptac_primary_10_cancers_x_8_programs_x_2_layers,,
108,108,0,108,108,0,0,0.7548848685777434,0.6495621355367813,0.831785178159404,3.883209167236132e-21,3.883209167236132e-21,scipy_spearman_asymptotic_no_ties_n_gt_30,0,,paired_case_bca_bootstrap,20000,0.015800293749104632,C3N-03933,evaluable,,rna_vs_proteomics,within_cancer,hnscc,tgfb_emt_exclusion_context,tgfb_emt_exclusion_context,TGF/EMT,TGF/EMT,proteomics,cptac_primary_10_cancers_x_8_programs_x_2_layers,1.3538756285769218e-20,1.3538756285769218e-20
108,108,0,108,108,0,0,0.5478674250002382,0.39425364464475654,0.6738026352130269,8.426336104350499e-10,8.426336104350499e-10,scipy_spearman_asymptotic_no_ties_n_gt_30,0,,paired_case_bca_bootstrap,20000,0.022245625804048763,C3L-01138,evaluable,,rna_vs_phosphoproteomics,within_cancer,hnscc,tgfb_emt_exclusion_context,tgfb_emt_exclusion_context,TGF/EMT,TGF/EMT,phosphoproteomics,cptac_primary_10_cancers_x_8_programs_x_2_layers,1.3256065334892858e-09,1.3256065334892858e-09
108,108,0,108,108,0,0,0.4521325749997618,0.2666073187771753,0.6018456318748315,9.008814299950157e-07,9.008814299950157e-07,scipy_spearman_asymptotic_no_ties_n_gt_30,0,,paired_case_bca_bootstrap,20000,0.02744186807318244,C3N-03612,evaluable,,rna_vs_proteomics,within_cancer,hnscc,proteasome_antigen_processing,proteasome_antigen_processing,Proteasome,Proteasome,proteomics,cptac_primary_10_cancers_x_8_programs_x_2_layers,1.173875802720778e-06,1.173875802720778e-06
108,108,0,108,108,0,0,0.5486390960968685,0.40332557140522446,0.6739028016306927,7.892515722198092e-10,7.892515722198092e-10,scipy_spearman_asymptotic_no_ties_n_gt_30,0,,paired_case_bca_bootstrap,20000,0.019495075810888274,C3N-00306,evaluable,,rna_vs_phosphoproteomics,within_cancer,hnscc,proteasome_antigen_processing,proteasome_antigen_processing,Proteasome,Proteasome,phosphoproteomics,cptac_primary_10_cancers_x_8_programs_x_2_layers,1.2569562076093257e-09,1.2569562076093257e-09
108,108,0,108,108,0,0,0.7742623872264615,0.6676942984437318,0.8472919414686835,8.623460982584944e-23,8.623460982584944e-23,scipy_spearman_asymptotic_no_ties_n_gt_30,0,,paired_case_bca_bootstrap,20000,0.01654464269183631,C3N-03882,evaluable,,rna_vs_proteomics,within_cancer,lscc,antigen_presentation_mhc_i,antigen_presentation_mhc_i,MHC-I,MHC-I,proteomics,cptac_primary_10_cancers_x_8_programs_x_2_layers,3.4763327086045555e-22,3.4763327086045555e-22
108,103,5,103,103,0,0,0.760301805561657,0.6680545790121287,0.8286857046853616,1.230022505013955e-20,1.230022505013955e-20,scipy_spearman_asymptotic_no_ties_n_gt_30,0,,paired_case_bca_bootstrap,20000,0.01893608396116153,C3N-02288,evaluable,,rna_vs_phosphoproteomics,within_cancer,lscc,antigen_presentation_mhc_i,antigen_presentation_mhc_i,MHC-I,MHC-I,phosphoproteomics,cptac_primary_10_cancers_x_8_programs_x_2_layers,4.068535978123082e-20,4.068535978123082e-20
108,108,0,108,108,0,0,0.8536397153391064,0.7688953955877078,0.9062762469733142,8.477695704769716e-32,8.477695704769716e-32,scipy_spearman_asymptotic_no_ties_n_gt_30,0,,paired_case_bca_bootstrap,20000,0.01149283036124038,C3L-04391,evaluable,,rna_vs_proteomics,within_cancer,lscc,antigen_presentation_mhc_ii,antigen_presentation_mhc_ii,MHC-II,MHC-II,proteomics,cptac_primary_10_cancers_x_8_programs_x_2_layers,9.942024962866303e-31,9.942024962866303e-31
108,0,108,0,0,,,,,,,,,0,,,0,,,not_evaluable,complete_pair_n_below_20,rna_vs_phosphoproteomics,within_cancer,lscc,antigen_presentation_mhc_ii,antigen_presentation_mhc_ii,MHC-II,MHC-II,phosphoproteomics,cptac_primary_10_cancers_x_8_programs_x_2_layers,,
108,108,0,108,108,0,0,0.9470023912277191,0.9279352274117733,0.9655830938734711,4.2998823820749336e-54,4.2998823820749336e-54,scipy_spearman_asymptotic_no_ties_n_gt_30,0,,paired_case_bca_bootstrap,20000,0.002702736223837543,C3L-02669,evaluable,,rna_vs_proteomics,within_cancer,lscc,ifn_gamma_response,ifn_gamma_response,IFN-gamma,IFN-gamma,proteomics,cptac_primary_10_cancers_x_8_programs_x_2_layers,2.773424136438332e-52,2.773424136438332e-52
108,108,0,108,108,0,0,0.8266217001533815,0.7435299402940633,0.8823050053175165,3.185731466336273e-28,3.185731466336273e-28,scipy_spearman_asymptotic_no_ties_n_gt_30,0,,paired_case_bca_bootstrap,20000,0.010316719486501702,C3N-02575,evaluable,,rna_vs_phosphoproteomics,within_cancer,lscc,ifn_gamma_response,ifn_gamma_response,IFN-gamma,IFN-gamma,phosphoproteomics,cptac_primary_10_cancers_x_8_programs_x_2_layers,2.2831075508743287e-27,2.2831075508743287e-27
108,108,0,108,108,0,0,0.9265673973725075,0.8974897204160746,0.9515036519682026,8.061231993841755e-47,8.061231993841755e-47,scipy_spearman_asymptotic_no_ties_n_gt_30,0,,paired_case_bca_bootstrap,20000,0.006395630899990068,C3N-01017,evaluable,,rna_vs_proteomics,within_cancer,lscc,cytolytic_t_cell_context,cytolytic_t_cell_context,Cytolytic,Cytolytic,proteomics,cptac_primary_10_cancers_x_8_programs_x_2_layers,3.4663297573519544e-45,3.4663297573519544e-45
108,0,108,0,0,,,,,,,,,0,,,0,,,not_evaluable,complete_pair_n_below_20,rna_vs_phosphoproteomics,within_cancer,lscc,cytolytic_t_cell_context,cytolytic_t_cell_context,Cytolytic,Cytolytic,phosphoproteomics,cptac_primary_10_cancers_x_8_programs_x_2_layers,,
108,108,0,108,108,0,0,0.823801766269399,0.7315175282687112,0.8881309268941618,6.92552505571298e-28,6.92552505571298e-28,scipy_spearman_asymptotic_no_ties_n_gt_30,0,,paired_case_bca_bootstrap,20000,0.013567696298441234,C3L-00923,evaluable,,rna_vs_proteomics,within_cancer,lscc,checkpoint_exhaustion_context,checkpoint_exhaustion_context,Checkpoint,Checkpoint,proteomics,cptac_primary_10_cancers_x_8_programs_x_2_layers,4.7020670115103915e-27,4.7020670115103915e-27
108,103,5,103,103,0,0,0.7438935992619602,0.6120437433682144,0.8295395812874985,2.2174019474791694e-19,2.2174019474791694e-19,scipy_spearman_asymptotic_no_ties_n_gt_30,0,,paired_case_bca_bootstrap,20000,0.032833702251743424,C3L-04391,evaluable,,rna_vs_phosphoproteomics,within_cancer,lscc,checkpoint_exhaustion_context,checkpoint_exhaustion_context,Checkpoint,Checkpoint,phosphoproteomics,cptac_primary_10_cancers_x_8_programs_x_2_layers,6.218366330974192e-19,6.218366330974192e-19
108,108,0,108,108,0,0,0.8009088570693645,0.7010475088895833,0.8675807416716935,2.361970955703781e-25,2.361970955703781e-25,scipy_spearman_asymptotic_no_ties_n_gt_30,0,,paired_case_bca_bootstrap,20000,0.017876777445418268,C3L-02163,evaluable,,rna_vs_proteomics,within_cancer,lscc,myeloid_inflammatory_context,myeloid_inflammatory_context,Myeloid,Myeloid,proteomics,cptac_primary_10_cancers_x_8_programs_x_2_layers,1.2187770131431511e-24,1.2187770131431511e-24
108,89,19,89,89,0,0,0.6002042900919307,0.4294821968846553,0.7224245660098764,5.080931863422802e-10,5.080931863422802e-10,scipy_spearman_asymptotic_no_ties_n_gt_30,0,,paired_case_bca_bootstrap,20000,0.03600084533831138,C3L-04391,evaluable,,rna_vs_phosphoproteomics,within_cancer,lscc,myeloid_inflammatory_context,myeloid_inflammatory_context,Myeloid,Myeloid,phosphoproteomics,cptac_primary_10_cancers_x_8_programs_x_2_layers,8.193002629769269e-10,8.193002629769269e-10
108,108,0,108,108,0,0,0.8778473234445112,0.8096645578238802,0.9189292886392072,1.1311182539269077e-35,1.1311182539269077e-35,scipy_spearman_asymptotic_no_ties_n_gt_30,0,,paired_case_bca_bootstrap,20000,0.01699779499432974,C3N-02374,evaluable,,rna_vs_proteomics,within_cancer,lscc,tgfb_emt_exclusion_context,tgfb_emt_exclusion_context,TGF/EMT,TGF/EMT,proteomics,cptac_primary_10_cancers_x_8_programs_x_2_layers,1.6212694972952344e-34,1.6212694972952344e-34
108,108,0,108,108,0,0,0.8198386159459639,0.744995619810294,0.8739549130941286,2.0156132916887322e-27,2.0156132916887322e-27,scipy_spearman_asymptotic_no_ties_n_gt_30,0,,paired_case_bca_bootstrap,20000,0.011839120686807147,C3N-03425,evaluable,,rna_vs_phosphoproteomics,within_cancer,lscc,tgfb_emt_exclusion_context,tgfb_emt_exclusion_context,TGF/EMT,TGF/EMT,phosphoproteomics,cptac_primary_10_cancers_x_8_programs_x_2_layers,1.3000705731392323e-26,1.3000705731392323e-26
108,108,0,108,108,0,0,0.20446426019606162,0.0026929255854470664,0.3872807441389312,0.03378669935463091,0.03378669935463091,scipy_spearman_asymptotic_no_ties_n_gt_30,0,,paired_case_bca_bootstrap,20000,0.028259735180023338,C3N-03886,evaluable,,rna_vs_proteomics,within_cancer,lscc,proteasome_antigen_processing,proteasome_antigen_processing,Proteasome,Proteasome,proteomics,cptac_primary_10_cancers_x_8_programs_x_2_layers,0.03431877336021565,0.03431877336021565
108,108,0,108,108,0,0,0.2367601246105919,0.05285327254399351,0.4026329601683911,0.013623677368016028,0.013623677368016028,scipy_spearman_asymptotic_no_ties_n_gt_30,0,,paired_case_bca_bootstrap,20000,0.023805325339446376,C3L-04013,evaluable,,rna_vs_phosphoproteomics,within_cancer,lscc,proteasome_antigen_processing,proteasome_antigen_processing,Proteasome,Proteasome,phosphoproteomics,cptac_primary_10_cancers_x_8_programs_x_2_layers,0.014288246995724127,0.014288246995724127
106,106,0,106,106,0,0,0.6302995188553292,0.4690171002466585,0.7524732636510266,4.497034587203574e-13,4.497034587203574e-13,scipy_spearman_asymptotic_no_ties_n_gt_30,0,,paired_case_bca_bootstrap,20000,0.030254078490720926,C3N-00203,evaluable,,rna_vs_proteomics,within_cancer,luad,antigen_presentation_mhc_i,antigen_presentation_mhc_i,MHC-I,MHC-I,proteomics,cptac_primary_10_cancers_x_8_programs_x_2_layers,8.287392310703729e-13,8.287392310703729e-13
106,98,8,98,98,0,0,0.3565148646150118,0.15153180346348408,0.5311484838098136,0.00031433480767324555,0.00031433480767324555,scipy_spearman_asymptotic_no_ties_n_gt_30,0,,paired_case_bca_bootstrap,20000,0.03434354060274536,C3N-02380,evaluable,,rna_vs_phosphoproteomics,within_cancer,luad,antigen_presentation_mhc_i,antigen_presentation_mhc_i,MHC-I,MHC-I,phosphoproteomics,cptac_primary_10_cancers_x_8_programs_x_2_layers,0.00036204634098079176,0.00036204634098079176
106,106,0,106,106,0,0,0.6834017683955966,0.5442923824061802,0.7861470704150824,6.939861341755333e-16,6.939861341755333e-16,scipy_spearman_asymptotic_no_ties_n_gt_30,0,,paired_case_bca_bootstrap,20000,0.02126337777898346,C3L-00093,evaluable,,rna_vs_proteomics,within_cancer,luad,antigen_presentation_mhc_ii,antigen_presentation_mhc_ii,MHC-II,MHC-II,proteomics,cptac_primary_10_cancers_x_8_programs_x_2_layers,1.5435208846317896e-15,1.5435208846317896e-15
106,4,102,4,4,0,0,,,,,,,0,,,0,,,not_evaluable,complete_pair_n_below_20,rna_vs_phosphoproteomics,within_cancer,luad,antigen_presentation_mhc_ii,antigen_presentation_mhc_ii,MHC-II,MHC-II,phosphoproteomics,cptac_primary_10_cancers_x_8_programs_x_2_layers,,
106,106,0,106,106,0,0,0.7712673501775953,0.6385238194324759,0.8584642267770315,3.965199353360087e-22,3.965199353360087e-22,scipy_spearman_asymptotic_no_ties_n_gt_30,0,,paired_case_bca_bootstrap,20000,0.023621723013364737,C3L-02219,evaluable,,rna_vs_proteomics,within_cancer,luad,ifn_gamma_response,ifn_gamma_response,IFN-gamma,IFN-gamma,proteomics,cptac_primary_10_cancers_x_8_programs_x_2_layers,1.5044432840689743e-21,1.5044432840689743e-21
106,106,0,106,106,0,0,0.5662846058896138,0.39982988304033273,0.6962141175631237,2.505998211188745e-10,2.505998211188745e-10,scipy_spearman_asymptotic_no_ties_n_gt_30,0,,paired_case_bca_bootstrap,20000,0.02878070615683026,C3L-00093,evaluable,,rna_vs_phosphoproteomics,within_cancer,luad,ifn_gamma_response,ifn_gamma_response,IFN-gamma,IFN-gamma,phosphoproteomics,cptac_primary_10_cancers_x_8_programs_x_2_layers,4.1445355031198476e-10,4.1445355031198476e-10
106,106,0,106,106,0,0,0.7137315162354838,0.5698935127104432,0.8117093091537536,8.958424428183845e-18,8.958424428183845e-18,scipy_spearman_asymptotic_no_ties_n_gt_30,0,,paired_case_bca_bootstrap,20000,0.030836180219005027,C3L-01330,evaluable,,rna_vs_proteomics,within_cancer,luad,cytolytic_t_cell_context,cytolytic_t_cell_context,Cytolytic,Cytolytic,proteomics,cptac_primary_10_cancers_x_8_programs_x_2_layers,2.101157729519484e-17,2.101157729519484e-17
106,0,106,0,0,,,,,,,,,0,,,0,,,not_evaluable,complete_pair_n_below_20,rna_vs_phosphoproteomics,within_cancer,luad,cytolytic_t_cell_context,cytolytic_t_cell_context,Cytolytic,Cytolytic,phosphoproteomics,cptac_primary_10_cancers_x_8_programs_x_2_layers,,
106,106,0,106,106,0,0,0.675955361866136,0.5234899747292231,0.7878666815668675,1.865595279093645e-15,1.865595279093645e-15,scipy_spearman_asymptotic_no_ties_n_gt_30,0,,paired_case_bca_bootstrap,20000,0.02585886164620077,C3L-00093,evaluable,,rna_vs_proteomics,within_cancer,luad,checkpoint_exhaustion_context,checkpoint_exhaustion_context,Checkpoint,Checkpoint,proteomics,cptac_primary_10_cancers_x_8_programs_x_2_layers,4.011029850051337e-15,4.011029850051337e-15
106,98,8,98,98,0,0,0.5658882109544848,0.4041743121823561,0.6966195390776255,1.2629331307535899e-09,1.2629331307535899e-09,scipy_spearman_asymptotic_no_ties_n_gt_30,0,,paired_case_bca_bootstrap,20000,0.030682376043200787,C3L-00093,evaluable,,rna_vs_phosphoproteomics,within_cancer,luad,checkpoint_exhaustion_context,checkpoint_exhaustion_context,Checkpoint,Checkpoint,phosphoproteomics,cptac_primary_10_cancers_x_8_programs_x_2_layers,1.962871974303772e-09,1.962871974303772e-09
106,106,0,106,106,0,0,0.6662720104793813,0.5075495251272252,0.7743428240217051,6.470528234903792e-15,6.470528234903792e-15,scipy_spearman_asymptotic_no_ties_n_gt_30,0,,paired_case_bca_bootstrap,20000,0.032577253464222244,C3L-00093,evaluable,,rna_vs_proteomics,within_cancer,luad,myeloid_inflammatory_context,myeloid_inflammatory_context,Myeloid,Myeloid,proteomics,cptac_primary_10_cancers_x_8_programs_x_2_layers,1.3462873262944987e-14,1.3462873262944987e-14
106,91,15,91,91,0,0,0.5700430004777831,0.39300655073754165,0.7111657975086696,3.6828176569617646e-09,3.6828176569617646e-09,scipy_spearman_asymptotic_no_ties_n_gt_30,0,,paired_case_bca_bootstrap,20000,0.02261452925839824,C3N-02586,evaluable,,rna_vs_phosphoproteomics,within_cancer,luad,myeloid_inflammatory_context,myeloid_inflammatory_context,Myeloid,Myeloid,phosphoproteomics,cptac_primary_10_cancers_x_8_programs_x_2_layers,5.4607296292881336e-09,5.4607296292881336e-09
106,106,0,106,106,0,0,0.7474368340176839,0.601620899024865,0.8421850572078522,3.49738280888314e-20,3.49738280888314e-20,scipy_spearman_asymptotic_no_ties_n_gt_30,0,,paired_case_bca_bootstrap,20000,0.029185600151920066,C3N-00559,evaluable,,rna_vs_proteomics,within_cancer,luad,tgfb_emt_exclusion_context,tgfb_emt_exclusion_context,TGF/EMT,TGF/EMT,proteomics,cptac_primary_10_cancers_x_8_programs_x_2_layers,1.0741961484426788e-19,1.0741961484426788e-19
106,106,0,106,106,0,0,0.6920271053228203,0.5643183780701461,0.7844373807813371,2.1268416050938292e-16,2.1268416050938292e-16,scipy_spearman_asymptotic_no_ties_n_gt_30,0,,paired_case_bca_bootstrap,20000,0.026426139545518867,C3L-00093,evaluable,,rna_vs_phosphoproteomics,within_cancer,luad,tgfb_emt_exclusion_context,tgfb_emt_exclusion_context,TGF/EMT,TGF/EMT,phosphoproteomics,cptac_primary_10_cancers_x_8_programs_x_2_layers,4.899331554591143e-16,4.899331554591143e-16
106,106,0,106,106,0,0,0.2866664987278636,0.08855448928070946,0.46106044384909745,0.0028899362722837234,0.0028899362722837234,scipy_spearman_asymptotic_no_ties_n_gt_30,0,,paired_case_bca_bootstrap,20000,0.027007563059405715,C3N-01799,evaluable,,rna_vs_proteomics,within_cancer,luad,proteasome_antigen_processing,proteasome_antigen_processing,Proteasome,Proteasome,proteomics,cptac_primary_10_cancers_x_8_programs_x_2_layers,0.0031593371112254263,0.0031593371112254263
106,106,0,106,106,0,0,0.2671688036879361,0.07734364250441537,0.44291268595705613,0.0056302673087164235,0.0056302673087164235,scipy_spearman_asymptotic_no_ties_n_gt_30,0,,paired_case_bca_bootstrap,20000,0.021087526474583396,C3N-02003,evaluable,,rna_vs_phosphoproteomics,within_cancer,luad,proteasome_antigen_processing,proteasome_antigen_processing,Proteasome,Proteasome,phosphoproteomics,cptac_primary_10_cancers_x_8_programs_x_2_layers,0.006052537356870155,0.006052537356870155
82,82,0,82,82,0,0,0.7072953058847857,0.5318521014156823,0.8227175427333531,1.1061859208200084e-13,1.1061859208200084e-13,scipy_spearman_asymptotic_no_ties_n_gt_30,0,,paired_case_bca_bootstrap,20000,0.03929457668070657,17OV010,evaluable,,rna_vs_proteomics,within_cancer,ov,antigen_presentation_mhc_i,antigen_presentation_mhc_i,MHC-I,MHC-I,proteomics,cptac_primary_10_cancers_x_8_programs_x_2_layers,2.1620906634209257e-13,2.1620906634209257e-13
82,73,9,73,73,0,0,0.5565839812415156,0.36083556774771514,0.7110313490328511,3.1680213744342005e-07,3.1680213744342005e-07,scipy_spearman_asymptotic_no_ties_n_gt_30,0,,paired_case_bca_bootstrap,20000,0.03313239923311306,04OV057,evaluable,,rna_vs_phosphoproteomics,within_cancer,ov,antigen_presentation_mhc_i,antigen_presentation_mhc_i,MHC-I,MHC-I,phosphoproteomics,cptac_primary_10_cancers_x_8_programs_x_2_layers,4.213141827855792e-07,4.213141827855792e-07
82,82,0,82,82,0,0,0.7405774860961462,0.6227125103166863,0.8263877616532979,1.8333679297897445e-15,1.8333679297897445e-15,scipy_spearman_asymptotic_no_ties_n_gt_30,0,,paired_case_bca_bootstrap,20000,0.018184934861396718,04OV058,evaluable,,rna_vs_proteomics,within_cancer,ov,antigen_presentation_mhc_ii,antigen_presentation_mhc_ii,MHC-II,MHC-II,proteomics,cptac_primary_10_cancers_x_8_programs_x_2_layers,4.0085502193707974e-15,4.0085502193707974e-15
82,0,82,0,0,,,,,,,,,0,,,0,,,not_evaluable,complete_pair_n_below_20,rna_vs_phosphoproteomics,within_cancer,ov,antigen_presentation_mhc_ii,antigen_presentation_mhc_ii,MHC-II,MHC-II,phosphoproteomics,cptac_primary_10_cancers_x_8_programs_x_2_layers,,
82,82,0,82,82,0,0,0.8547469008826635,0.7783757099002854,0.9106127215455571,1.7047893789591076e-24,1.7047893789591076e-24,scipy_spearman_asymptotic_no_ties_n_gt_30,0,,paired_case_bca_bootstrap,20000,0.014087787464220014,04OV013,evaluable,,rna_vs_proteomics,within_cancer,ov,ifn_gamma_response,ifn_gamma_response,IFN-gamma,IFN-gamma,proteomics,cptac_primary_10_cancers_x_8_programs_x_2_layers,8.45837807252788e-24,8.45837807252788e-24
82,75,7,75,75,0,0,0.5984637268847794,0.4322358133576481,0.7247519786617239,1.42241160109362e-08,1.42241160109362e-08,scipy_spearman_asymptotic_no_ties_n_gt_30,0,,paired_case_bca_bootstrap,20000,0.02499425164169211,14OV011,evaluable,,rna_vs_phosphoproteomics,within_cancer,ov,ifn_gamma_response,ifn_gamma_response,IFN-gamma,IFN-gamma,phosphoproteomics,cptac_primary_10_cancers_x_8_programs_x_2_layers,2.0163856762755715e-08,2.0163856762755715e-08
82,77,5,77,77,0,0,0.6790052053209947,0.5137484203314976,0.7901318726531207,1.1424802574342579e-11,1.1424802574342579e-11,scipy_spearman_asymptotic_no_ties_n_gt_30,0,,paired_case_bca_bootstrap,20000,0.03189021504810974,04OV023,evaluable,,rna_vs_proteomics,within_cancer,ov,cytolytic_t_cell_context,cytolytic_t_cell_context,Cytolytic,Cytolytic,proteomics,cptac_primary_10_cancers_x_8_programs_x_2_layers,1.9916209893110714e-11,1.9916209893110714e-11
82,0,82,0,0,,,,,,,,,0,,,0,,,not_evaluable,complete_pair_n_below_20,rna_vs_phosphoproteomics,within_cancer,ov,cytolytic_t_cell_context,cytolytic_t_cell_context,Cytolytic,Cytolytic,phosphoproteomics,cptac_primary_10_cancers_x_8_programs_x_2_layers,,
82,5,77,5,5,0,0,,,,,,,0,,,0,,,not_evaluable,complete_pair_n_below_20,rna_vs_proteomics,within_cancer,ov,checkpoint_exhaustion_context,checkpoint_exhaustion_context,Checkpoint,Checkpoint,proteomics,cptac_primary_10_cancers_x_8_programs_x_2_layers,,
82,3,79,3,3,0,0,,,,,,,0,,,0,,,not_evaluable,complete_pair_n_below_20,rna_vs_phosphoproteomics,within_cancer,ov,checkpoint_exhaustion_context,checkpoint_exhaustion_context,Checkpoint,Checkpoint,phosphoproteomics,cptac_primary_10_cancers_x_8_programs_x_2_layers,,
82,82,0,82,82,0,0,0.45821225280525896,0.24143736179481476,0.6369517401870317,1.4993030836991848e-05,1.4993030836991848e-05,scipy_spearman_asymptotic_no_ties_n_gt_30,0,,paired_case_bca_bootstrap,20000,0.0372258682426182,17OV013,evaluable,,rna_vs_proteomics,within_cancer,ov,myeloid_inflammatory_context,myeloid_inflammatory_context,Myeloid,Myeloid,proteomics,cptac_primary_10_cancers_x_8_programs_x_2_layers,1.8075710074504192e-05,1.8075710074504192e-05
82,15,67,15,15,0,0,,,,,,,0,,,0,,,not_evaluable,complete_pair_n_below_20,rna_vs_phosphoproteomics,within_cancer,ov,myeloid_inflammatory_context,myeloid_inflammatory_context,Myeloid,Myeloid,phosphoproteomics,cptac_primary_10_cancers_x_8_programs_x_2_layers,,
82,82,0,82,82,0,0,0.7203774447383029,0.5720937321713555,0.8211214422779012,2.368830461211768e-14,2.368830461211768e-14,scipy_spearman_asymptotic_no_ties_n_gt_30,0,,paired_case_bca_bootstrap,20000,0.025828517321317745,17OV011,evaluable,,rna_vs_proteomics,within_cancer,ov,tgfb_emt_exclusion_context,tgfb_emt_exclusion_context,TGF/EMT,TGF/EMT,proteomics,cptac_primary_10_cancers_x_8_programs_x_2_layers,4.701217376866432e-14,4.701217376866432e-14
82,82,0,82,82,0,0,0.533679433179874,0.3410969974476273,0.6805374074785938,2.4327368832180943e-07,2.4327368832180943e-07,scipy_spearman_asymptotic_no_ties_n_gt_30,0,,paired_case_bca_bootstrap,20000,0.03585534550124614,02OV006,evaluable,,rna_vs_phosphoproteomics,within_cancer,ov,tgfb_emt_exclusion_context,tgfb_emt_exclusion_context,TGF/EMT,TGF/EMT,phosphoproteomics,cptac_primary_10_cancers_x_8_programs_x_2_layers,3.268990186824314e-07,3.268990186824314e-07
82,82,0,82,82,0,0,0.4453477868112015,0.24550799560083336,0.6044349630148887,2.7590919228597363e-05,2.7590919228597363e-05,scipy_spearman_asymptotic_no_ties_n_gt_30,0,,paired_case_bca_bootstrap,20000,0.0326784101174345,13OV003,evaluable,,rna_vs_proteomics,within_cancer,ov,proteasome_antigen_processing,proteasome_antigen_processing,Proteasome,Proteasome,proteomics,cptac_primary_10_cancers_x_8_programs_x_2_layers,3.2955820189713515e-05,3.2955820189713515e-05
82,82,0,82,82,0,0,0.424734167020385,0.2345023325555395,0.5825708431476793,6.975382954601565e-05,6.975382954601565e-05,scipy_spearman_asymptotic_no_ties_n_gt_30,0,,paired_case_bca_bootstrap,20000,0.02657567941141259,04OV021,evaluable,,rna_vs_phosphoproteomics,within_cancer,ov,proteasome_antigen_processing,proteasome_antigen_processing,Proteasome,Proteasome,phosphoproteomics,cptac_primary_10_cancers_x_8_programs_x_2_layers,8.1802218285782e-05,8.1802218285782e-05
105,105,0,105,105,0,0,0.7327389591540534,0.6257257562503448,0.813481775524597,6.4263224924619555e-19,6.4263224924619555e-19,scipy_spearman_asymptotic_no_ties_n_gt_30,0,,paired_case_bca_bootstrap,20000,0.012881439864403932,C3N-00198,evaluable,,rna_vs_proteomics,within_cancer,pdac,antigen_presentation_mhc_i,antigen_presentation_mhc_i,MHC-I,MHC-I,proteomics,cptac_primary_10_cancers_x_8_programs_x_2_layers,1.62548157162273e-18,1.62548157162273e-18
105,105,0,105,105,0,0,0.44367613518556914,0.2651816070498168,0.5968424023356996,2.132856860923984e-06,2.132856860923984e-06,scipy_spearman_asymptotic_no_ties_n_gt_30,0,,paired_case_bca_bootstrap,20000,0.023282149248443462,C3L-02115,evaluable,,rna_vs_phosphoproteomics,within_cancer,pdac,antigen_presentation_mhc_i,antigen_presentation_mhc_i,MHC-I,MHC-I,phosphoproteomics,cptac_primary_10_cancers_x_8_programs_x_2_layers,2.7241439114771676e-06,2.7241439114771676e-06
105,105,0,105,105,0,0,0.7517001866058469,0.6461863643504487,0.8301104233763745,2.4817429767741695e-20,2.4817429767741695e-20,scipy_spearman_asymptotic_no_ties_n_gt_30,0,,paired_case_bca_bootstrap,20000,0.012260124927280125,C3N-02940,evaluable,,rna_vs_proteomics,within_cancer,pdac,antigen_presentation_mhc_ii,antigen_presentation_mhc_ii,MHC-II,MHC-II,proteomics,cptac_primary_10_cancers_x_8_programs_x_2_layers,7.808410829362631e-20,7.808410829362631e-20
105,0,105,0,0,,,,,,,,,0,,,0,,,not_evaluable,complete_pair_n_below_20,rna_vs_phosphoproteomics,within_cancer,pdac,antigen_presentation_mhc_ii,antigen_presentation_mhc_ii,MHC-II,MHC-II,phosphoproteomics,cptac_primary_10_cancers_x_8_programs_x_2_layers,,
105,105,0,105,105,0,0,0.9017001866058469,0.8473795933999554,0.9363621204500702,2.6961155569078955e-39,2.6961155569078955e-39,scipy_spearman_asymptotic_no_ties_n_gt_30,0,,paired_case_bca_bootstrap,20000,0.013247002127749652,C3L-01037,evaluable,,rna_vs_proteomics,within_cancer,pdac,ifn_gamma_response,ifn_gamma_response,IFN-gamma,IFN-gamma,proteomics,cptac_primary_10_cancers_x_8_programs_x_2_layers,8.694972671027963e-38,8.694972671027963e-38
105,105,0,105,105,0,0,0.735911258552768,0.6030963401987419,0.8251602184187553,3.8018379473403593e-19,3.8018379473403593e-19,scipy_spearman_asymptotic_no_ties_n_gt_30,0,,paired_case_bca_bootstrap,20000,0.02974541487089577,C3N-01165,evaluable,,rna_vs_phosphoproteomics,within_cancer,pdac,ifn_gamma_response,ifn_gamma_response,IFN-gamma,IFN-gamma,phosphoproteomics,cptac_primary_10_cancers_x_8_programs_x_2_layers,1.0217439483477216e-18,1.0217439483477216e-18
105,105,0,105,105,0,0,0.7375907111756168,0.6316778758853464,0.8159889420757285,2.8706164742344047e-19,2.8706164742344047e-19,scipy_spearman_asymptotic_no_ties_n_gt_30,0,,paired_case_bca_bootstrap,20000,0.017877121962119324,C3L-02115,evaluable,,rna_vs_proteomics,within_cancer,pdac,cytolytic_t_cell_context,cytolytic_t_cell_context,Cytolytic,Cytolytic,proteomics,cptac_primary_10_cancers_x_8_programs_x_2_layers,7.878926067579536e-19,7.878926067579536e-19
105,0,105,0,0,,,,,,,,,0,,,0,,,not_evaluable,complete_pair_n_below_20,rna_vs_phosphoproteomics,within_cancer,pdac,cytolytic_t_cell_context,cytolytic_t_cell_context,Cytolytic,Cytolytic,phosphoproteomics,cptac_primary_10_cancers_x_8_programs_x_2_layers,,
105,31,74,31,31,0,0,0.44112903225806455,0.03531971712174648,0.728533622817402,0.01298922663166166,0.01298922663166166,scipy_spearman_asymptotic_no_ties_n_gt_30,0,,paired_case_bca_bootstrap,20000,0.07967185761957729,C3L-00819,evaluable,,rna_vs_proteomics,within_cancer,pdac,checkpoint_exhaustion_context,checkpoint_exhaustion_context,Checkpoint,Checkpoint,proteomics,cptac_primary_10_cancers_x_8_programs_x_2_layers,0.013734510126920936,0.013734510126920936
105,15,90,15,15,0,0,,,,,,,0,,,0,,,not_evaluable,complete_pair_n_below_20,rna_vs_phosphoproteomics,within_cancer,pdac,checkpoint_exhaustion_context,checkpoint_exhaustion_context,Checkpoint,Checkpoint,phosphoproteomics,cptac_primary_10_cancers_x_8_programs_x_2_layers,,
105,105,0,105,105,0,0,0.6908977814638192,0.5463113736060704,0.7935051451493919,3.458898711395335e-16,3.458898711395335e-16,scipy_spearman_asymptotic_no_ties_n_gt_30,0,,paired_case_bca_bootstrap,20000,0.03128295042565066,C3N-04283,evaluable,,rna_vs_proteomics,within_cancer,pdac,myeloid_inflammatory_context,myeloid_inflammatory_context,Myeloid,Myeloid,proteomics,cptac_primary_10_cancers_x_8_programs_x_2_layers,7.828033925789443e-16,7.828033925789443e-16
105,10,95,10,10,0,0,,,,,,,0,,,0,,,not_evaluable,complete_pair_n_below_20,rna_vs_phosphoproteomics,within_cancer,pdac,myeloid_inflammatory_context,myeloid_inflammatory_context,Myeloid,Myeloid,phosphoproteomics,cptac_primary_10_cancers_x_8_programs_x_2_layers,,
105,105,0,105,105,0,0,0.8108542400995231,0.7325949668907498,0.8672468119325405,1.0457328706313143e-25,1.0457328706313143e-25,scipy_spearman_asymptotic_no_ties_n_gt_30,0,,paired_case_bca_bootstrap,20000,0.01342827350337894,C3L-03388,evaluable,,rna_vs_proteomics,within_cancer,pdac,tgfb_emt_exclusion_context,tgfb_emt_exclusion_context,TGF/EMT,TGF/EMT,proteomics,cptac_primary_10_cancers_x_8_programs_x_2_layers,5.865197404845198e-25,5.865197404845198e-25
105,105,0,105,105,0,0,0.603255235330707,0.45919562651072016,0.7162002236686099,9.726898409289333e-12,9.726898409289333e-12,scipy_spearman_asymptotic_no_ties_n_gt_30,0,,paired_case_bca_bootstrap,20000,0.023982575402249462,C3L-03743,evaluable,,rna_vs_phosphoproteomics,within_cancer,pdac,tgfb_emt_exclusion_context,tgfb_emt_exclusion_context,TGF/EMT,TGF/EMT,phosphoproteomics,cptac_primary_10_cancers_x_8_programs_x_2_layers,1.7188628695867452e-11,1.7188628695867452e-11
105,105,0,105,105,0,0,0.01215011403690649,-0.18239867941666651,0.20949679030946194,0.9020945825621803,0.9020945825621803,scipy_spearman_asymptotic_no_ties_n_gt_30,0,,paired_case_bca_bootstrap,20000,0.028772326775624087,C3L-03639,evaluable,,rna_vs_proteomics,within_cancer,pdac,proteasome_antigen_processing,proteasome_antigen_processing,Proteasome,Proteasome,proteomics,cptac_primary_10_cancers_x_8_programs_x_2_layers,0.9020945825621803,0.9020945825621803
105,105,0,105,105,0,0,0.32483931163176444,0.13296627259789182,0.49155050603153244,0.0007223752352563881,0.0007223752352563881,scipy_spearman_asymptotic_no_ties_n_gt_30,0,,paired_case_bca_bootstrap,20000,0.03692319770356045,C3N-00709,evaluable,,rna_vs_phosphoproteomics,within_cancer,pdac,proteasome_antigen_processing,proteasome_antigen_processing,Proteasome,Proteasome,phosphoproteomics,cptac_primary_10_cancers_x_8_programs_x_2_layers,0.0008174246083164392,0.0008174246083164392
95,95,0,95,95,0,0,0.6074048152295632,0.4321902783524574,0.7418488097283198,6.742431691069667e-11,6.742431691069667e-11,scipy_spearman_asymptotic_no_ties_n_gt_30,0,,paired_case_bca_bootstrap,20000,0.030929180363399977,C3L-00008,evaluable,,rna_vs_proteomics,within_cancer,ucec,antigen_presentation_mhc_i,antigen_presentation_mhc_i,MHC-I,MHC-I,proteomics,cptac_primary_10_cancers_x_8_programs_x_2_layers,1.129576218374009e-10,1.129576218374009e-10
95,89,6,89,89,0,0,0.49695267279536953,0.3043044507650252,0.6435229398322208,7.283680186696253e-07,7.283680186696253e-07,scipy_spearman_asymptotic_no_ties_n_gt_30,0,,paired_case_bca_bootstrap,20000,0.03590985406173314,C3L-01925,evaluable,,rna_vs_phosphoproteomics,within_cancer,ucec,antigen_presentation_mhc_i,antigen_presentation_mhc_i,MHC-I,MHC-I,phosphoproteomics,cptac_primary_10_cancers_x_8_programs_x_2_layers,9.587701470243027e-07,9.587701470243027e-07
95,95,0,95,95,0,0,0.7461646136618141,0.6268007422458881,0.8253027326258314,4.062238229748725e-18,4.062238229748725e-18,scipy_spearman_asymptotic_no_ties_n_gt_30,0,,paired_case_bca_bootstrap,20000,0.018658563017014185,C3N-00321,evaluable,,rna_vs_proteomics,within_cancer,ucec,antigen_presentation_mhc_ii,antigen_presentation_mhc_ii,MHC-II,MHC-II,proteomics,cptac_primary_10_cancers_x_8_programs_x_2_layers,9.887334559199727e-18,9.887334559199727e-18
95,0,95,0,0,,,,,,,,,0,,,0,,,not_evaluable,complete_pair_n_below_20,rna_vs_phosphoproteomics,within_cancer,ucec,antigen_presentation_mhc_ii,antigen_presentation_mhc_ii,MHC-II,MHC-II,phosphoproteomics,cptac_primary_10_cancers_x_8_programs_x_2_layers,,
95,95,0,95,95,0,0,0.8672172452407615,0.7785808508028539,0.9180573985096842,6.509641497076337e-30,6.509641497076337e-30,scipy_spearman_asymptotic_no_ties_n_gt_30,0,,paired_case_bca_bootstrap,20000,0.01714499873568609,C3L-01925,evaluable,,rna_vs_proteomics,within_cancer,ucec,ifn_gamma_response,ifn_gamma_response,IFN-gamma,IFN-gamma,proteomics,cptac_primary_10_cancers_x_8_programs_x_2_layers,4.9396691360167495e-29,4.9396691360167495e-29
95,95,0,95,95,0,0,0.6643756998880179,0.5416862710799036,0.7630081434072635,2.1324582044667712e-13,2.1324582044667712e-13,scipy_spearman_asymptotic_no_ties_n_gt_30,0,,paired_case_bca_bootstrap,20000,0.01765298197449694,C3N-00323,evaluable,,rna_vs_phosphoproteomics,within_cancer,ucec,ifn_gamma_response,ifn_gamma_response,IFN-gamma,IFN-gamma,phosphoproteomics,cptac_primary_10_cancers_x_8_programs_x_2_layers,3.98676968661179e-13,3.98676968661179e-13
95,90,5,90,90,0,0,0.7580606659258343,0.6623449750762056,0.8330288732188759,5.1266430991161896e-18,5.1266430991161896e-18,scipy_spearman_asymptotic_no_ties_n_gt_30,0,,paired_case_bca_bootstrap,20000,0.015058162810972164,C3N-00377,evaluable,,rna_vs_proteomics,within_cancer,ucec,cytolytic_t_cell_context,cytolytic_t_cell_context,Cytolytic,Cytolytic,proteomics,cptac_primary_10_cancers_x_8_programs_x_2_layers,1.2246980736777563e-17,1.2246980736777563e-17
95,0,95,0,0,,,,,,,,,0,,,0,,,not_evaluable,complete_pair_n_below_20,rna_vs_phosphoproteomics,within_cancer,ucec,cytolytic_t_cell_context,cytolytic_t_cell_context,Cytolytic,Cytolytic,phosphoproteomics,cptac_primary_10_cancers_x_8_programs_x_2_layers,,
95,43,52,43,43,0,0,0.56916339474479,0.21025423836400725,0.7973365072198849,6.810890822753237e-05,6.810890822753237e-05,scipy_spearman_asymptotic_no_ties_n_gt_30,0,,paired_case_bca_bootstrap,20000,0.08321485661247441,C3L-01925,evaluable,,rna_vs_proteomics,within_cancer,ucec,checkpoint_exhaustion_context,checkpoint_exhaustion_context,Checkpoint,Checkpoint,proteomics,cptac_primary_10_cancers_x_8_programs_x_2_layers,8.060595560873097e-05,8.060595560873097e-05
95,31,64,31,31,0,0,0.6939516129032259,0.42710999923130866,0.8381415646555967,1.4950996470645712e-05,1.4950996470645712e-05,scipy_spearman_asymptotic_no_ties_n_gt_30,0,,paired_case_bca_bootstrap,20000,0.05910734149054486,C3L-01925,evaluable,,rna_vs_phosphoproteomics,within_cancer,ucec,checkpoint_exhaustion_context,checkpoint_exhaustion_context,Checkpoint,Checkpoint,phosphoproteomics,cptac_primary_10_cancers_x_8_programs_x_2_layers,1.8075710074504192e-05,1.8075710074504192e-05
95,95,0,95,95,0,0,0.6697788353863381,0.5027315892490583,0.7863483366867207,1.1566909224730675e-13,1.1566909224730675e-13,scipy_spearman_asymptotic_no_ties_n_gt_30,0,,paired_case_bca_bootstrap,20000,0.024488404435935585,C3N-00335,evaluable,,rna_vs_proteomics,within_cancer,ucec,myeloid_inflammatory_context,myeloid_inflammatory_context,Myeloid,Myeloid,proteomics,cptac_primary_10_cancers_x_8_programs_x_2_layers,2.22706162685113e-13,2.22706162685113e-13
95,0,95,0,0,,,,,,,,,0,,,0,,,not_evaluable,complete_pair_n_below_20,rna_vs_phosphoproteomics,within_cancer,ucec,myeloid_inflammatory_context,myeloid_inflammatory_context,Myeloid,Myeloid,phosphoproteomics,cptac_primary_10_cancers_x_8_programs_x_2_layers,,
95,95,0,95,95,0,0,0.7550811870100783,0.6457126654077611,0.8314429309493406,9.649510944556748e-19,9.649510944556748e-19,scipy_spearman_asymptotic_no_ties_n_gt_30,0,,paired_case_bca_bootstrap,20000,0.02144592349095109,C3N-01217,evaluable,,rna_vs_proteomics,within_cancer,ucec,tgfb_emt_exclusion_context,tgfb_emt_exclusion_context,TGF/EMT,TGF/EMT,proteomics,cptac_primary_10_cancers_x_8_programs_x_2_layers,2.3938209843227316e-18,2.3938209843227316e-18
95,95,0,95,95,0,0,0.5185190369540874,0.34948598812271703,0.6536434216687746,7.346387260709807e-08,7.346387260709807e-08,scipy_spearman_asymptotic_no_ties_n_gt_30,0,,paired_case_bca_bootstrap,20000,0.03261342701296821,C3N-00335,evaluable,,rna_vs_phosphoproteomics,within_cancer,ucec,tgfb_emt_exclusion_context,tgfb_emt_exclusion_context,TGF/EMT,TGF/EMT,phosphoproteomics,cptac_primary_10_cancers_x_8_programs_x_2_layers,1.0081744219484735e-07,1.0081744219484735e-07
95,95,0,95,95,0,0,0.3169652855543113,0.11141520326418511,0.49475453781761164,0.001750377709805871,0.001750377709805871,scipy_spearman_asymptotic_no_ties_n_gt_30,0,,paired_case_bca_bootstrap,20000,0.02849582776433196,C3N-00729,evaluable,,rna_vs_proteomics,within_cancer,ucec,proteasome_antigen_processing,proteasome_antigen_processing,Proteasome,Proteasome,proteomics,cptac_primary_10_cancers_x_8_programs_x_2_layers,0.0019465407290082531,0.0019465407290082531
95,95,0,95,95,0,0,0.37956326987681965,0.1922688967770291,0.5395415630695949,0.00014851436092347802,0.00014851436092347802,scipy_spearman_asymptotic_no_ties_n_gt_30,0,,paired_case_bca_bootstrap,20000,0.03104974171874436,C3L-00006,evaluable,,rna_vs_phosphoproteomics,within_cancer,ucec,proteasome_antigen_processing,proteasome_antigen_processing,Proteasome,Proteasome,phosphoproteomics,cptac_primary_10_cancers_x_8_programs_x_2_layers,0.00017259777080296093,0.00017259777080296093
