eligible_pair_rows,complete_pair_n,missing_pair_n,x_distinct_n,y_distinct_n,x_tie_fraction,y_tie_fraction,spearman_rho,ci_lower,ci_upper,p_value,p_value_asymptotic,p_value_method,permutation_resamples,ci_method,ci_resamples,max_abs_leave_one_out_rho_delta,most_influential_case_id,status,reason,comparison,comparison_scope,cancer,program,signature,program_label,signature_label,comparison_layer,fdr_family,q_value_bh,fdr_bh
121,121,0,121,121,0,0,0.7868242785530414,0.7077243847021938,0.8464419305663287,1.0567211370837268e-26,1.0567211370837268e-26,scipy_spearman_asymptotic,0,fisher_z_approximation_sensitivity_only,0,0.028669852983870703,09BR004,evaluable,,rna_vs_proteomics,within_cancer,brca,antigen_presentation_mhc_i,antigen_presentation_mhc_i,MHC-I,MHC-I,proteomics,cptac_feature_row_sensitivity_10x8x2,6.815851334190039e-26,6.815851334190039e-26
121,61,60,61,61,0,0,0.3911686938127974,0.1545741911543406,0.5853316918241751,0.0018261195174298804,0.0018261195174298804,scipy_spearman_asymptotic,0,fisher_z_approximation_sensitivity_only,0,0.059400908854610246,09BR004,evaluable,,rna_vs_phosphoproteomics,within_cancer,brca,antigen_presentation_mhc_i,antigen_presentation_mhc_i,MHC-I,MHC-I,phosphoproteomics,cptac_feature_row_sensitivity_10x8x2,0.002013413826909868,0.002013413826909868
121,121,0,121,121,0,0,0.757424468229237,0.6694338081128799,0.8244564349953264,8.909320650922255e-24,8.909320650922255e-24,scipy_spearman_asymptotic,0,fisher_z_approximation_sensitivity_only,0,0.01610841599883428,11BR053,evaluable,,rna_vs_proteomics,within_cancer,brca,antigen_presentation_mhc_ii,antigen_presentation_mhc_ii,MHC-II,MHC-II,proteomics,cptac_feature_row_sensitivity_10x8x2,4.256675422107299e-23,4.256675422107299e-23
121,0,121,0,0,,,,,,,,,0,,0,,,not_evaluable,complete_pair_n_below_20,rna_vs_phosphoproteomics,within_cancer,brca,antigen_presentation_mhc_ii,antigen_presentation_mhc_ii,MHC-II,MHC-II,phosphoproteomics,cptac_feature_row_sensitivity_10x8x2,,
121,121,0,121,121,0,0,0.8575531770762768,0.801786287246968,0.8985139393243542,3.741582733694192e-36,3.741582733694192e-36,scipy_spearman_asymptotic,0,fisher_z_approximation_sensitivity_only,0,0.03360593119513089,09BR004,evaluable,,rna_vs_proteomics,within_cancer,brca,ifn_gamma_response,ifn_gamma_response,IFN-gamma,IFN-gamma,proteomics,cptac_feature_row_sensitivity_10x8x2,6.033302158081885e-35,6.033302158081885e-35
121,111,10,111,111,0,0,0.7247542997542997,0.6224472019216415,0.8027098817717785,2.426474183195604e-19,2.426474183195604e-19,scipy_spearman_asymptotic,0,fisher_z_approximation_sensitivity_only,0,0.029563487591010573,09BR004,evaluable,,rna_vs_phosphoproteomics,within_cancer,brca,ifn_gamma_response,ifn_gamma_response,IFN-gamma,IFN-gamma,phosphoproteomics,cptac_feature_row_sensitivity_10x8x2,7.113981128005294e-19,7.113981128005294e-19
121,115,6,115,115,0,0,0.7984060601278308,0.7206524626904746,0.8563248306039334,1.186394872822261e-26,1.186394872822261e-26,scipy_spearman_asymptotic,0,fisher_z_approximation_sensitivity_only,0,0.024943001252052288,09BR004,evaluable,,rna_vs_proteomics,within_cancer,brca,cytolytic_t_cell_context,cytolytic_t_cell_context,Cytolytic,Cytolytic,proteomics,cptac_feature_row_sensitivity_10x8x2,7.287854218765318e-26,7.287854218765318e-26
121,0,121,0,0,,,,,,,,,0,,0,,,not_evaluable,complete_pair_n_below_20,rna_vs_phosphoproteomics,within_cancer,brca,cytolytic_t_cell_context,cytolytic_t_cell_context,Cytolytic,Cytolytic,phosphoproteomics,cptac_feature_row_sensitivity_10x8x2,,
121,75,46,75,75,0,0,0.5163869132290184,0.3278490140059872,0.6653675923237655,2.112777425990958e-06,2.112777425990958e-06,scipy_spearman_asymptotic,0,fisher_z_approximation_sensitivity_only,0,0.050114382587345685,09BR004,evaluable,,rna_vs_proteomics,within_cancer,brca,checkpoint_exhaustion_context,checkpoint_exhaustion_context,Checkpoint,Checkpoint,proteomics,cptac_feature_row_sensitivity_10x8x2,2.8390446661753497e-06,2.8390446661753497e-06
121,33,88,33,33,0,0,0.8332219251336899,0.686203096528174,0.9148388933548461,1.7756546352083842e-09,1.7756546352083842e-09,scipy_spearman_asymptotic,0,fisher_z_approximation_sensitivity_only,0,0.026382180438157432,05BR001,evaluable,,rna_vs_phosphoproteomics,within_cancer,brca,checkpoint_exhaustion_context,checkpoint_exhaustion_context,Checkpoint,Checkpoint,phosphoproteomics,cptac_feature_row_sensitivity_10x8x2,2.8994866828086276e-09,2.8994866828086276e-09
121,121,0,121,121,0,0,0.57110825091451,0.4371780143956187,0.6802586434798953,7.913334422901034e-12,7.913334422901034e-12,scipy_spearman_asymptotic,0,fisher_z_approximation_sensitivity_only,0,0.02903759254684135,09BR004,evaluable,,rna_vs_proteomics,within_cancer,brca,myeloid_inflammatory_context,myeloid_inflammatory_context,Myeloid,Myeloid,proteomics,cptac_feature_row_sensitivity_10x8x2,1.4377748458510329e-11,1.4377748458510329e-11
121,40,81,40,40,0,0,0.4962476547842402,0.218518097145176,0.6996076125684852,0.0011272760350405614,0.0011272760350405614,scipy_spearman_asymptotic,0,fisher_z_approximation_sensitivity_only,0,0.06063493630887723,11BR004,evaluable,,rna_vs_phosphoproteomics,within_cancer,brca,myeloid_inflammatory_context,myeloid_inflammatory_context,Myeloid,Myeloid,phosphoproteomics,cptac_feature_row_sensitivity_10x8x2,0.0012756018291248457,0.0012756018291248457
121,121,0,121,121,0,0,0.8315810865736348,0.7669221359190156,0.879525788444203,3.5495634545670705e-32,3.5495634545670705e-32,scipy_spearman_asymptotic,0,fisher_z_approximation_sensitivity_only,0,0.00747718136163833,03BR006,evaluable,,rna_vs_proteomics,within_cancer,brca,tgfb_emt_exclusion_context,tgfb_emt_exclusion_context,TGF/EMT,TGF/EMT,proteomics,cptac_feature_row_sensitivity_10x8x2,4.5789368563915205e-31,4.5789368563915205e-31
121,121,0,121,121,0,0,0.7097615499254841,0.6083349592120236,0.7883784369895125,7.984696025447348e-20,7.984696025447348e-20,scipy_spearman_asymptotic,0,fisher_z_approximation_sensitivity_only,0,0.017657020808594548,01BR001,evaluable,,rna_vs_phosphoproteomics,within_cancer,brca,tgfb_emt_exclusion_context,tgfb_emt_exclusion_context,TGF/EMT,TGF/EMT,phosphoproteomics,cptac_feature_row_sensitivity_10x8x2,2.452442350673114e-19,2.452442350673114e-19
121,121,0,121,121,0,0,0.25508738653299007,0.08024456802945085,0.41470163442270513,0.004747193629580109,0.004747193629580109,scipy_spearman_asymptotic,0,fisher_z_approximation_sensitivity_only,0,0.02815450526505142,03BR006,evaluable,,rna_vs_proteomics,within_cancer,brca,proteasome_antigen_processing,proteasome_antigen_processing,Proteasome,Proteasome,proteomics,cptac_feature_row_sensitivity_10x8x2,0.0051461174639986056,0.0051461174639986056
121,121,0,121,121,0,0,0.23928329494648418,0.06349887938448757,0.40066684905877264,0.008209975445224909,0.008209975445224909,scipy_spearman_asymptotic,0,fisher_z_approximation_sensitivity_only,0,0.021818170433056033,20BR005,evaluable,,rna_vs_phosphoproteomics,within_cancer,brca,proteasome_antigen_processing,proteasome_antigen_processing,Proteasome,Proteasome,phosphoproteomics,cptac_feature_row_sensitivity_10x8x2,0.008681039610114863,0.008681039610114863
103,103,0,103,103,0,0,0.7617844748056055,0.666521068802122,0.8325684914386597,9.364337484080888e-21,9.364337484080888e-21,scipy_spearman_asymptotic,0,fisher_z_approximation_sensitivity_only,0,0.025776805594279195,C3L-00610,evaluable,,rna_vs_proteomics,within_cancer,ccrcc,antigen_presentation_mhc_i,antigen_presentation_mhc_i,MHC-I,MHC-I,proteomics,cptac_feature_row_sensitivity_10x8x2,3.3555542651289846e-20,3.3555542651289846e-20
103,98,5,98,98,0,0,0.5005004813546786,0.3353868790148413,0.6357819428282886,1.53778879602962e-07,1.53778879602962e-07,scipy_spearman_asymptotic,0,fisher_z_approximation_sensitivity_only,0,0.024588935855504368,C3L-00610,evaluable,,rna_vs_phosphoproteomics,within_cancer,ccrcc,antigen_presentation_mhc_i,antigen_presentation_mhc_i,MHC-I,MHC-I,phosphoproteomics,cptac_feature_row_sensitivity_10x8x2,2.1799423592068237e-07,2.1799423592068237e-07
103,103,0,103,103,0,0,0.8558625840179239,0.7938184879102613,0.9002743417338308,1.1080576834390945e-30,1.1080576834390945e-30,scipy_spearman_asymptotic,0,fisher_z_approximation_sensitivity_only,0,0.013021391758294532,C3L-00791,evaluable,,rna_vs_proteomics,within_cancer,ccrcc,antigen_presentation_mhc_ii,antigen_presentation_mhc_ii,MHC-II,MHC-II,proteomics,cptac_feature_row_sensitivity_10x8x2,9.529296077576213e-30,9.529296077576213e-30
103,0,103,0,0,,,,,,,,,0,,0,,,not_evaluable,complete_pair_n_below_20,rna_vs_phosphoproteomics,within_cancer,ccrcc,antigen_presentation_mhc_ii,antigen_presentation_mhc_ii,MHC-II,MHC-II,phosphoproteomics,cptac_feature_row_sensitivity_10x8x2,,
103,103,0,103,103,0,0,0.8571146158239249,0.7955500862713298,0.9011611418930405,7.368759011208953e-31,7.368759011208953e-31,scipy_spearman_asymptotic,0,fisher_z_approximation_sensitivity_only,0,0.00915699134821435,C3L-00796,evaluable,,rna_vs_proteomics,within_cancer,ccrcc,ifn_gamma_response,ifn_gamma_response,IFN-gamma,IFN-gamma,proteomics,cptac_feature_row_sensitivity_10x8x2,6.972993618324055e-30,6.972993618324055e-30
103,91,12,91,91,0,0,0.682688326166587,0.5547374199784442,0.7790953698004274,9.115630750268773e-14,9.115630750268773e-14,scipy_spearman_asymptotic,0,fisher_z_approximation_sensitivity_only,0,0.01855874137261526,C3L-00765,evaluable,,rna_vs_phosphoproteomics,within_cancer,ccrcc,ifn_gamma_response,ifn_gamma_response,IFN-gamma,IFN-gamma,phosphoproteomics,cptac_feature_row_sensitivity_10x8x2,1.8373693231010496e-13,1.8373693231010496e-13
103,103,0,103,103,0,0,0.7877696261476959,0.7011349909471604,0.851483241615367,5.562600345658842e-23,5.562600345658842e-23,scipy_spearman_asymptotic,0,fisher_z_approximation_sensitivity_only,0,0.01639320018633672,C3N-00495,evaluable,,rna_vs_proteomics,within_cancer,ccrcc,cytolytic_t_cell_context,cytolytic_t_cell_context,Cytolytic,Cytolytic,proteomics,cptac_feature_row_sensitivity_10x8x2,2.474398084793071e-22,2.474398084793071e-22
103,0,103,0,0,,,,,,,,,0,,0,,,not_evaluable,complete_pair_n_below_20,rna_vs_phosphoproteomics,within_cancer,ccrcc,cytolytic_t_cell_context,cytolytic_t_cell_context,Cytolytic,Cytolytic,phosphoproteomics,cptac_feature_row_sensitivity_10x8x2,,
103,35,68,35,35,0,0,0.38851540616246505,0.06348885338975414,0.6390263092160621,0.0210852609174939,0.0210852609174939,scipy_spearman_asymptotic,0,fisher_z_approximation_sensitivity_only,0,0.08864272981920035,C3N-01808,evaluable,,rna_vs_proteomics,within_cancer,ccrcc,checkpoint_exhaustion_context,checkpoint_exhaustion_context,Checkpoint,Checkpoint,proteomics,cptac_feature_row_sensitivity_10x8x2,0.021759989266853706,0.021759989266853706
103,31,72,31,31,0,0,0.8302419354838709,0.6742614659038584,0.9153090823732214,7.596147124144996e-09,7.596147124144996e-09,scipy_spearman_asymptotic,0,fisher_z_approximation_sensitivity_only,0,0.028712458286985543,C3N-00246,evaluable,,rna_vs_phosphoproteomics,within_cancer,ccrcc,checkpoint_exhaustion_context,checkpoint_exhaustion_context,Checkpoint,Checkpoint,phosphoproteomics,cptac_feature_row_sensitivity_10x8x2,1.180605998812897e-08,1.180605998812897e-08
103,103,0,103,103,0,0,0.7872314721258183,0.7004139698323618,0.8510931900795252,6.230244569140904e-23,6.230244569140904e-23,scipy_spearman_asymptotic,0,fisher_z_approximation_sensitivity_only,0,0.010519176725474533,C3L-00791,evaluable,,rna_vs_proteomics,within_cancer,ccrcc,myeloid_inflammatory_context,myeloid_inflammatory_context,Myeloid,Myeloid,proteomics,cptac_feature_row_sensitivity_10x8x2,2.6790051647305887e-22,2.6790051647305887e-22
103,9,94,9,9,0,0,,,,,,,0,,0,,,not_evaluable,complete_pair_n_below_20,rna_vs_phosphoproteomics,within_cancer,ccrcc,myeloid_inflammatory_context,myeloid_inflammatory_context,Myeloid,Myeloid,phosphoproteomics,cptac_feature_row_sensitivity_10x8x2,,
103,103,0,103,103,0,0,0.8025853358520405,0.7210549710477692,0.8621939813740274,2.144437315796934e-24,2.144437315796934e-24,scipy_spearman_asymptotic,0,fisher_z_approximation_sensitivity_only,0,0.015464887217096934,C3L-00418,evaluable,,rna_vs_proteomics,within_cancer,ccrcc,tgfb_emt_exclusion_context,tgfb_emt_exclusion_context,TGF/EMT,TGF/EMT,proteomics,cptac_feature_row_sensitivity_10x8x2,1.0639708220684787e-23,1.0639708220684787e-23
103,103,0,103,103,0,0,0.5239533453411237,0.36771411829931816,0.6514248965326961,1.3497863560803804e-08,1.3497863560803804e-08,scipy_spearman_asymptotic,0,fisher_z_approximation_sensitivity_only,0,0.026798417442236322,C3N-00491,evaluable,,rna_vs_phosphoproteomics,within_cancer,ccrcc,tgfb_emt_exclusion_context,tgfb_emt_exclusion_context,TGF/EMT,TGF/EMT,phosphoproteomics,cptac_feature_row_sensitivity_10x8x2,2.0484992933455185e-08,2.0484992933455185e-08
103,103,0,103,103,0,0,0.41616878267363705,0.24214632215881968,0.5642494072457517,1.2303166220947983e-05,1.2303166220947983e-05,scipy_spearman_asymptotic,0,fisher_z_approximation_sensitivity_only,0,0.02508967783831928,C3L-01287,evaluable,,rna_vs_proteomics,within_cancer,ccrcc,proteasome_antigen_processing,proteasome_antigen_processing,Proteasome,Proteasome,proteomics,cptac_feature_row_sensitivity_10x8x2,1.5713944975270197e-05,1.5713944975270197e-05
103,103,0,103,103,0,0,0.4343122611255107,0.2628829431269231,0.5791585700622837,4.570471968282998e-06,4.570471968282998e-06,scipy_spearman_asymptotic,0,fisher_z_approximation_sensitivity_only,0,0.020720506571590303,C3L-01861,evaluable,,rna_vs_phosphoproteomics,within_cancer,ccrcc,proteasome_antigen_processing,proteasome_antigen_processing,Proteasome,Proteasome,phosphoproteomics,cptac_feature_row_sensitivity_10x8x2,6.016233509270477e-06,6.016233509270477e-06
96,96,0,96,96,0,0,0.7736570808464461,0.6783952379062359,0.8433354769991188,2.4751823792970575e-20,2.4751823792970575e-20,scipy_spearman_asymptotic,0,fisher_z_approximation_sensitivity_only,0,0.02043586428233335,11CO021,evaluable,,rna_vs_proteomics,within_cancer,coad,antigen_presentation_mhc_i,antigen_presentation_mhc_i,MHC-I,MHC-I,proteomics,cptac_feature_row_sensitivity_10x8x2,8.42486431589126e-20,8.42486431589126e-20
96,82,14,82,82,0,0,0.5415156561204166,0.36772036366635447,0.6787598421811041,1.494051346402054e-07,1.494051346402054e-07,scipy_spearman_asymptotic,0,fisher_z_approximation_sensitivity_only,0,0.027657785614000674,11CO048,evaluable,,rna_vs_phosphoproteomics,within_cancer,coad,antigen_presentation_mhc_i,antigen_presentation_mhc_i,MHC-I,MHC-I,phosphoproteomics,cptac_feature_row_sensitivity_10x8x2,2.141473596509611e-07,2.141473596509611e-07
96,96,0,96,96,0,0,0.7557107976125882,0.6543677072552028,0.8303855338936119,5.666584428575118e-19,5.666584428575118e-19,scipy_spearman_asymptotic,0,fisher_z_approximation_sensitivity_only,0,0.016405663753593203,01CO014,evaluable,,rna_vs_proteomics,within_cancer,coad,antigen_presentation_mhc_ii,antigen_presentation_mhc_ii,MHC-II,MHC-II,proteomics,cptac_feature_row_sensitivity_10x8x2,1.55529657720466e-18,1.55529657720466e-18
0,0,0,0,0,,,,,,,,,0,,0,,,not_evaluable,complete_pair_n_below_20,rna_vs_phosphoproteomics,within_cancer,coad,antigen_presentation_mhc_ii,antigen_presentation_mhc_ii,MHC-II,MHC-II,phosphoproteomics,cptac_feature_row_sensitivity_10x8x2,,
96,96,0,96,96,0,0,0.7656266956049919,0.6676184399563022,0.8375507803257598,1.0399110331542929e-19,1.0399110331542929e-19,scipy_spearman_asymptotic,0,fisher_z_approximation_sensitivity_only,0,0.01488842197619511,05CO028,evaluable,,rna_vs_proteomics,within_cancer,coad,ifn_gamma_response,ifn_gamma_response,IFN-gamma,IFN-gamma,proteomics,cptac_feature_row_sensitivity_10x8x2,3.1197330994628785e-19,3.1197330994628785e-19
96,68,28,68,68,0,0,0.37744779936633965,0.15277103636883446,0.5650246153739963,0.001508398651216678,0.001508398651216678,scipy_spearman_asymptotic,0,fisher_z_approximation_sensitivity_only,0,0.031603202309771816,05CO044,evaluable,,rna_vs_phosphoproteomics,within_cancer,coad,ifn_gamma_response,ifn_gamma_response,IFN-gamma,IFN-gamma,phosphoproteomics,cptac_feature_row_sensitivity_10x8x2,0.0016920297913647954,0.0016920297913647954
96,47,49,47,47,0,0,0.7104532839962997,0.5317793540161532,0.8285753160249189,2.2202581150711043e-08,2.2202581150711043e-08,scipy_spearman_asymptotic,0,fisher_z_approximation_sensitivity_only,0,0.0554424915201972,09CO018,evaluable,,rna_vs_proteomics,within_cancer,coad,cytolytic_t_cell_context,cytolytic_t_cell_context,Cytolytic,Cytolytic,proteomics,cptac_feature_row_sensitivity_10x8x2,3.2892760852136657e-08,3.2892760852136657e-08
96,0,96,0,0,,,,,,,,,0,,0,,,not_evaluable,complete_pair_n_below_20,rna_vs_phosphoproteomics,within_cancer,coad,cytolytic_t_cell_context,cytolytic_t_cell_context,Cytolytic,Cytolytic,phosphoproteomics,cptac_feature_row_sensitivity_10x8x2,,
96,0,96,0,0,,,,,,,,,0,,0,,,not_evaluable,complete_pair_n_below_20,rna_vs_proteomics,within_cancer,coad,checkpoint_exhaustion_context,checkpoint_exhaustion_context,Checkpoint,Checkpoint,proteomics,cptac_feature_row_sensitivity_10x8x2,,
96,25,71,25,25,0,0,0.4461538461538462,0.06194279053136051,0.7152023211806413,0.025385437402565783,0.025385437402565783,scipy_spearman_asymptotic,0,fisher_z_approximation_sensitivity_only,0,0.11732441471571903,11CO061,evaluable,,rna_vs_phosphoproteomics,within_cancer,coad,checkpoint_exhaustion_context,checkpoint_exhaustion_context,Checkpoint,Checkpoint,phosphoproteomics,cptac_feature_row_sensitivity_10x8x2,0.02598985257881735,0.02598985257881735
96,96,0,96,96,0,0,0.5855805751492132,0.4363187457825221,0.7034777564176499,3.6888252445482e-10,3.6888252445482e-10,scipy_spearman_asymptotic,0,fisher_z_approximation_sensitivity_only,0,0.04144910010274638,05CO044,evaluable,,rna_vs_proteomics,within_cancer,coad,myeloid_inflammatory_context,myeloid_inflammatory_context,Myeloid,Myeloid,proteomics,cptac_feature_row_sensitivity_10x8x2,6.261295480877866e-10,6.261295480877866e-10
96,0,96,0,0,,,,,,,,,0,,0,,,not_evaluable,complete_pair_n_below_20,rna_vs_phosphoproteomics,within_cancer,coad,myeloid_inflammatory_context,myeloid_inflammatory_context,Myeloid,Myeloid,phosphoproteomics,cptac_feature_row_sensitivity_10x8x2,,
96,96,0,96,96,0,0,0.5422273467173088,0.3834229085072113,0.669890220831783,1.156883436762659e-08,1.156883436762659e-08,scipy_spearman_asymptotic,0,fisher_z_approximation_sensitivity_only,0,0.02701957377541242,05CO002,evaluable,,rna_vs_proteomics,within_cancer,coad,tgfb_emt_exclusion_context,tgfb_emt_exclusion_context,TGF/EMT,TGF/EMT,proteomics,cptac_feature_row_sensitivity_10x8x2,1.7766424207426548e-08,1.7766424207426548e-08
96,96,0,96,96,0,0,0.583532284319045,0.43379616199172905,0.7019026257730484,4.391143750208743e-10,4.391143750208743e-10,scipy_spearman_asymptotic,0,fisher_z_approximation_sensitivity_only,0,0.02430646148162685,05CO002,evaluable,,rna_vs_phosphoproteomics,within_cancer,coad,tgfb_emt_exclusion_context,tgfb_emt_exclusion_context,TGF/EMT,TGF/EMT,phosphoproteomics,cptac_feature_row_sensitivity_10x8x2,7.356591477622441e-10,7.356591477622441e-10
96,96,0,96,96,0,0,0.4606890938686924,0.2866815403857846,0.6052711712334672,2.3229062138589005e-06,2.3229062138589005e-06,scipy_spearman_asymptotic,0,fisher_z_approximation_sensitivity_only,0,0.024221320465014184,15CO001,evaluable,,rna_vs_proteomics,within_cancer,coad,proteasome_antigen_processing,proteasome_antigen_processing,Proteasome,Proteasome,proteomics,cptac_feature_row_sensitivity_10x8x2,3.0892257895649297e-06,3.0892257895649297e-06
96,96,0,96,96,0,0,0.5539202387411829,0.39758768813032014,0.6790009408551645,4.793162511798633e-09,4.793162511798633e-09,scipy_spearman_asymptotic,0,fisher_z_approximation_sensitivity_only,0,0.031242135278973904,05CO002,evaluable,,rna_vs_phosphoproteomics,within_cancer,coad,proteasome_antigen_processing,proteasome_antigen_processing,Proteasome,Proteasome,phosphoproteomics,cptac_feature_row_sensitivity_10x8x2,7.633555111383007e-09,7.633555111383007e-09
99,99,0,99,99,0,0,0.7636116264687693,0.6667025144243078,0.8351308468393586,3.9164187733793157e-20,3.9164187733793157e-20,scipy_spearman_asymptotic,0,fisher_z_approximation_sensitivity_only,0,0.013294824959036888,C3L-02041,evaluable,,rna_vs_proteomics,within_cancer,gbm,antigen_presentation_mhc_i,antigen_presentation_mhc_i,MHC-I,MHC-I,proteomics,cptac_feature_row_sensitivity_10x8x2,1.2630450544148293e-19,1.2630450544148293e-19
99,99,0,99,99,0,0,0.3959059987631416,0.21532307579356214,0.5503076880458213,4.9873181456520106e-05,4.9873181456520106e-05,scipy_spearman_asymptotic,0,fisher_z_approximation_sensitivity_only,0,0.034986133159918165,C3N-01369,evaluable,,rna_vs_phosphoproteomics,within_cancer,gbm,antigen_presentation_mhc_i,antigen_presentation_mhc_i,MHC-I,MHC-I,phosphoproteomics,cptac_feature_row_sensitivity_10x8x2,6.012748044758031e-05,6.012748044758031e-05
99,99,0,99,99,0,0,0.8991713048855905,0.8532103260510173,0.9312752155045269,1.370097150174533e-36,1.370097150174533e-36,scipy_spearman_asymptotic,0,fisher_z_approximation_sensitivity_only,0,0.009275672780827415,C3N-03180,evaluable,,rna_vs_proteomics,within_cancer,gbm,antigen_presentation_mhc_ii,antigen_presentation_mhc_ii,MHC-II,MHC-II,proteomics,cptac_feature_row_sensitivity_10x8x2,2.9457088728752455e-35,2.9457088728752455e-35
99,0,99,0,0,,,,,,,,,0,,0,,,not_evaluable,complete_pair_n_below_20,rna_vs_phosphoproteomics,within_cancer,gbm,antigen_presentation_mhc_ii,antigen_presentation_mhc_ii,MHC-II,MHC-II,phosphoproteomics,cptac_feature_row_sensitivity_10x8x2,,
99,99,0,99,99,0,0,0.823104514533086,0.7470873309553423,0.8778706436454685,1.4240952143175837e-25,1.4240952143175837e-25,scipy_spearman_asymptotic,0,fisher_z_approximation_sensitivity_only,0,0.015670358115129734,C3N-03182,evaluable,,rna_vs_proteomics,within_cancer,gbm,ifn_gamma_response,ifn_gamma_response,IFN-gamma,IFN-gamma,proteomics,cptac_feature_row_sensitivity_10x8x2,7.987316636824709e-25,7.987316636824709e-25
99,99,0,99,99,0,0,0.6939393939393939,0.5753451615421492,0.7839556860477473,1.6777100948385748e-15,1.6777100948385748e-15,scipy_spearman_asymptotic,0,fisher_z_approximation_sensitivity_only,0,0.019504746603421053,C3L-01045,evaluable,,rna_vs_phosphoproteomics,within_cancer,gbm,ifn_gamma_response,ifn_gamma_response,IFN-gamma,IFN-gamma,phosphoproteomics,cptac_feature_row_sensitivity_10x8x2,3.7969228462136164e-15,3.7969228462136164e-15
99,18,81,18,18,0,0,,,,,,,0,,0,,,not_evaluable,complete_pair_n_below_20,rna_vs_proteomics,within_cancer,gbm,cytolytic_t_cell_context,cytolytic_t_cell_context,Cytolytic,Cytolytic,proteomics,cptac_feature_row_sensitivity_10x8x2,,
0,0,0,0,0,,,,,,,,,0,,0,,,not_evaluable,complete_pair_n_below_20,rna_vs_phosphoproteomics,within_cancer,gbm,cytolytic_t_cell_context,cytolytic_t_cell_context,Cytolytic,Cytolytic,phosphoproteomics,cptac_feature_row_sensitivity_10x8x2,,
99,90,9,90,90,0,0,0.6227517800551507,0.47720391751937014,0.7350466090801065,5.617239878038637e-11,5.617239878038637e-11,scipy_spearman_asymptotic,0,fisher_z_approximation_sensitivity_only,0,0.030125305406204506,C3L-02984,evaluable,,rna_vs_proteomics,within_cancer,gbm,checkpoint_exhaustion_context,checkpoint_exhaustion_context,Checkpoint,Checkpoint,proteomics,cptac_feature_row_sensitivity_10x8x2,9.926355400917591e-11,9.926355400917591e-11
99,26,73,26,26,0,0,0.5282051282051281,0.17708500888517792,0.7600498869564535,0.005542200006429499,0.005542200006429499,scipy_spearman_asymptotic,0,fisher_z_approximation_sensitivity_only,0,0.09717948717948732,C3L-01043,evaluable,,rna_vs_phosphoproteomics,within_cancer,gbm,checkpoint_exhaustion_context,checkpoint_exhaustion_context,Checkpoint,Checkpoint,phosphoproteomics,cptac_feature_row_sensitivity_10x8x2,0.005957865006911711,0.005957865006911711
99,99,0,99,99,0,0,0.8976747062461348,0.8510850208617733,0.9302376307185586,2.6989592045867398e-36,2.6989592045867398e-36,scipy_spearman_asymptotic,0,fisher_z_approximation_sensitivity_only,0,0.01152458734196582,C3N-02769,evaluable,,rna_vs_proteomics,within_cancer,gbm,myeloid_inflammatory_context,myeloid_inflammatory_context,Myeloid,Myeloid,proteomics,cptac_feature_row_sensitivity_10x8x2,4.973796248452706e-35,4.973796248452706e-35
99,99,0,99,99,0,0,0.761991341991342,0.6645443288187323,0.8339546246114908,5.227601557884609e-20,5.227601557884609e-20,scipy_spearman_asymptotic,0,fisher_z_approximation_sensitivity_only,0,0.01861293345829418,C3L-01048,evaluable,,rna_vs_phosphoproteomics,within_cancer,gbm,myeloid_inflammatory_context,myeloid_inflammatory_context,Myeloid,Myeloid,phosphoproteomics,cptac_feature_row_sensitivity_10x8x2,1.6447819535783282e-19,1.6447819535783282e-19
99,99,0,99,99,0,0,0.865269016697588,0.8054374550370219,0.9076424926151475,7.567589973374944e-31,7.567589973374944e-31,scipy_spearman_asymptotic,0,fisher_z_approximation_sensitivity_only,0,0.015316769631939064,C3N-03182,evaluable,,rna_vs_proteomics,within_cancer,gbm,tgfb_emt_exclusion_context,tgfb_emt_exclusion_context,TGF/EMT,TGF/EMT,proteomics,cptac_feature_row_sensitivity_10x8x2,6.972993618324055e-30,6.972993618324055e-30
99,99,0,99,99,0,0,0.5260729746444032,0.36674915819781784,0.6554176902748542,2.2438472519287022e-08,2.2438472519287022e-08,scipy_spearman_asymptotic,0,fisher_z_approximation_sensitivity_only,0,0.03261085502617167,C3L-02900,evaluable,,rna_vs_phosphoproteomics,within_cancer,gbm,tgfb_emt_exclusion_context,tgfb_emt_exclusion_context,TGF/EMT,TGF/EMT,phosphoproteomics,cptac_feature_row_sensitivity_10x8x2,3.2892760852136657e-08,3.2892760852136657e-08
99,99,0,99,99,0,0,0.34128633271490416,0.15426816286906336,0.5046948683062451,0.0005461535975077407,0.0005461535975077407,scipy_spearman_asymptotic,0,fisher_z_approximation_sensitivity_only,0,0.03675241793062106,C3L-01149,evaluable,,rna_vs_proteomics,within_cancer,gbm,proteasome_antigen_processing,proteasome_antigen_processing,Proteasome,Proteasome,proteomics,cptac_feature_row_sensitivity_10x8x2,0.0006234850803406952,0.0006234850803406952
99,99,0,99,99,0,0,0.19684601113172542,-0.000588691901668725,0.37951017460327763,0.05083491793411408,0.05083491793411408,scipy_spearman_asymptotic,0,fisher_z_approximation_sensitivity_only,0,0.023920458530178684,C3L-01157,evaluable,,rna_vs_phosphoproteomics,within_cancer,gbm,proteasome_antigen_processing,proteasome_antigen_processing,Proteasome,Proteasome,phosphoproteomics,cptac_feature_row_sensitivity_10x8x2,0.05123206573047434,0.05123206573047434
108,108,0,108,108,0,0,0.7601246105919003,0.6669545110037459,0.8298900405092007,1.4372405798750511e-21,1.4372405798750511e-21,scipy_spearman_asymptotic,0,fisher_z_approximation_sensitivity_only,0,0.02108191774917223,C3N-03011,evaluable,,rna_vs_proteomics,within_cancer,hnscc,antigen_presentation_mhc_i,antigen_presentation_mhc_i,MHC-I,MHC-I,proteomics,cptac_feature_row_sensitivity_10x8x2,5.618304084966109e-21,5.618304084966109e-21
108,108,0,108,108,0,0,0.46716587117856084,0.30512941696859386,0.6029133146590312,3.4528746128950267e-07,3.4528746128950267e-07,scipy_spearman_asymptotic,0,fisher_z_approximation_sensitivity_only,0,0.028229806636443366,C3N-03785,evaluable,,rna_vs_phosphoproteomics,within_cancer,hnscc,antigen_presentation_mhc_i,antigen_presentation_mhc_i,MHC-I,MHC-I,phosphoproteomics,cptac_feature_row_sensitivity_10x8x2,4.841530707211505e-07,4.841530707211505e-07
108,108,0,108,108,0,0,0.840578467518363,0.7746567574306638,0.8884279209347024,5.490347719828537e-30,5.490347719828537e-30,scipy_spearman_asymptotic,0,fisher_z_approximation_sensitivity_only,0,0.0149535766047586,C3N-00295,evaluable,,rna_vs_proteomics,within_cancer,hnscc,antigen_presentation_mhc_ii,antigen_presentation_mhc_ii,MHC-II,MHC-II,proteomics,cptac_feature_row_sensitivity_10x8x2,4.426592849111758e-29,4.426592849111758e-29
108,0,108,0,0,,,,,,,,,0,,0,,,not_evaluable,complete_pair_n_below_20,rna_vs_phosphoproteomics,within_cancer,hnscc,antigen_presentation_mhc_ii,antigen_presentation_mhc_ii,MHC-II,MHC-II,phosphoproteomics,cptac_feature_row_sensitivity_10x8x2,,
108,108,0,108,108,0,0,0.9495936818238113,0.9269615665010941,0.9653390217936627,3.2287126711707385e-55,3.2287126711707385e-55,scipy_spearman_asymptotic,0,fisher_z_approximation_sensitivity_only,0,0.005264367902868328,C3L-00977,evaluable,,rna_vs_proteomics,within_cancer,hnscc,ifn_gamma_response,ifn_gamma_response,IFN-gamma,IFN-gamma,proteomics,cptac_feature_row_sensitivity_10x8x2,4.1650393458102526e-53,4.1650393458102526e-53
108,108,0,108,108,0,0,0.8358626997056217,0.7682365341087515,0.8850391583888512,2.2590552031744206e-29,2.2590552031744206e-29,scipy_spearman_asymptotic,0,fisher_z_approximation_sensitivity_only,0,0.017367183325001978,C3N-03012,evaluable,,rna_vs_phosphoproteomics,within_cancer,hnscc,ifn_gamma_response,ifn_gamma_response,IFN-gamma,IFN-gamma,phosphoproteomics,cptac_feature_row_sensitivity_10x8x2,1.6189895622750013e-28,1.6189895622750013e-28
108,108,0,108,108,0,0,0.8949574628216487,0.8496854095284471,0.9271315438968818,6.033844523322581e-39,6.033844523322581e-39,scipy_spearman_asymptotic,0,fisher_z_approximation_sensitivity_only,0,0.016855072690410644,C3N-00295,evaluable,,rna_vs_proteomics,within_cancer,hnscc,cytolytic_t_cell_context,cytolytic_t_cell_context,Cytolytic,Cytolytic,proteomics,cptac_feature_row_sensitivity_10x8x2,1.5567318870172259e-37,1.5567318870172259e-37
108,0,108,0,0,,,,,,,,,0,,0,,,not_evaluable,complete_pair_n_below_20,rna_vs_phosphoproteomics,within_cancer,hnscc,cytolytic_t_cell_context,cytolytic_t_cell_context,Cytolytic,Cytolytic,phosphoproteomics,cptac_feature_row_sensitivity_10x8x2,,
108,62,46,62,62,0,0,0.7423887587822015,0.6047578432640885,0.8369630071719424,4.990972246602863e-12,4.990972246602863e-12,scipy_spearman_asymptotic,0,fisher_z_approximation_sensitivity_only,0,0.038203520435143745,C3N-04280,evaluable,,rna_vs_proteomics,within_cancer,hnscc,checkpoint_exhaustion_context,checkpoint_exhaustion_context,Checkpoint,Checkpoint,proteomics,cptac_feature_row_sensitivity_10x8x2,9.330948113214048e-12,9.330948113214048e-12
108,76,32,76,76,0,0,0.7482433356117566,0.6288764950385052,0.8331501139515508,7.943192921808429e-15,7.943192921808429e-15,scipy_spearman_asymptotic,0,fisher_z_approximation_sensitivity_only,0,0.017389665810718435,C3N-03782,evaluable,,rna_vs_phosphoproteomics,within_cancer,hnscc,checkpoint_exhaustion_context,checkpoint_exhaustion_context,Checkpoint,Checkpoint,phosphoproteomics,cptac_feature_row_sensitivity_10x8x2,1.6797899785463727e-14,1.6797899785463727e-14
108,108,0,108,108,0,0,0.7771299551287547,0.6893993468167848,0.8423924129704231,4.753649364458614e-23,4.753649364458614e-23,scipy_spearman_asymptotic,0,fisher_z_approximation_sensitivity_only,0,0.013745649800808835,C3N-00822,evaluable,,rna_vs_proteomics,within_cancer,hnscc,myeloid_inflammatory_context,myeloid_inflammatory_context,Myeloid,Myeloid,proteomics,cptac_feature_row_sensitivity_10x8x2,2.1900741714827187e-22,2.1900741714827187e-22
108,6,102,6,6,0,0,,,,,,,0,,0,,,not_evaluable,complete_pair_n_below_20,rna_vs_phosphoproteomics,within_cancer,hnscc,myeloid_inflammatory_context,myeloid_inflammatory_context,Myeloid,Myeloid,phosphoproteomics,cptac_feature_row_sensitivity_10x8x2,,
108,108,0,108,108,0,0,0.7548848685777434,0.6600726447003936,0.8260235966474458,3.883209167236132e-21,3.883209167236132e-21,scipy_spearman_asymptotic,0,fisher_z_approximation_sensitivity_only,0,0.015800293749104632,C3N-03933,evaluable,,rna_vs_proteomics,within_cancer,hnscc,tgfb_emt_exclusion_context,tgfb_emt_exclusion_context,TGF/EMT,TGF/EMT,proteomics,cptac_feature_row_sensitivity_10x8x2,1.4733352428631208e-20,1.4733352428631208e-20
108,108,0,108,108,0,0,0.3632856040469862,0.1871605131050543,0.5167817016251339,0.00011139175860469132,0.00011139175860469132,scipy_spearman_asymptotic,0,fisher_z_approximation_sensitivity_only,0,0.03554666147545743,C3N-03612,evaluable,,rna_vs_phosphoproteomics,within_cancer,hnscc,tgfb_emt_exclusion_context,tgfb_emt_exclusion_context,TGF/EMT,TGF/EMT,phosphoproteomics,cptac_feature_row_sensitivity_10x8x2,0.00013063215327277437,0.00013063215327277437
108,108,0,108,108,0,0,0.4521325749997618,0.2877438316580122,0.5906413665747113,9.008814299950157e-07,9.008814299950157e-07,scipy_spearman_asymptotic,0,fisher_z_approximation_sensitivity_only,0,0.02744186807318244,C3N-03612,evaluable,,rna_vs_proteomics,within_cancer,hnscc,proteasome_antigen_processing,proteasome_antigen_processing,Proteasome,Proteasome,proteomics,cptac_feature_row_sensitivity_10x8x2,1.2363160049931598e-06,1.2363160049931598e-06
108,108,0,108,108,0,0,0.5449141158649861,0.3968005368645783,0.6653716954868696,1.080826260531834e-09,1.080826260531834e-09,scipy_spearman_asymptotic,0,fisher_z_approximation_sensitivity_only,0,0.019291687540253122,C3N-00306,evaluable,,rna_vs_phosphoproteomics,within_cancer,hnscc,proteasome_antigen_processing,proteasome_antigen_processing,Proteasome,Proteasome,phosphoproteomics,cptac_feature_row_sensitivity_10x8x2,1.7875203539564948e-09,1.7875203539564948e-09
108,108,0,108,108,0,0,0.7742623872264615,0.6856026864956233,0.8402890833690136,8.623460982584944e-23,8.623460982584944e-23,scipy_spearman_asymptotic,0,fisher_z_approximation_sensitivity_only,0,0.01654464269183631,C3N-03882,evaluable,,rna_vs_proteomics,within_cancer,lscc,antigen_presentation_mhc_i,antigen_presentation_mhc_i,MHC-I,MHC-I,proteomics,cptac_feature_row_sensitivity_10x8x2,3.588472473398251e-22,3.588472473398251e-22
108,103,5,103,103,0,0,0.7622457496815006,0.6671319568722527,0.8329057015425728,8.599132667480509e-21,8.599132667480509e-21,scipy_spearman_asymptotic,0,fisher_z_approximation_sensitivity_only,0,0.01897120696562049,C3N-02288,evaluable,,rna_vs_phosphoproteomics,within_cancer,lscc,antigen_presentation_mhc_i,antigen_presentation_mhc_i,MHC-I,MHC-I,phosphoproteomics,cptac_feature_row_sensitivity_10x8x2,3.16939461172853e-20,3.16939461172853e-20
108,108,0,108,108,0,0,0.8536397153391064,0.7925100575078163,0.8977866154101908,8.477695704769716e-32,8.477695704769716e-32,scipy_spearman_asymptotic,0,fisher_z_approximation_sensitivity_only,0,0.01149283036124038,C3L-04391,evaluable,,rna_vs_proteomics,within_cancer,lscc,antigen_presentation_mhc_ii,antigen_presentation_mhc_ii,MHC-II,MHC-II,proteomics,cptac_feature_row_sensitivity_10x8x2,9.942024962866303e-31,9.942024962866303e-31
108,0,108,0,0,,,,,,,,,0,,0,,,not_evaluable,complete_pair_n_below_20,rna_vs_phosphoproteomics,within_cancer,lscc,antigen_presentation_mhc_ii,antigen_presentation_mhc_ii,MHC-II,MHC-II,phosphoproteomics,cptac_feature_row_sensitivity_10x8x2,,
108,108,0,108,108,0,0,0.9470023912277191,0.9232526040487281,0.9635420317324997,4.2998823820749336e-54,4.2998823820749336e-54,scipy_spearman_asymptotic,0,fisher_z_approximation_sensitivity_only,0,0.002702736223837543,C3L-02669,evaluable,,rna_vs_proteomics,within_cancer,lscc,ifn_gamma_response,ifn_gamma_response,IFN-gamma,IFN-gamma,proteomics,cptac_feature_row_sensitivity_10x8x2,2.773424136438332e-52,2.773424136438332e-52
108,108,0,108,108,0,0,0.8484476073432602,0.7854004436280788,0.8940711144611662,4.663301294911044e-31,4.663301294911044e-31,scipy_spearman_asymptotic,0,fisher_z_approximation_sensitivity_only,0,0.009259244280008239,C3N-02575,evaluable,,rna_vs_phosphoproteomics,within_cancer,lscc,ifn_gamma_response,ifn_gamma_response,IFN-gamma,IFN-gamma,phosphoproteomics,cptac_feature_row_sensitivity_10x8x2,5.013048892029373e-30,5.013048892029373e-30
108,108,0,108,108,0,0,0.9265673973725075,0.8941579056440895,0.9493184398154322,8.061231993841755e-47,8.061231993841755e-47,scipy_spearman_asymptotic,0,fisher_z_approximation_sensitivity_only,0,0.006395630899990068,C3N-01017,evaluable,,rna_vs_proteomics,within_cancer,lscc,cytolytic_t_cell_context,cytolytic_t_cell_context,Cytolytic,Cytolytic,proteomics,cptac_feature_row_sensitivity_10x8x2,3.4663297573519544e-45,3.4663297573519544e-45
108,0,108,0,0,,,,,,,,,0,,0,,,not_evaluable,complete_pair_n_below_20,rna_vs_phosphoproteomics,within_cancer,lscc,cytolytic_t_cell_context,cytolytic_t_cell_context,Cytolytic,Cytolytic,phosphoproteomics,cptac_feature_row_sensitivity_10x8x2,,
108,108,0,108,108,0,0,0.823801766269399,0.7518779830377671,0.8763483652971614,6.92552505571298e-28,6.92552505571298e-28,scipy_spearman_asymptotic,0,fisher_z_approximation_sensitivity_only,0,0.013567696298441234,C3L-00923,evaluable,,rna_vs_proteomics,within_cancer,lscc,checkpoint_exhaustion_context,checkpoint_exhaustion_context,Checkpoint,Checkpoint,proteomics,cptac_feature_row_sensitivity_10x8x2,4.7020670115103915e-27,4.7020670115103915e-27
108,103,5,103,103,0,0,0.7408733470983615,0.6389611910565026,0.8172263342580856,3.686913846116034e-19,3.686913846116034e-19,scipy_spearman_asymptotic,0,fisher_z_approximation_sensitivity_only,0,0.03321896790127099,C3L-04391,evaluable,,rna_vs_phosphoproteomics,within_cancer,lscc,checkpoint_exhaustion_context,checkpoint_exhaustion_context,Checkpoint,Checkpoint,phosphoproteomics,cptac_feature_row_sensitivity_10x8x2,1.03393888293254e-18,1.03393888293254e-18
108,108,0,108,108,0,0,0.8009088570693645,0.7210694235158612,0.8597576951916185,2.361970955703781e-25,2.361970955703781e-25,scipy_spearman_asymptotic,0,fisher_z_approximation_sensitivity_only,0,0.017876777445418268,C3L-02163,evaluable,,rna_vs_proteomics,within_cancer,lscc,myeloid_inflammatory_context,myeloid_inflammatory_context,Myeloid,Myeloid,proteomics,cptac_feature_row_sensitivity_10x8x2,1.2695593886907825e-24,1.2695593886907825e-24
108,89,19,89,89,0,0,0.6049370105549882,0.45385835322604046,0.722208344051771,3.41620887886579e-10,3.41620887886579e-10,scipy_spearman_asymptotic,0,fisher_z_approximation_sensitivity_only,0,0.03912272668568684,C3L-04391,evaluable,,rna_vs_phosphoproteomics,within_cancer,lscc,myeloid_inflammatory_context,myeloid_inflammatory_context,Myeloid,Myeloid,phosphoproteomics,cptac_feature_row_sensitivity_10x8x2,5.875879271649159e-10,5.875879271649159e-10
108,108,0,108,108,0,0,0.8778473234445112,0.8258786051981157,0.9150271632850266,1.1311182539269077e-35,1.1311182539269077e-35,scipy_spearman_asymptotic,0,fisher_z_approximation_sensitivity_only,0,0.01699779499432974,C3N-02374,evaluable,,rna_vs_proteomics,within_cancer,lscc,tgfb_emt_exclusion_context,tgfb_emt_exclusion_context,TGF/EMT,TGF/EMT,proteomics,cptac_feature_row_sensitivity_10x8x2,1.6212694972952344e-34,1.6212694972952344e-34
108,108,0,108,108,0,0,0.6981622795735802,0.5865782293309043,0.7837346059666529,4.5401205501158576e-17,4.5401205501158576e-17,scipy_spearman_asymptotic,0,fisher_z_approximation_sensitivity_only,0,0.022737424574228338,C3N-02283,evaluable,,rna_vs_phosphoproteomics,within_cancer,lscc,tgfb_emt_exclusion_context,tgfb_emt_exclusion_context,TGF/EMT,TGF/EMT,phosphoproteomics,cptac_feature_row_sensitivity_10x8x2,1.0845843536387882e-16,1.0845843536387882e-16
108,108,0,108,108,0,0,0.20446426019606162,0.01611289353224993,0.3788018976846804,0.03378669935463091,0.03378669935463091,scipy_spearman_asymptotic,0,fisher_z_approximation_sensitivity_only,0,0.028259735180023338,C3N-03886,evaluable,,rna_vs_proteomics,within_cancer,lscc,proteasome_antigen_processing,proteasome_antigen_processing,Proteasome,Proteasome,proteomics,cptac_feature_row_sensitivity_10x8x2,0.03431877336021565,0.03431877336021565
108,108,0,108,108,0,0,0.22322253660674307,0.03575693678823911,0.39551248089065283,0.020222943117465485,0.020222943117465485,scipy_spearman_asymptotic,0,fisher_z_approximation_sensitivity_only,0,0.02203109297063896,C3L-04013,evaluable,,rna_vs_phosphoproteomics,within_cancer,lscc,proteasome_antigen_processing,proteasome_antigen_processing,Proteasome,Proteasome,phosphoproteomics,cptac_feature_row_sensitivity_10x8x2,0.021038384372201995,0.021038384372201995
106,106,0,106,106,0,0,0.6302995188553292,0.4996142490344759,0.7329322545563551,4.497034587203574e-13,4.497034587203574e-13,scipy_spearman_asymptotic,0,fisher_z_approximation_sensitivity_only,0,0.030254078490720926,C3N-00203,evaluable,,rna_vs_proteomics,within_cancer,luad,antigen_presentation_mhc_i,antigen_presentation_mhc_i,MHC-I,MHC-I,proteomics,cptac_feature_row_sensitivity_10x8x2,8.65846957834718e-13,8.65846957834718e-13
106,98,8,98,98,0,0,0.4441277916977474,0.2694522831682613,0.5905103242041689,4.629589533249681e-06,4.629589533249681e-06,scipy_spearman_asymptotic,0,fisher_z_approximation_sensitivity_only,0,0.04025049569968575,C3N-02380,evaluable,,rna_vs_phosphoproteomics,within_cancer,luad,antigen_presentation_mhc_i,antigen_presentation_mhc_i,MHC-I,MHC-I,phosphoproteomics,cptac_feature_row_sensitivity_10x8x2,6.032495452416252e-06,6.032495452416252e-06
106,106,0,106,106,0,0,0.6834017683955966,0.5664962757985459,0.7733422808861338,6.939861341755333e-16,6.939861341755333e-16,scipy_spearman_asymptotic,0,fisher_z_approximation_sensitivity_only,0,0.02126337777898346,C3L-00093,evaluable,,rna_vs_proteomics,within_cancer,luad,antigen_presentation_mhc_ii,antigen_presentation_mhc_ii,MHC-II,MHC-II,proteomics,cptac_feature_row_sensitivity_10x8x2,1.5986466305114963e-15,1.5986466305114963e-15
106,4,102,4,4,0,0,,,,,,,0,,0,,,not_evaluable,complete_pair_n_below_20,rna_vs_phosphoproteomics,within_cancer,luad,antigen_presentation_mhc_ii,antigen_presentation_mhc_ii,MHC-II,MHC-II,phosphoproteomics,cptac_feature_row_sensitivity_10x8x2,,
106,106,0,106,106,0,0,0.7712673501775953,0.6806517526260851,0.8386392819195265,3.965199353360087e-22,3.965199353360087e-22,scipy_spearman_asymptotic,0,fisher_z_approximation_sensitivity_only,0,0.023621723013364737,C3L-02219,evaluable,,rna_vs_proteomics,within_cancer,luad,ifn_gamma_response,ifn_gamma_response,IFN-gamma,IFN-gamma,proteomics,cptac_feature_row_sensitivity_10x8x2,1.5984709893232852e-21,1.5984709893232852e-21
106,106,0,106,106,0,0,0.6133410585182759,0.4785784255981446,0.7198727120332009,2.760237162245737e-12,2.760237162245737e-12,scipy_spearman_asymptotic,0,fisher_z_approximation_sensitivity_only,0,0.03508315877386592,C3L-00093,evaluable,,rna_vs_phosphoproteomics,within_cancer,luad,ifn_gamma_response,ifn_gamma_response,IFN-gamma,IFN-gamma,phosphoproteomics,cptac_feature_row_sensitivity_10x8x2,5.23633226367206e-12,5.23633226367206e-12
106,106,0,106,106,0,0,0.7137315162354838,0.6054002244562388,0.7960994599952357,8.958424428183845e-18,8.958424428183845e-18,scipy_spearman_asymptotic,0,fisher_z_approximation_sensitivity_only,0,0.030836180219005027,C3L-01330,evaluable,,rna_vs_proteomics,within_cancer,luad,cytolytic_t_cell_context,cytolytic_t_cell_context,Cytolytic,Cytolytic,proteomics,cptac_feature_row_sensitivity_10x8x2,2.1804467004447472e-17,2.1804467004447472e-17
106,0,106,0,0,,,,,,,,,0,,0,,,not_evaluable,complete_pair_n_below_20,rna_vs_phosphoproteomics,within_cancer,luad,cytolytic_t_cell_context,cytolytic_t_cell_context,Cytolytic,Cytolytic,phosphoproteomics,cptac_feature_row_sensitivity_10x8x2,,
106,106,0,106,106,0,0,0.675955361866136,0.5570237915460319,0.7677193900743018,1.865595279093645e-15,1.865595279093645e-15,scipy_spearman_asymptotic,0,fisher_z_approximation_sensitivity_only,0,0.02585886164620077,C3L-00093,evaluable,,rna_vs_proteomics,within_cancer,luad,checkpoint_exhaustion_context,checkpoint_exhaustion_context,Checkpoint,Checkpoint,proteomics,cptac_feature_row_sensitivity_10x8x2,4.079013406831868e-15,4.079013406831868e-15
106,98,8,98,98,0,0,0.5482024112362845,0.3924727665110861,0.6733767923736168,5.128576423431941e-09,5.128576423431941e-09,scipy_spearman_asymptotic,0,fisher_z_approximation_sensitivity_only,0,0.029893002186816564,C3L-00093,evaluable,,rna_vs_phosphoproteomics,within_cancer,luad,checkpoint_exhaustion_context,checkpoint_exhaustion_context,Checkpoint,Checkpoint,phosphoproteomics,cptac_feature_row_sensitivity_10x8x2,8.068126324667322e-09,8.068126324667322e-09
106,106,0,106,106,0,0,0.6662720104793813,0.5447518275622246,0.7603861508330975,6.470528234903792e-15,6.470528234903792e-15,scipy_spearman_asymptotic,0,fisher_z_approximation_sensitivity_only,0,0.032577253464222244,C3L-00093,evaluable,,rna_vs_proteomics,within_cancer,luad,myeloid_inflammatory_context,myeloid_inflammatory_context,Myeloid,Myeloid,proteomics,cptac_feature_row_sensitivity_10x8x2,1.3911635705043154e-14,1.3911635705043154e-14
106,91,15,91,91,0,0,0.5387482083134257,0.3743369498318885,0.6703194884543383,3.612858594389129e-08,3.612858594389129e-08,scipy_spearman_asymptotic,0,fisher_z_approximation_sensitivity_only,0,0.019781651340029405,C3L-01889,evaluable,,rna_vs_phosphoproteomics,within_cancer,luad,myeloid_inflammatory_context,myeloid_inflammatory_context,Myeloid,Myeloid,phosphoproteomics,cptac_feature_row_sensitivity_10x8x2,5.236615266024693e-08,5.236615266024693e-08
106,106,0,106,106,0,0,0.7474368340176839,0.6492499330387341,0.8211190457446212,3.49738280888314e-20,3.49738280888314e-20,scipy_spearman_asymptotic,0,fisher_z_approximation_sensitivity_only,0,0.029185600151920066,C3N-00559,evaluable,,rna_vs_proteomics,within_cancer,luad,tgfb_emt_exclusion_context,tgfb_emt_exclusion_context,TGF/EMT,TGF/EMT,proteomics,cptac_feature_row_sensitivity_10x8x2,1.156826621399808e-19,1.156826621399808e-19
106,106,0,106,106,0,0,0.6044235080736579,0.4675785228754477,0.7129750018606462,6.866873129318448e-12,6.866873129318448e-12,scipy_spearman_asymptotic,0,fisher_z_approximation_sensitivity_only,0,0.023567368973822833,C3L-00093,evaluable,,rna_vs_phosphoproteomics,within_cancer,luad,tgfb_emt_exclusion_context,tgfb_emt_exclusion_context,TGF/EMT,TGF/EMT,phosphoproteomics,cptac_feature_row_sensitivity_10x8x2,1.2654666195458284e-11,1.2654666195458284e-11
106,106,0,106,106,0,0,0.2866664987278636,0.10145919897078594,0.45266855207761947,0.0028899362722837234,0.0028899362722837234,scipy_spearman_asymptotic,0,fisher_z_approximation_sensitivity_only,0,0.027007563059405715,C3N-01799,evaluable,,rna_vs_proteomics,within_cancer,luad,proteasome_antigen_processing,proteasome_antigen_processing,Proteasome,Proteasome,proteomics,cptac_feature_row_sensitivity_10x8x2,0.0031593371112254263,0.0031593371112254263
106,106,0,106,106,0,0,0.25936972567196515,0.07218579075481348,0.42890457805713167,0.007256841258256997,0.007256841258256997,scipy_spearman_asymptotic,0,fisher_z_approximation_sensitivity_only,0,0.021281398904393095,C3N-02003,evaluable,,rna_vs_phosphoproteomics,within_cancer,luad,proteasome_antigen_processing,proteasome_antigen_processing,Proteasome,Proteasome,phosphoproteomics,cptac_feature_row_sensitivity_10x8x2,0.007736632415827708,0.007736632415827708
82,82,0,82,82,0,0,0.7072953058847857,0.5791864147959401,0.8013107500243143,1.1061859208200084e-13,1.1061859208200084e-13,scipy_spearman_asymptotic,0,fisher_z_approximation_sensitivity_only,0,0.03929457668070657,17OV010,evaluable,,rna_vs_proteomics,within_cancer,ov,antigen_presentation_mhc_i,antigen_presentation_mhc_i,MHC-I,MHC-I,proteomics,cptac_feature_row_sensitivity_10x8x2,2.1953535967043244e-13,2.1953535967043244e-13
82,73,9,73,73,0,0,0.45961372331235356,0.25668930688561586,0.6237268294577021,4.304053244423352e-05,4.304053244423352e-05,scipy_spearman_asymptotic,0,fisher_z_approximation_sensitivity_only,0,0.032668738582302126,04OV017,evaluable,,rna_vs_phosphoproteomics,within_cancer,ov,antigen_presentation_mhc_i,antigen_presentation_mhc_i,MHC-I,MHC-I,phosphoproteomics,cptac_feature_row_sensitivity_10x8x2,5.338681428178966e-05,5.338681428178966e-05
82,82,0,82,82,0,0,0.7405774860961462,0.6238257686412896,0.8249985989481053,1.8333679297897445e-15,1.8333679297897445e-15,scipy_spearman_asymptotic,0,fisher_z_approximation_sensitivity_only,0,0.018184934861396718,04OV058,evaluable,,rna_vs_proteomics,within_cancer,ov,antigen_presentation_mhc_ii,antigen_presentation_mhc_ii,MHC-II,MHC-II,proteomics,cptac_feature_row_sensitivity_10x8x2,4.077663154187536e-15,4.077663154187536e-15
82,0,82,0,0,,,,,,,,,0,,0,,,not_evaluable,complete_pair_n_below_20,rna_vs_phosphoproteomics,within_cancer,ov,antigen_presentation_mhc_ii,antigen_presentation_mhc_ii,MHC-II,MHC-II,phosphoproteomics,cptac_feature_row_sensitivity_10x8x2,,
82,82,0,82,82,0,0,0.8547469008826635,0.7829698529277187,0.904062869233073,1.7047893789591076e-24,1.7047893789591076e-24,scipy_spearman_asymptotic,0,fisher_z_approximation_sensitivity_only,0,0.014087787464220014,04OV013,evaluable,,rna_vs_proteomics,within_cancer,ov,ifn_gamma_response,ifn_gamma_response,IFN-gamma,IFN-gamma,proteomics,cptac_feature_row_sensitivity_10x8x2,8.796713195428995e-24,8.796713195428995e-24
82,75,7,75,75,0,0,0.6245803698435277,0.4632930547075903,0.7458180905231225,2.120758671051957e-09,2.120758671051957e-09,scipy_spearman_asymptotic,0,fisher_z_approximation_sensitivity_only,0,0.032494787505602085,04OV013,evaluable,,rna_vs_phosphoproteomics,within_cancer,ov,ifn_gamma_response,ifn_gamma_response,IFN-gamma,IFN-gamma,phosphoproteomics,cptac_feature_row_sensitivity_10x8x2,3.419723357071281e-09,3.419723357071281e-09
82,77,5,77,77,0,0,0.6790052053209947,0.5366400982552907,0.7837839805558878,1.1424802574342579e-11,1.1424802574342579e-11,scipy_spearman_asymptotic,0,fisher_z_approximation_sensitivity_only,0,0.03189021504810974,04OV023,evaluable,,rna_vs_proteomics,within_cancer,ov,cytolytic_t_cell_context,cytolytic_t_cell_context,Cytolytic,Cytolytic,proteomics,cptac_feature_row_sensitivity_10x8x2,2.046943794569712e-11,2.046943794569712e-11
82,0,82,0,0,,,,,,,,,0,,0,,,not_evaluable,complete_pair_n_below_20,rna_vs_phosphoproteomics,within_cancer,ov,cytolytic_t_cell_context,cytolytic_t_cell_context,Cytolytic,Cytolytic,phosphoproteomics,cptac_feature_row_sensitivity_10x8x2,,
82,5,77,5,5,0,0,,,,,,,0,,0,,,not_evaluable,complete_pair_n_below_20,rna_vs_proteomics,within_cancer,ov,checkpoint_exhaustion_context,checkpoint_exhaustion_context,Checkpoint,Checkpoint,proteomics,cptac_feature_row_sensitivity_10x8x2,,
82,3,79,3,3,0,0,,,,,,,0,,0,,,not_evaluable,complete_pair_n_below_20,rna_vs_phosphoproteomics,within_cancer,ov,checkpoint_exhaustion_context,checkpoint_exhaustion_context,Checkpoint,Checkpoint,phosphoproteomics,cptac_feature_row_sensitivity_10x8x2,,
82,82,0,82,82,0,0,0.45821225280525896,0.2678376504845214,0.6141510682191388,1.4993030836991848e-05,1.4993030836991848e-05,scipy_spearman_asymptotic,0,fisher_z_approximation_sensitivity_only,0,0.0372258682426182,17OV013,evaluable,,rna_vs_proteomics,within_cancer,ov,myeloid_inflammatory_context,myeloid_inflammatory_context,Myeloid,Myeloid,proteomics,cptac_feature_row_sensitivity_10x8x2,1.8961774293842632e-05,1.8961774293842632e-05
82,15,67,15,15,0,0,,,,,,,0,,0,,,not_evaluable,complete_pair_n_below_20,rna_vs_phosphoproteomics,within_cancer,ov,myeloid_inflammatory_context,myeloid_inflammatory_context,Myeloid,Myeloid,phosphoproteomics,cptac_feature_row_sensitivity_10x8x2,,
82,82,0,82,82,0,0,0.7203774447383029,0.5966415210929872,0.8106569673981008,2.368830461211768e-14,2.368830461211768e-14,scipy_spearman_asymptotic,0,fisher_z_approximation_sensitivity_only,0,0.025828517321317745,17OV011,evaluable,,rna_vs_proteomics,within_cancer,ov,tgfb_emt_exclusion_context,tgfb_emt_exclusion_context,TGF/EMT,TGF/EMT,proteomics,cptac_feature_row_sensitivity_10x8x2,4.9286956370373883e-14,4.9286956370373883e-14
82,82,0,82,82,0,0,0.5168750884295992,0.33775212461571824,0.6598677654104235,6.645414744473938e-07,6.645414744473938e-07,scipy_spearman_asymptotic,0,fisher_z_approximation_sensitivity_only,0,0.024249572817013232,17OV011,evaluable,,rna_vs_phosphoproteomics,within_cancer,ov,tgfb_emt_exclusion_context,tgfb_emt_exclusion_context,TGF/EMT,TGF/EMT,phosphoproteomics,cptac_feature_row_sensitivity_10x8x2,9.217833355238044e-07,9.217833355238044e-07
82,82,0,82,82,0,0,0.4453477868112015,0.2527691970262865,0.6039837250510194,2.7590919228597363e-05,2.7590919228597363e-05,scipy_spearman_asymptotic,0,fisher_z_approximation_sensitivity_only,0,0.0326784101174345,13OV003,evaluable,,rna_vs_proteomics,within_cancer,ov,proteasome_antigen_processing,proteasome_antigen_processing,Proteasome,Proteasome,proteomics,cptac_feature_row_sensitivity_10x8x2,3.455561728630155e-05,3.455561728630155e-05
82,82,0,82,82,0,0,0.4343335401225498,0.23994175833211395,0.5952374673217736,4.562715517486007e-05,4.562715517486007e-05,scipy_spearman_asymptotic,0,fisher_z_approximation_sensitivity_only,0,0.02293836592984405,04OV021,evaluable,,rna_vs_phosphoproteomics,within_cancer,ov,proteasome_antigen_processing,proteasome_antigen_processing,Proteasome,Proteasome,phosphoproteomics,cptac_feature_row_sensitivity_10x8x2,5.552738695808443e-05,5.552738695808443e-05
105,105,0,105,105,0,0,0.7327389591540534,0.6294779720512336,0.8105676099759633,6.4263224924619555e-19,6.4263224924619555e-19,scipy_spearman_asymptotic,0,fisher_z_approximation_sensitivity_only,0,0.012881439864403932,C3N-00198,evaluable,,rna_vs_proteomics,within_cancer,pdac,antigen_presentation_mhc_i,antigen_presentation_mhc_i,MHC-I,MHC-I,proteomics,cptac_feature_row_sensitivity_10x8x2,1.7270741698491504e-18,1.7270741698491504e-18
105,105,0,105,105,0,0,0.367343976777939,0.1889845808968527,0.5222398445979904,0.00011583715261575316,0.00011583715261575316,scipy_spearman_asymptotic,0,fisher_z_approximation_sensitivity_only,0,0.03468312233653875,C3L-02115,evaluable,,rna_vs_phosphoproteomics,within_cancer,pdac,antigen_presentation_mhc_i,antigen_presentation_mhc_i,MHC-I,MHC-I,phosphoproteomics,cptac_feature_row_sensitivity_10x8x2,0.00013462155574263206,0.00013462155574263206
105,105,0,105,105,0,0,0.7517001866058469,0.6543036012139063,0.8245662190238232,2.4817429767741695e-20,2.4817429767741695e-20,scipy_spearman_asymptotic,0,fisher_z_approximation_sensitivity_only,0,0.012260124927280125,C3N-02940,evaluable,,rna_vs_proteomics,within_cancer,pdac,antigen_presentation_mhc_ii,antigen_presentation_mhc_ii,MHC-II,MHC-II,proteomics,cptac_feature_row_sensitivity_10x8x2,8.42486431589126e-20,8.42486431589126e-20
105,0,105,0,0,,,,,,,,,0,,0,,,not_evaluable,complete_pair_n_below_20,rna_vs_phosphoproteomics,within_cancer,pdac,antigen_presentation_mhc_ii,antigen_presentation_mhc_ii,MHC-II,MHC-II,phosphoproteomics,cptac_feature_row_sensitivity_10x8x2,,
105,105,0,105,105,0,0,0.9017001866058469,0.8583849690016512,0.9322497532185363,2.6961155569078955e-39,2.6961155569078955e-39,scipy_spearman_asymptotic,0,fisher_z_approximation_sensitivity_only,0,0.013247002127749652,C3L-01037,evaluable,,rna_vs_proteomics,within_cancer,pdac,ifn_gamma_response,ifn_gamma_response,IFN-gamma,IFN-gamma,proteomics,cptac_feature_row_sensitivity_10x8x2,8.694972671027963e-38,8.694972671027963e-38
105,105,0,105,105,0,0,0.7311528094546962,0.6274107633264822,0.8093925496876397,8.331730480562319e-19,8.331730480562319e-19,scipy_spearman_asymptotic,0,fisher_z_approximation_sensitivity_only,0,0.030663044594167688,C3N-01165,evaluable,,rna_vs_phosphoproteomics,within_cancer,pdac,ifn_gamma_response,ifn_gamma_response,IFN-gamma,IFN-gamma,phosphoproteomics,cptac_feature_row_sensitivity_10x8x2,2.193455575494978e-18,2.193455575494978e-18
105,105,0,105,105,0,0,0.7375907111756168,0.6358102857415847,0.8141580262773281,2.8706164742344047e-19,2.8706164742344047e-19,scipy_spearman_asymptotic,0,fisher_z_approximation_sensitivity_only,0,0.017877121962119324,C3L-02115,evaluable,,rna_vs_proteomics,within_cancer,pdac,cytolytic_t_cell_context,cytolytic_t_cell_context,Cytolytic,Cytolytic,proteomics,cptac_feature_row_sensitivity_10x8x2,8.22910055947196e-19,8.22910055947196e-19
105,0,105,0,0,,,,,,,,,0,,0,,,not_evaluable,complete_pair_n_below_20,rna_vs_phosphoproteomics,within_cancer,pdac,cytolytic_t_cell_context,cytolytic_t_cell_context,Cytolytic,Cytolytic,phosphoproteomics,cptac_feature_row_sensitivity_10x8x2,,
105,31,74,31,31,0,0,0.44112903225806455,0.10286821340958803,0.6879377924365174,0.01298922663166166,0.01298922663166166,scipy_spearman_asymptotic,0,fisher_z_approximation_sensitivity_only,0,0.07967185761957729,C3L-00819,evaluable,,rna_vs_proteomics,within_cancer,pdac,checkpoint_exhaustion_context,checkpoint_exhaustion_context,Checkpoint,Checkpoint,proteomics,cptac_feature_row_sensitivity_10x8x2,0.013622847442962228,0.013622847442962228
105,15,90,15,15,0,0,,,,,,,0,,0,,,not_evaluable,complete_pair_n_below_20,rna_vs_phosphoproteomics,within_cancer,pdac,checkpoint_exhaustion_context,checkpoint_exhaustion_context,Checkpoint,Checkpoint,phosphoproteomics,cptac_feature_row_sensitivity_10x8x2,,
105,105,0,105,105,0,0,0.6908977814638192,0.5754318492591873,0.779359403776068,3.458898711395335e-16,3.458898711395335e-16,scipy_spearman_asymptotic,0,fisher_z_approximation_sensitivity_only,0,0.03128295042565066,C3N-04283,evaluable,,rna_vs_proteomics,within_cancer,pdac,myeloid_inflammatory_context,myeloid_inflammatory_context,Myeloid,Myeloid,proteomics,cptac_feature_row_sensitivity_10x8x2,8.112689704909058e-16,8.112689704909058e-16
105,10,95,10,10,0,0,,,,,,,0,,0,,,not_evaluable,complete_pair_n_below_20,rna_vs_phosphoproteomics,within_cancer,pdac,myeloid_inflammatory_context,myeloid_inflammatory_context,Myeloid,Myeloid,phosphoproteomics,cptac_feature_row_sensitivity_10x8x2,,
105,105,0,105,105,0,0,0.8108542400995231,0.7331259938410112,0.867672298267844,1.0457328706313143e-25,1.0457328706313143e-25,scipy_spearman_asymptotic,0,fisher_z_approximation_sensitivity_only,0,0.01342827350337894,C3L-03388,evaluable,,rna_vs_proteomics,within_cancer,pdac,tgfb_emt_exclusion_context,tgfb_emt_exclusion_context,TGF/EMT,TGF/EMT,proteomics,cptac_feature_row_sensitivity_10x8x2,6.131797286883615e-25,6.131797286883615e-25
105,105,0,105,105,0,0,0.5138503006427534,0.3573826898764252,0.6422610286779998,2.068697552809473e-08,2.068697552809473e-08,scipy_spearman_asymptotic,0,fisher_z_approximation_sensitivity_only,0,0.0215065754908218,C3N-02768,evaluable,,rna_vs_phosphoproteomics,within_cancer,pdac,tgfb_emt_exclusion_context,tgfb_emt_exclusion_context,TGF/EMT,TGF/EMT,phosphoproteomics,cptac_feature_row_sensitivity_10x8x2,3.103046329214209e-08,3.103046329214209e-08
105,105,0,105,105,0,0,0.01215011403690649,-0.17993415573880325,0.20334182809782794,0.9020945825621803,0.9020945825621803,scipy_spearman_asymptotic,0,fisher_z_approximation_sensitivity_only,0,0.028772326775624087,C3L-03639,evaluable,,rna_vs_proteomics,within_cancer,pdac,proteasome_antigen_processing,proteasome_antigen_processing,Proteasome,Proteasome,proteomics,cptac_feature_row_sensitivity_10x8x2,0.9020945825621803,0.9020945825621803
105,105,0,105,105,0,0,0.34113622226829776,0.15992767974667138,0.5001027707893293,0.00036914878334484106,0.00036914878334484106,scipy_spearman_asymptotic,0,fisher_z_approximation_sensitivity_only,0,0.03635230861829136,C3N-00709,evaluable,,rna_vs_phosphoproteomics,within_cancer,pdac,proteasome_antigen_processing,proteasome_antigen_processing,Proteasome,Proteasome,phosphoproteomics,cptac_feature_row_sensitivity_10x8x2,0.00042518029510254016,0.00042518029510254016
95,95,0,95,95,0,0,0.6074048152295632,0.46247746386061095,0.7207187366906866,6.742431691069667e-11,6.742431691069667e-11,scipy_spearman_asymptotic,0,fisher_z_approximation_sensitivity_only,0,0.030929180363399977,C3L-00008,evaluable,,rna_vs_proteomics,within_cancer,ucec,antigen_presentation_mhc_i,antigen_presentation_mhc_i,MHC-I,MHC-I,proteomics,cptac_feature_row_sensitivity_10x8x2,1.175369848848631e-10,1.175369848848631e-10
95,89,6,89,89,0,0,0.4495403472931563,0.2662057430123711,0.6014860726656504,9.901835202028013e-06,9.901835202028013e-06,scipy_spearman_asymptotic,0,fisher_z_approximation_sensitivity_only,0,0.0295903631432497,C3N-00321,evaluable,,rna_vs_phosphoproteomics,within_cancer,ucec,antigen_presentation_mhc_i,antigen_presentation_mhc_i,MHC-I,MHC-I,phosphoproteomics,cptac_feature_row_sensitivity_10x8x2,1.2773367410616138e-05,1.2773367410616138e-05
95,95,0,95,95,0,0,0.7461646136618141,0.6410210889023934,0.8238183131723446,4.062238229748725e-18,4.062238229748725e-18,scipy_spearman_asymptotic,0,fisher_z_approximation_sensitivity_only,0,0.018658563017014185,C3N-00321,evaluable,,rna_vs_proteomics,within_cancer,ucec,antigen_presentation_mhc_ii,antigen_presentation_mhc_ii,MHC-II,MHC-II,proteomics,cptac_feature_row_sensitivity_10x8x2,1.0275073169364422e-17,1.0275073169364422e-17
95,0,95,0,0,,,,,,,,,0,,0,,,not_evaluable,complete_pair_n_below_20,rna_vs_phosphoproteomics,within_cancer,ucec,antigen_presentation_mhc_ii,antigen_presentation_mhc_ii,MHC-II,MHC-II,phosphoproteomics,cptac_feature_row_sensitivity_10x8x2,,
95,95,0,95,95,0,0,0.8672172452407615,0.8066642905811731,0.909752313328706,6.509641497076337e-30,6.509641497076337e-30,scipy_spearman_asymptotic,0,fisher_z_approximation_sensitivity_only,0,0.01714499873568609,C3L-01925,evaluable,,rna_vs_proteomics,within_cancer,ucec,ifn_gamma_response,ifn_gamma_response,IFN-gamma,IFN-gamma,proteomics,cptac_feature_row_sensitivity_10x8x2,4.9396691360167495e-29,4.9396691360167495e-29
95,95,0,95,95,0,0,0.6831187010078388,0.5584637535861161,0.7776030349533105,2.4153678310647928e-14,2.4153678310647928e-14,scipy_spearman_asymptotic,0,fisher_z_approximation_sensitivity_only,0,0.019558032005201786,C3N-00866,evaluable,,rna_vs_phosphoproteomics,within_cancer,ucec,ifn_gamma_response,ifn_gamma_response,IFN-gamma,IFN-gamma,phosphoproteomics,cptac_feature_row_sensitivity_10x8x2,4.945753177894576e-14,4.945753177894576e-14
95,90,5,90,90,0,0,0.7580606659258343,0.653572319440945,0.8341936915413444,5.1266430991161896e-18,5.1266430991161896e-18,scipy_spearman_asymptotic,0,fisher_z_approximation_sensitivity_only,0,0.015058162810972164,C3N-00377,evaluable,,rna_vs_proteomics,within_cancer,ucec,cytolytic_t_cell_context,cytolytic_t_cell_context,Cytolytic,Cytolytic,proteomics,cptac_feature_row_sensitivity_10x8x2,1.2718018457422854e-17,1.2718018457422854e-17
95,0,95,0,0,,,,,,,,,0,,0,,,not_evaluable,complete_pair_n_below_20,rna_vs_phosphoproteomics,within_cancer,ucec,cytolytic_t_cell_context,cytolytic_t_cell_context,Cytolytic,Cytolytic,phosphoproteomics,cptac_feature_row_sensitivity_10x8x2,,
95,43,52,43,43,0,0,0.56916339474479,0.3242480255154791,0.7425689977223717,6.810890822753237e-05,6.810890822753237e-05,scipy_spearman_asymptotic,0,fisher_z_approximation_sensitivity_only,0,0.08321485661247441,C3L-01925,evaluable,,rna_vs_proteomics,within_cancer,ucec,checkpoint_exhaustion_context,checkpoint_exhaustion_context,Checkpoint,Checkpoint,proteomics,cptac_feature_row_sensitivity_10x8x2,8.060595560873097e-05,8.060595560873097e-05
95,31,64,31,31,0,0,0.6600806451612903,0.3990833489350851,0.8221302170268463,5.3404992833984004e-05,5.3404992833984004e-05,scipy_spearman_asymptotic,0,fisher_z_approximation_sensitivity_only,0,0.06583704115684097,C3L-01925,evaluable,,rna_vs_phosphoproteomics,within_cancer,ucec,checkpoint_exhaustion_context,checkpoint_exhaustion_context,Checkpoint,Checkpoint,phosphoproteomics,cptac_feature_row_sensitivity_10x8x2,6.378929699614756e-05,6.378929699614756e-05
95,95,0,95,95,0,0,0.6697788353863381,0.5413063634843662,0.7676917199996656,1.1566909224730675e-13,1.1566909224730675e-13,scipy_spearman_asymptotic,0,fisher_z_approximation_sensitivity_only,0,0.024488404435935585,C3N-00335,evaluable,,rna_vs_proteomics,within_cancer,ucec,myeloid_inflammatory_context,myeloid_inflammatory_context,Myeloid,Myeloid,proteomics,cptac_feature_row_sensitivity_10x8x2,2.260804984833723e-13,2.260804984833723e-13
95,0,95,0,0,,,,,,,,,0,,0,,,not_evaluable,complete_pair_n_below_20,rna_vs_phosphoproteomics,within_cancer,ucec,myeloid_inflammatory_context,myeloid_inflammatory_context,Myeloid,Myeloid,phosphoproteomics,cptac_feature_row_sensitivity_10x8x2,,
95,95,0,95,95,0,0,0.7550811870100783,0.6528969008291787,0.8302722553497885,9.649510944556748e-19,9.649510944556748e-19,scipy_spearman_asymptotic,0,fisher_z_approximation_sensitivity_only,0,0.02144592349095109,C3N-01217,evaluable,,rna_vs_proteomics,within_cancer,ucec,tgfb_emt_exclusion_context,tgfb_emt_exclusion_context,TGF/EMT,TGF/EMT,proteomics,cptac_feature_row_sensitivity_10x8x2,2.489573823695641e-18,2.489573823695641e-18
95,95,0,95,95,0,0,0.4695548712206047,0.29602647851662434,0.6130788537005374,1.5843909697912916e-06,1.5843909697912916e-06,scipy_spearman_asymptotic,0,fisher_z_approximation_sensitivity_only,0,0.030195878336885473,C3L-01304,evaluable,,rna_vs_phosphoproteomics,within_cancer,ucec,tgfb_emt_exclusion_context,tgfb_emt_exclusion_context,TGF/EMT,TGF/EMT,phosphoproteomics,cptac_feature_row_sensitivity_10x8x2,2.151436158979754e-06,2.151436158979754e-06
95,95,0,95,95,0,0,0.3169652855543113,0.12329887442819214,0.4873738117776672,0.001750377709805871,0.001750377709805871,scipy_spearman_asymptotic,0,fisher_z_approximation_sensitivity_only,0,0.02849582776433196,C3N-00729,evaluable,,rna_vs_proteomics,within_cancer,ucec,proteasome_antigen_processing,proteasome_antigen_processing,Proteasome,Proteasome,proteomics,cptac_feature_row_sensitivity_10x8x2,0.0019465407290082531,0.0019465407290082531
95,95,0,95,95,0,0,0.405963045912654,0.2226358878104624,0.5615597852850239,4.471316495388282e-05,4.471316495388282e-05,scipy_spearman_asymptotic,0,fisher_z_approximation_sensitivity_only,0,0.033057291478524764,C3L-00006,evaluable,,rna_vs_phosphoproteomics,within_cancer,ucec,proteasome_antigen_processing,proteasome_antigen_processing,Proteasome,Proteasome,phosphoproteomics,cptac_feature_row_sensitivity_10x8x2,5.4933316943341754e-05,5.4933316943341754e-05
