cancer,program,program_label,comparison_layer,model_n,status,reason,intercept,rna_beta,linear_r2,quadratic_r2,quadratic_incremental_r2,residual_mean,residual_sd,residual_skew,residual_excess_kurtosis,residual_vs_rna_spearman,rank_adjustment_r2
brca,antigen_presentation_mhc_i,MHC-I,proteomics,121,evaluable,,-0.014213932562248842,0.841384290611239,0.6349842624963938,0.6354017090001489,0.0004174465037550812,-1.605694457102499e-17,0.3666610456934342,0.4365239178846318,1.053905633684395,0.024569841484893638,0.6190924453205143
brca,antigen_presentation_mhc_ii,MHC-II,proteomics,121,evaluable,,-0.010238045551649894,0.7033635999139058,0.5199827645444807,0.5244663338616484,0.004483569317167757,-1.1239861199717493e-17,0.48238110529268136,0.6282505610201781,3.5426028462650594,0.02339791356184798,0.5736918250723428
brca,ifn_gamma_response,IFN-gamma,proteomics,121,evaluable,,-0.022907341079562035,0.7803818214528725,0.7432824117893655,0.7508267661543585,0.007544354364993011,-2.202095255454856e-17,0.34270331590072095,0.8460341420490857,3.8788012189800423,0.037020728898523224,0.7353974515136164
brca,cytolytic_t_cell_context,Cytolytic,proteomics,115,evaluable,,-0.034899219013495165,0.7580627014892594,0.7002408628224092,0.7332252791556506,0.03298441633324145,5.3097622916855314e-18,0.43078995534539066,0.41102565732774743,0.4128540584627851,0.0005602461926931271,0.6374522368488453
brca,checkpoint_exhaustion_context,Checkpoint,proteomics,75,evaluable,,0.024838763353956926,0.4928750034414488,0.2969416938907793,0.29728924152831715,0.00034754763753785944,1.3322676295501878e-17,0.5529602655639957,0.09321680220086845,0.4559658690929327,0.05376955903271692,0.26665544415419395
brca,myeloid_inflammatory_context,Myeloid,proteomics,121,evaluable,,-0.004105844631044806,0.5155197465887543,0.3296045013069234,0.4152158241478432,0.08561132284091977,9.175396897728567e-18,0.5339081139205266,0.8475009713814242,2.0859491318293504,0.08331526893374878,0.3261646342626312
brca,tgfb_emt_exclusion_context,TGF/EMT,proteomics,121,evaluable,,-0.023264001529291867,0.8368009398590729,0.6575127029005772,0.6689967078615241,0.011484004960946925,-1.2845555656819993e-17,0.356679555765968,0.3172957059770098,0.39820412154681506,0.014456035767511172,0.6915271035469874
brca,proteasome_antigen_processing,Proteasome,proteomics,121,evaluable,,0.01166107654953658,0.2982920254626689,0.09315373205855326,0.10310902183696424,0.00995528977841098,-2.75261906931857e-18,0.6388919365872089,-0.16149651462831466,0.6584766931903623,-0.02990109741227475,0.06506957476823094
ccrcc,antigen_presentation_mhc_i,MHC-I,proteomics,103,evaluable,,-0.036652525357140045,0.7459847300168544,0.5651805730529209,0.578728050886796,0.01354747783387511,-3.610919546110946e-17,0.42526680377549486,1.4666244082933646,5.036344991537446,-0.015793173131836754,0.5803155860548522
ccrcc,antigen_presentation_mhc_ii,MHC-II,proteomics,103,evaluable,,-0.036779625882054065,0.7884003374541098,0.753172748111003,0.7633229555980678,0.010150207487064855,7.00626180588691e-18,0.35613689743464766,0.11182610695037004,1.7028922617353484,-0.008566533409480298,0.7325007627218377
ccrcc,ifn_gamma_response,IFN-gamma,proteomics,103,evaluable,,-0.08144697468401657,0.9097885251651853,0.7575253560585078,0.7864217181301402,0.028896362071632375,-9.700977885074184e-18,0.3290286371961,-0.02010425760038501,-0.39599224787068144,-0.05611079383209595,0.7346454646589942
ccrcc,cytolytic_t_cell_context,Cytolytic,proteomics,103,evaluable,,-0.09633929265106383,0.7305371094322467,0.6788170283392597,0.6887316989033476,0.009914670564087902,1.0778864316749092e-17,0.40642801559493696,-0.5084405938943067,1.1233286957236883,-0.010422615648201029,0.6205809838808805
ccrcc,checkpoint_exhaustion_context,Checkpoint,proteomics,35,evaluable,,0.07887312553222763,0.39682013588403187,0.20803601770624436,0.21263540208600873,0.004599384379764371,1.9032394707859827e-17,0.516480377949387,-0.40875058403004455,-0.15713713337393553,-0.0876750700280112,0.15094422082558523
ccrcc,myeloid_inflammatory_context,Myeloid,proteomics,103,evaluable,,-0.06451143238642267,0.7619259792432965,0.6065841978093609,0.6367745073106226,0.03019030950126167,-1.9401955770148367e-17,0.4631839693217055,0.9153751517575037,2.7406311487163997,-0.12721302113078242,0.6197333907053829
ccrcc,tgfb_emt_exclusion_context,TGF/EMT,proteomics,103,evaluable,,-0.07430897543640844,0.8616235114223151,0.6162464382732296,0.6175296628748015,0.0012832246015719306,-9.700977885074184e-18,0.30953516918427293,0.21867497346627005,1.0205356194005768,-0.0637987084303475,0.6441432213247329
ccrcc,proteasome_antigen_processing,Proteasome,proteomics,103,evaluable,,-0.0056284537818880945,0.3870323138735365,0.15175511668169717,0.1517632332625376,8.116580840433762e-06,2.425244471268546e-18,0.6048114406539967,0.39008292242035025,0.11578895753548224,0.030619865571321882,0.173196455672057
coad,antigen_presentation_mhc_i,MHC-I,proteomics,96,evaluable,,0.018541984916466456,0.6883532519783653,0.6615120776320773,0.6707632563309978,0.009251178698920448,1.0408340855860843e-17,0.32653541601847863,0.025355451228624034,0.23575683442173556,-0.03433260987520347,0.5985452787438443
coad,antigen_presentation_mhc_ii,MHC-II,proteomics,96,evaluable,,0.013345354168981437,0.7671972954977326,0.6417668667865644,0.6502673091802711,0.00850044239370673,-1.850371707708594e-17,0.3958217510311927,-0.1495567909453769,0.2571455128367832,0.06357840477482365,0.5710988096282543
coad,ifn_gamma_response,IFN-gamma,proteomics,96,evaluable,,0.021364274762756087,0.7659129001961381,0.6574562282069227,0.6608415507068484,0.003385322499925625,-1.734723475976807e-18,0.4099517460335876,0.24414654411723852,0.8278021494791625,-0.05520889853499729,0.5861842370230188
coad,cytolytic_t_cell_context,Cytolytic,proteomics,47,evaluable,,-0.008303245570735288,0.7351732645180049,0.5391297040871611,0.5469936540664274,0.007863949979266316,-6.614094614788166e-17,0.5570269417779186,-0.13453832117575415,1.4101011260211642,-0.012835337650323776,0.504743868741127
coad,checkpoint_exhaustion_context,Checkpoint,proteomics,0,not_evaluable,model_n_or_distinct_value_gate_failed,,,,,,,,,,,
coad,myeloid_inflammatory_context,Myeloid,proteomics,96,evaluable,,-0.0003696334660418666,0.5281399087821529,0.3022634226874815,0.3195608162195305,0.017297393532048955,-9.25185853854297e-18,0.6533869997116274,0.5979561135629179,2.4324577791698787,0.10056972327726532,0.3429046099920833
coad,tgfb_emt_exclusion_context,TGF/EMT,proteomics,96,evaluable,,0.01468534344237125,0.6593402612759283,0.3173325021414818,0.3868415342504542,0.06950903210897241,1.61907524424502e-17,0.5854105172673574,-0.1640767520839902,-0.30480430339220144,0.049145415084102,0.29401049552809255
coad,proteasome_antigen_processing,Proteasome,proteomics,96,evaluable,,0.03520046463790302,0.41779659823650217,0.24617352095371225,0.2518132653842068,0.005639744430494531,-1.3877787807814457e-17,0.5891510602428056,0.14894079316568856,-0.563162524976971,-0.005778621812262615,0.2122344412095568
gbm,antigen_presentation_mhc_i,MHC-I,proteomics,99,evaluable,,-6.912089416347115e-05,0.6373404259937874,0.6087552908932745,0.617363909043262,0.00860861814998748,8.41078048958452e-18,0.38821668308533486,0.1785529435589726,-0.29607166073473357,0.024675324675324673,0.5831027160782793
gbm,antigen_presentation_mhc_ii,MHC-II,proteomics,99,evaluable,,-0.019069591825194264,0.7488405844847316,0.7793446416846295,0.7912026190752122,0.011857977390582697,2.383054472048947e-17,0.34736370743422823,0.2550030797960899,1.3101314258756762,-0.013085961657390227,0.8085090355296557
gbm,ifn_gamma_response,IFN-gamma,proteomics,99,evaluable,,-0.004545304946820946,0.8152615627153972,0.7215633235356937,0.7499525671544338,0.028389243618740068,2.2428747972225387e-18,0.3703097663180112,0.5184356131287783,0.876207106610623,-0.09950525664811379,0.6775010418447471
gbm,cytolytic_t_cell_context,Cytolytic,proteomics,18,not_evaluable,model_n_or_distinct_value_gate_failed,,,,,,,,,,,
gbm,checkpoint_exhaustion_context,Checkpoint,proteomics,90,evaluable,,-0.0016078204236567122,0.6380131110941913,0.4345536460246623,0.4562697279537832,0.02171608192912089,2.3746436915593625e-17,0.45773353195451116,0.20219420332265334,-0.4199023476623176,0.01502243075276783,0.387819779561859
gbm,myeloid_inflammatory_context,Myeloid,proteomics,99,evaluable,,-0.008484124292475846,0.7533328549035043,0.7988755358151358,0.8030849161866809,0.004209380371545057,1.570012358055777e-17,0.3407084236658479,0.24574886744144034,0.08764367540618956,0.05244279529993816,0.8058198782340844
gbm,tgfb_emt_exclusion_context,TGF/EMT,proteomics,99,evaluable,,0.0012740203446592773,0.6933998323297546,0.7835659548220418,0.7867568146234306,0.003190859801388779,6.0978158549487764e-18,0.2424533291673267,-0.12254932231993622,-0.1610038805623648,0.020618429189857762,0.748690471256811
gbm,proteasome_antigen_processing,Proteasome,proteomics,99,evaluable,,0.0017960537613688357,0.29016066511385846,0.11592790149350196,0.12183464262694632,0.00590674113344436,9.812577237848606e-18,0.5875368406643312,0.29787633970606125,0.13085413913583022,0.031144094001236855,0.11647636089798818
hnscc,antigen_presentation_mhc_i,MHC-I,proteomics,108,evaluable,,0.0024262382031224575,0.603758532585337,0.5407293254371008,0.5418853286741299,0.001156003237029024,-9.765850679573136e-18,0.4131240803767341,-0.02917448471106195,-0.1252371249401527,-0.010527118046624177,0.5777894236274881
hnscc,antigen_presentation_mhc_ii,MHC-II,proteomics,108,evaluable,,0.002796287043805865,0.714771189324637,0.7201972882293295,0.7228106951555008,0.002613406926171291,2.2615654205327262e-17,0.39153169131952903,0.023045491199837453,0.20760431957274417,0.04711004410910096,0.7065721600555195
hnscc,ifn_gamma_response,IFN-gamma,proteomics,108,evaluable,,0.00011119549383462507,0.8947488431097904,0.9153117049433609,0.9173047716817871,0.0019930667384262524,1.3363795666784291e-17,0.22513751742150728,0.021675631656030796,0.27106354617639816,0.0395076547867425,0.9017281605597017
hnscc,cytolytic_t_cell_context,Cytolytic,proteomics,108,evaluable,,-0.004048234202448056,0.7726892324098402,0.7939241956516689,0.8231382688711095,0.029214073219440584,-3.0839528461809905e-17,0.3452086712489191,0.3393772269292133,0.5986294843114974,0.03646860441853154,0.8009488602601628
hnscc,checkpoint_exhaustion_context,Checkpoint,proteomics,62,evaluable,,0.007492848086792841,0.6520766907660336,0.576346861632814,0.5779051273219233,0.0015582656891093283,2.865091676452017e-17,0.48887658097209513,0.2337226745331737,-0.3167119238747689,0.05608017929540933,0.5511410691661776
hnscc,myeloid_inflammatory_context,Myeloid,proteomics,108,evaluable,,-1.933241204585074e-06,0.53272009693518,0.585993986625603,0.5889898161164695,0.0029958294908665195,3.0839528461809902e-18,0.3647594410148915,0.4503321035257493,0.44112315904732524,0.041012889765354825,0.6039309671584203
hnscc,tgfb_emt_exclusion_context,TGF/EMT,proteomics,108,evaluable,,0.0012904995835657325,0.5875989652891321,0.5707509481948065,0.5805191558458673,0.00976820765106079,-1.3106799596269209e-17,0.3308577875530833,0.42394292757823704,1.3070962276513245,0.014852286909219086,0.5698511648076371
hnscc,proteasome_antigen_processing,Proteasome,proteomics,108,evaluable,,-0.00014782502237273534,0.4023367527542272,0.23470461150663413,0.23642117857538436,0.00171656706875023,8.480870326997724e-18,0.560731563884635,-0.4396694667765223,0.2821985457829155,-0.017167300199110194,0.20442386537591528
lscc,antigen_presentation_mhc_i,MHC-I,proteomics,108,evaluable,,-0.010412302652181725,0.8059164566495052,0.6271564097822806,0.6276157936842972,0.00045938390201660795,2.05596856412066e-18,0.41440444893449635,0.151039182075025,0.08740630733285037,-0.008421694437299341,0.5994822442736192
lscc,antigen_presentation_mhc_ii,MHC-II,proteomics,108,evaluable,,-0.021798334175361363,0.7919240415503312,0.767329385797139,0.7785908863354197,0.011261500538280678,1.644774851296528e-17,0.38147124109768965,-0.18745885513714047,0.13988483182901357,0.07145102746577496,0.7287007636042309
lscc,ifn_gamma_response,IFN-gamma,proteomics,108,evaluable,,-0.018236420456208272,0.8765134434537983,0.8937931870261164,0.8943404575321992,0.0005472705060827199,-2.6213599192538418e-17,0.23983278455159282,0.057102539398601146,-0.11720751170223354,-0.014366419922451816,0.8968135289910182
lscc,cytolytic_t_cell_context,Cytolytic,proteomics,108,evaluable,,-0.030215446848806556,0.8763911253948611,0.8597587252587414,0.8630261162577264,0.003267390998984987,0,0.29295490092677584,0.5322431054251701,1.036025855454287,-0.09321977383368106,0.8585271418736623
lscc,checkpoint_exhaustion_context,Checkpoint,proteomics,108,evaluable,,-0.009753740037426118,0.7805827312484951,0.736719536683485,0.7416016290313046,0.0048820923478195555,-8.22387425648264e-18,0.36485068610371296,0.35167253386912817,0.3734012516227474,-0.007564282107710042,0.6786493501085814
lscc,myeloid_inflammatory_context,Myeloid,proteomics,108,evaluable,,-0.010165757433096511,0.631749102946832,0.6396881267675922,0.6544963713840215,0.014808244616429267,8.737866397512806e-18,0.4042528980454349,0.5312997277649908,-0.09695756007717371,0.06293406499185458,0.6414549973321559
lscc,tgfb_emt_exclusion_context,TGF/EMT,proteomics,108,evaluable,,0.011407574752334134,0.816751224693356,0.7809159291716269,0.7932295840148728,0.01231365484324587,-5.13992141030165e-18,0.27993405334403937,0.1636718412377275,0.7718049064879815,0.0018005658921375288,0.7706159232786921
lscc,proteasome_antigen_processing,Proteasome,proteomics,108,evaluable,,-0.003962915644079026,0.22027746737220263,0.049564564821888646,0.053024077007913784,0.0034595121860251377,-1.5933756371935117e-17,0.6095492337769451,0.6262001860662164,1.866927835407989,-0.005068259548238969,0.04180563369752277
luad,antigen_presentation_mhc_i,MHC-I,proteomics,106,evaluable,,-0.005862814870573781,0.5148698111234803,0.42554667561254633,0.4278707180545036,0.0023240424419572747,-1.7281773496523662e-17,0.39835673901327634,-0.400844939555872,1.150842866057975,0.026465475980552686,0.3972774834692594
luad,antigen_presentation_mhc_ii,MHC-II,proteomics,106,evaluable,,-0.00230523716469741,0.5206581808968751,0.4727491506814666,0.5077281498587893,0.03497899917732272,-4.1895208476421e-18,0.45319722013990055,-0.30110416087913866,0.949327221485039,0.07885230621961359,0.46703797704622874
luad,ifn_gamma_response,IFN-gamma,proteomics,106,evaluable,,0.0008201801678409121,0.674002840439636,0.6105557103323435,0.6217728919362928,0.011217181603949355,-2.3042364662031552e-17,0.41568151116918783,0.07927464165874987,1.4844010580599822,0.1244476912613044,0.5948533254499695
luad,cytolytic_t_cell_context,Cytolytic,proteomics,106,evaluable,,-0.010475737253151289,0.6298942041245337,0.5184745376025217,0.5285850328430797,0.01011049524055796,-1.466332296674735e-17,0.46981396422281185,-0.1659109463858713,4.548485736662036,0.02192105196866262,0.5094126772678027
luad,checkpoint_exhaustion_context,Checkpoint,proteomics,106,evaluable,,-0.004933322490036136,0.5944911056357918,0.5055256673406179,0.5245419117407559,0.01901624440013805,4.1895208476421e-18,0.44533352862756287,-0.7573485411759417,2.3980429881634486,-0.014756782628410209,0.45691565123557887
luad,myeloid_inflammatory_context,Myeloid,proteomics,106,evaluable,,0.0158921357798432,0.5320062544816073,0.3862732060214217,0.4284810004849824,0.04220779446356071,3.35161667811368e-17,0.5792353842001826,-0.6772961117262106,4.82138877742268,0.11014938156535758,0.4439183919482368
luad,tgfb_emt_exclusion_context,TGF/EMT,proteomics,106,evaluable,,0.01408307591757425,0.6338907978248057,0.5502015711918923,0.5738779797247878,0.023676408532895543,-1.67580833905684e-17,0.3444846278112963,-0.2313600715959006,4.867669194485627,0.1348363856210797,0.5586618208463787
luad,proteasome_antigen_processing,Proteasome,proteomics,106,evaluable,,0.000797169414161309,0.26024712800127286,0.08727213110018284,0.12128746762072062,0.03401533652053779,2.251867455607629e-17,0.6135442774453723,-0.1640813218907688,-0.11806688214011585,0.012197395269163918,0.08217768149289206
ov,antigen_presentation_mhc_i,MHC-I,proteomics,82,evaluable,,0.04923174398046099,0.7057116816159242,0.5462234393546548,0.5541354303303792,0.00791199097572437,-8.12358310701334e-18,0.3867936816609734,-0.7936615487244861,1.9191569057038955,0.022496490025141216,0.5002666497266526
ov,antigen_presentation_mhc_ii,MHC-II,proteomics,82,evaluable,,0.014576093638061016,0.6670081785316968,0.5639892233216235,0.5644549199122946,0.00046569659067108304,6.431169959718895e-18,0.37905692093130494,-0.476399795869642,1.5406630277386903,-0.026762878070547773,0.5484550129124875
ov,ifn_gamma_response,IFN-gamma,proteomics,82,evaluable,,0.04355896096207798,0.80981493611038,0.7414293790978028,0.7416489212085302,0.00021954211072738872,1.624716621402668e-17,0.3552241562249169,-0.370001165961701,0.13610861476403802,0.06953559495434312,0.7305922645685177
ov,cytolytic_t_cell_context,Cytolytic,proteomics,77,evaluable,,-0.059601323714777645,0.5424092823633798,0.452767173999554,0.46143823918468885,0.00867106518513483,-2.1627721258931622e-17,0.5127547960139588,-0.14189965134953939,-0.037464937818191046,0.03543824596456176,0.4610480688530063
ov,checkpoint_exhaustion_context,Checkpoint,proteomics,5,not_evaluable,model_n_or_distinct_value_gate_failed,,,,,,,,,,,
ov,myeloid_inflammatory_context,Myeloid,proteomics,82,evaluable,,0.001987828609494762,0.36519178626709076,0.22375720651159703,0.22749955210627482,0.0037423455946777873,-6.769652589177784e-18,0.5832902563246577,0.0867367073363672,0.9538886889109395,0.024150803757033556,0.20995846862087053
ov,tgfb_emt_exclusion_context,TGF/EMT,proteomics,82,evaluable,,-0.021658818572647513,0.6666033900856796,0.5034133182220744,0.5189142832462371,0.01550096502416276,1.2185374660520011e-17,0.4272690673300506,0.8515264363684099,1.0833486395849863,-0.024999727908925674,0.5189436628876865
ov,proteasome_antigen_processing,Proteasome,proteomics,82,evaluable,,0.021925687457473513,0.3425647694675221,0.24528747451878818,0.25855429430745847,0.013266819788670281,2.030895776753335e-17,0.453471830225133,-0.13335531029401532,0.08183003126910204,-0.03570923259433398,0.1983346512176355
pdac,antigen_presentation_mhc_i,MHC-I,proteomics,105,evaluable,,-0.07841197371443825,0.5733630696685711,0.6138253238200022,0.643487208128898,0.029661884308895825,3.96508223080413e-18,0.3100744813532161,0.4750363377866931,0.21337855239992987,-0.0956043956043956,0.5369063822621657
pdac,antigen_presentation_mhc_ii,MHC-II,proteomics,105,evaluable,,0.03814567375811319,0.5807550881395556,0.6054607046803218,0.6095123974502823,0.004051692769960535,-1.4802973661668754e-17,0.3483598050219344,-0.15545422238650164,-0.2462576161245731,0.011103047895500723,0.5650531705432652
pdac,ifn_gamma_response,IFN-gamma,proteomics,105,evaluable,,-0.052553734970780794,0.8158787343970888,0.8092291531065134,0.8148115044380511,0.005582351331537616,1.163090787702545e-17,0.2982089104081623,-0.33657736265527194,1.213271872619961,-0.03740410532863363,0.8130632265250193
pdac,cytolytic_t_cell_context,Cytolytic,proteomics,105,evaluable,,0.1120503457760976,0.7219712695252716,0.5789543363666554,0.5839962602230637,0.005041923856408337,2.2204460492503132e-17,0.4234487182467255,0.48283502864723,-0.06254428889453756,-0.02247563756997719,0.5440400572125521
pdac,checkpoint_exhaustion_context,Checkpoint,proteomics,31,evaluable,,-0.09920625694794678,0.6100636902497076,0.3889797507359314,0.39021570395042837,0.0012359532144969876,-2.1488187573390126e-17,0.5707603097797773,0.6195723992075854,0.47283368999813646,-0.03870967741935485,0.19459482310093634
pdac,myeloid_inflammatory_context,Myeloid,proteomics,105,evaluable,,0.004920946176437726,0.5107553355161176,0.4843489152131035,0.4851159054823472,0.0007669902692436503,-1.6917684184764292e-17,0.41956836640339246,1.188870983356814,4.125565152476975,0.05737093095583662,0.4773397444316274
pdac,tgfb_emt_exclusion_context,TGF/EMT,proteomics,105,evaluable,,-0.04302359752868185,0.6891120227704398,0.6316158577699105,0.6425652663455916,0.010949408575681163,0,0.33664759407426603,0.198954665329893,0.7483894132919624,0.046630727762803234,0.6574845986873752
pdac,proteasome_antigen_processing,Proteasome,proteomics,105,evaluable,,-0.022911057701815975,0.10263333236205702,0.01562301689296508,0.056252596528390875,0.040629579635425794,-1.0044874984703797e-17,0.5854870274885327,-0.1540111731453831,0.2023426394036525,-0.09677586564379018,0.00014762527110978585
ucec,antigen_presentation_mhc_i,MHC-I,proteomics,95,evaluable,,-0.030781078027720107,0.5628735536341654,0.4498137187170358,0.45002659410276846,0.0002128753857326693,5.843279076974508e-19,0.40509121150543237,0.012556826995622477,0.13281311330848933,0.0028415453527435614,0.36894060956405983
ucec,antigen_presentation_mhc_ii,MHC-II,proteomics,95,evaluable,,-0.037058446655423495,0.6235005250879843,0.5717824199449039,0.5731365691876843,0.0013541492427804336,0,0.40912760358059974,0.2535114658187339,0.3045489884693322,0.013031914893617023,0.5567616306810843
ucec,ifn_gamma_response,IFN-gamma,proteomics,95,evaluable,,-0.013431622588752704,0.8169655530698953,0.7941037241518755,0.7959279274757892,0.0018242033239137534,8.18059070776431e-18,0.31384414019756296,0.17114921301007227,0.5661182407351077,0.005207166853303471,0.752065750442975
ucec,cytolytic_t_cell_context,Cytolytic,proteomics,90,evaluable,,-0.08138268198030926,0.6123262517832212,0.5297725309294674,0.5369511022417852,0.007178571312317805,-2.837236618486511e-17,0.4578092875882701,0.38760165956169956,0.8518096024400377,0.03270362596205293,0.5746559732239196
ucec,checkpoint_exhaustion_context,Checkpoint,proteomics,43,evaluable,,-0.08838414579494687,0.489591911471328,0.3190519399322861,0.3250472703062366,0.005995330373950503,-2.1946269091427512e-17,0.5861528068116484,0.9425852871656717,1.6373665847899095,0.23104802174569616,0.32394696991741356
ucec,myeloid_inflammatory_context,Myeloid,proteomics,95,evaluable,,-0.014886229037424654,0.5684586146292007,0.5071262615170394,0.508822179310652,0.0016959177936125558,-8.18059070776431e-18,0.4938610227462673,-0.03022249405963565,0.2532999241671483,0.0446528555431131,0.44860368833147957
ucec,tgfb_emt_exclusion_context,TGF/EMT,proteomics,95,evaluable,,0.026465681042615027,0.7225345085879664,0.5792309543806528,0.5792325286135818,1.574232929013597e-06,1.402386978473882e-17,0.32631700289431437,0.0540086554321956,-0.03295046414675129,0.04847424412094065,0.570147598976549
ucec,proteasome_antigen_processing,Proteasome,proteomics,95,evaluable,,-0.0026167601947345003,0.27150699016807267,0.10503275587361038,0.10580757173955502,0.0007748158659446336,9.349246523159213e-18,0.6422034291986765,0.4621582250288992,-0.058513011945251936,-0.01702127659574468,0.10046699224652611
brca,antigen_presentation_mhc_i,MHC-I,phosphoproteomics,61,evaluable,,-0.10194706626684581,0.4807618491893317,0.28457078742676056,0.2851429528373052,0.0005721654105446117,-1.3650283089653564e-17,0.4542402121864704,0.5657319842209689,0.994783141026172,0.02030671602326811,0.30003281429107953
brca,antigen_presentation_mhc_ii,MHC-II,phosphoproteomics,0,not_evaluable,model_n_or_distinct_value_gate_failed,,,,,,,,,,,
brca,ifn_gamma_response,IFN-gamma,phosphoproteomics,111,evaluable,,-0.03601192435812428,0.6534095921495132,0.6072723506662161,0.6289337837607449,0.021661433094528837,-2.000401846171453e-17,0.3950766766661382,0.2931233190511649,0.5169521896946958,-0.021568971568971567,0.5379622637816303
brca,cytolytic_t_cell_context,Cytolytic,phosphoproteomics,0,not_evaluable,model_n_or_distinct_value_gate_failed,,,,,,,,,,,
brca,checkpoint_exhaustion_context,Checkpoint,phosphoproteomics,33,evaluable,,-0.10892040173195104,1.0010137015720086,0.657196675582217,0.6750150807402809,0.017818405158063988,3.364312195833808e-17,0.5001303117791563,-0.8804885385880414,0.8401851044799629,0.02005347593582888,0.6942587765234922
brca,myeloid_inflammatory_context,Myeloid,phosphoproteomics,40,evaluable,,0.01313627680493514,0.6129067863419458,0.29811608932532774,0.3184899299474472,0.020373840622119443,4.163336342344337e-17,0.634527434456709,-0.11135773487517035,-0.3725119431371837,-0.02626641651031895,0.2473802575953311
brca,tgfb_emt_exclusion_context,TGF/EMT,phosphoproteomics,121,evaluable,,-0.047544509136342575,0.5998505287803383,0.4156015077569365,0.4185466829807408,0.0029451752238043305,4.587698448864283e-19,0.4200925016227955,1.0173506953241251,4.221788509597364,0.002513209592196179,0.48819026641214236
brca,proteasome_antigen_processing,Proteasome,phosphoproteomics,121,evaluable,,0.02036691533854291,0.1708021960454497,0.06407211523866496,0.07175995541467672,0.007687840176011762,-1.5598174726138563e-17,0.4481249979270509,-0.25298891442010935,1.4243549429294564,-0.04173553719008263,0.04708741242362369
ccrcc,antigen_presentation_mhc_i,MHC-I,phosphoproteomics,98,evaluable,,-0.048676695824321,0.4364552346267822,0.22756541020783672,0.22762397574826032,5.856554042360518e-05,5.664403186863043e-19,0.5150817409956426,1.1500573778840222,4.3248830258968045,-0.026796473040950206,0.2754059713657666
ccrcc,antigen_presentation_mhc_ii,MHC-II,phosphoproteomics,0,not_evaluable,model_n_or_distinct_value_gate_failed,,,,,,,,,,,
ccrcc,ifn_gamma_response,IFN-gamma,phosphoproteomics,91,evaluable,,-0.10961155490516918,0.5320417227174011,0.460403489296366,0.46291919991022423,0.0025157106138582463,-1.525031627232358e-17,0.3704376857133475,0.005062386597806782,0.976190695835442,-0.005733397037744864,0.4922321908110977
ccrcc,cytolytic_t_cell_context,Cytolytic,phosphoproteomics,0,not_evaluable,model_n_or_distinct_value_gate_failed,,,,,,,,,,,
ccrcc,checkpoint_exhaustion_context,Checkpoint,phosphoproteomics,31,evaluable,,-0.07048696722354844,0.7773481122670901,0.6749394034254901,0.7724748629778293,0.09753545955233922,-5.909251582682284e-17,0.4122452816021821,0.15948748550002703,-0.6183644850437631,-0.01895161290322581,0.6893016714360042
ccrcc,myeloid_inflammatory_context,Myeloid,phosphoproteomics,9,not_evaluable,model_n_or_distinct_value_gate_failed,,,,,,,,,,,
ccrcc,tgfb_emt_exclusion_context,TGF/EMT,phosphoproteomics,103,evaluable,,-0.06799846419751059,0.5907695487467097,0.43762256290151547,0.4630279141313781,0.02540535122986265,-1.4820938435530002e-17,0.30487769591905167,-0.39606175486987627,1.0344706216811783,0.03610025040636121,0.448475665936406
ccrcc,proteasome_antigen_processing,Proteasome,phosphoproteomics,103,evaluable,,0.0038387411940679086,0.24273694986715455,0.16204992855916356,0.17825325266507908,0.016203324105915518,1.886301255431091e-18,0.36484160549059524,1.0505899891656063,2.5072246295152407,-0.010774063172692527,0.17472642394198312
coad,antigen_presentation_mhc_i,MHC-I,phosphoproteomics,82,evaluable,,-0.035348797853807123,0.5713365479466788,0.4501664428021064,0.45103350683378096,0.0008670640316745803,1.7601096731862238e-17,0.42225052432133753,0.1645651157596311,0.6322843105914369,-0.0330318564229819,0.41767991086520406
coad,ifn_gamma_response,IFN-gamma,phosphoproteomics,68,evaluable,,-0.024282087140790134,0.40507383580242573,0.2540434563413819,0.29868467628181017,0.044641219940428245,1.3061447348531253e-17,0.5411004130517701,0.7374077604782491,1.0019693488701655,-0.1296713364125663,0.13217084095720077
coad,cytolytic_t_cell_context,Cytolytic,phosphoproteomics,0,not_evaluable,model_n_or_distinct_value_gate_failed,,,,,,,,,,,
coad,checkpoint_exhaustion_context,Checkpoint,phosphoproteomics,25,evaluable,,-0.2120065268133845,0.3770589992055004,0.26986035203627223,0.2715479065562014,0.0016875545199291908,-6.661338147750939e-17,0.48534032161258284,-0.35047755232578454,-0.48378029672819167,0.05538461538461539,0.1990532544378698
coad,myeloid_inflammatory_context,Myeloid,phosphoproteomics,0,not_evaluable,model_n_or_distinct_value_gate_failed,,,,,,,,,,,
coad,tgfb_emt_exclusion_context,TGF/EMT,phosphoproteomics,96,evaluable,,0.008750816526951106,0.4777513832692696,0.3108170839245016,0.3640617696558247,0.05324468573132313,1.850371707708594e-17,0.43064593644936056,-0.32612984731285666,0.3186487719826241,0.10278079218665219,0.3194273652134795
coad,proteasome_antigen_processing,Proteasome,phosphoproteomics,96,evaluable,,0.026780241668235276,0.37340969159149634,0.31817018528027374,0.3199652208646152,0.0017950355843414645,-1.850371707708594e-17,0.4404945885739429,0.1345109833380326,-0.310697514626896,-0.004815518176885513,0.3184467987787375
gbm,antigen_presentation_mhc_i,MHC-I,phosphoproteomics,99,evaluable,,-0.017706385285690737,0.3305644893953768,0.25972568419717035,0.2610215001425492,0.0012958159453788642,8.41078048958452e-18,0.42402840798453917,0.028457822311139313,-0.53296381572419,0.06170686456400741,0.24441619496620826
gbm,antigen_presentation_mhc_ii,MHC-II,phosphoproteomics,0,not_evaluable,model_n_or_distinct_value_gate_failed,,,,,,,,,,,
gbm,ifn_gamma_response,IFN-gamma,phosphoproteomics,99,evaluable,,-0.035893377051164015,0.507587964922606,0.46027478406903977,0.4844680538664641,0.02419326979742431,7.28934309097325e-18,0.40191228637610743,0.7671480059002145,0.839234215987462,-0.06920222634508348,0.4337244721647585
gbm,checkpoint_exhaustion_context,Checkpoint,phosphoproteomics,26,evaluable,,-0.12909285943489313,0.3517990199611453,0.27035530637271443,0.2941674397436067,0.023812133370892274,-2.9890619893754213e-17,0.4643194967620874,-0.18415303444675363,-0.918616426976536,0.031794871794871796,0.2563647892468405
gbm,myeloid_inflammatory_context,Myeloid,phosphoproteomics,99,evaluable,,-0.012591880816596459,0.5878193034354929,0.5821239846872179,0.5975613607991814,0.015437376111963497,1.2335811384723961e-17,0.4489137345784403,0.2764809555802692,-0.0208362123039203,0.05727891156462585,0.6089982917280028
gbm,tgfb_emt_exclusion_context,TGF/EMT,phosphoproteomics,99,evaluable,,-0.015266642559428735,0.5527582856963184,0.6540752822964075,0.6599123352511662,0.00583705295475867,7.28934309097325e-18,0.2674432249390529,0.25548297339260656,0.21564996141620574,0.024996907854050707,0.6261438474709611
gbm,proteasome_antigen_processing,Proteasome,phosphoproteomics,99,evaluable,,0.003651959319822979,0.14622076673469778,0.044674935343975264,0.044698614773614476,2.367942963921177e-05,2.0185873175002847e-17,0.49579185446032853,1.2540256589375531,2.79344337168871,-0.04050711193568336,0.04252726484870695
hnscc,antigen_presentation_mhc_i,MHC-I,phosphoproteomics,108,evaluable,,-0.0294825683640541,0.4619758950524615,0.3157419220362254,0.34057601066440824,0.024834088628182815,3.9063402718292546e-17,0.5049355990190078,0.4388601504540101,0.5374509956837219,-0.026112968837825223,0.27488851102292966
hnscc,antigen_presentation_mhc_ii,MHC-II,phosphoproteomics,0,not_evaluable,model_n_or_distinct_value_gate_failed,,,,,,,,,,,
hnscc,ifn_gamma_response,IFN-gamma,phosphoproteomics,108,evaluable,,-0.029791227877966425,0.6293196507609875,0.720936121576325,0.7349832040644809,0.014047082488155893,-3.4951465590051226e-17,0.32388754930609903,0.6326302482587864,0.42398586816104133,-0.025045966827669647,0.7091851879410214
hnscc,cytolytic_t_cell_context,Cytolytic,phosphoproteomics,0,not_evaluable,model_n_or_distinct_value_gate_failed,,,,,,,,,,,
hnscc,checkpoint_exhaustion_context,Checkpoint,phosphoproteomics,76,evaluable,,0.020562548119846,0.655741355174913,0.5433216945797005,0.5929767258106464,0.049655031230945945,1.1686558153949016e-17,0.480133039529043,0.2892177501845029,-0.07083319256190856,-0.008038277511961723,0.5694419980853769
hnscc,myeloid_inflammatory_context,Myeloid,phosphoproteomics,6,not_evaluable,model_n_or_distinct_value_gate_failed,,,,,,,,,,,
hnscc,tgfb_emt_exclusion_context,TGF/EMT,phosphoproteomics,108,evaluable,,-0.016865216811228375,0.3930748566167445,0.3144650964516553,0.3349058198670951,0.020440723415439788,-1.4905772089874788e-17,0.3768190181424177,0.02414801486834578,-0.175056389074844,0.0028199338839825848,0.3001587153763915
hnscc,proteasome_antigen_processing,Proteasome,phosphoproteomics,108,evaluable,,-4.3835448665563574e-05,0.3425029838478205,0.3433097306735665,0.34422872113879754,0.0009189904652310288,1.4905772089874788e-17,0.36560586463334754,-0.006020628036161051,-0.6275367159688376,-0.010174626311126353,0.30100485776598895
lscc,antigen_presentation_mhc_i,MHC-I,phosphoproteomics,103,evaluable,,-0.008110152831407924,0.5415090563498627,0.5202173485892467,0.5361187880342635,0.015901439445016763,3.772602510862182e-18,0.3533645959287302,-0.05579138262595277,0.12265705533742377,0.06789526863770154,0.5780588355403157
lscc,antigen_presentation_mhc_ii,MHC-II,phosphoproteomics,0,not_evaluable,model_n_or_distinct_value_gate_failed,,,,,,,,,,,
lscc,ifn_gamma_response,IFN-gamma,phosphoproteomics,108,evaluable,,-0.09353809580154203,0.6591437131406481,0.7006497860629898,0.7200503545523125,0.0194005684893227,-3.39234813079909e-17,0.34198865851117427,0.1348134135210897,-0.6580561230729769,-0.014804652890908572,0.6833034351644669
lscc,cytolytic_t_cell_context,Cytolytic,phosphoproteomics,0,not_evaluable,model_n_or_distinct_value_gate_failed,,,,,,,,,,,
lscc,checkpoint_exhaustion_context,Checkpoint,phosphoproteomics,103,evaluable,,-0.018578209034523528,0.6813183252266101,0.5963109724714296,0.6135871796079404,0.01727620713651079,-2.2635615065173094e-17,0.44038474019878293,-0.18463461991433372,0.5768985130125843,-0.02658920177481,0.5533776870229139
lscc,myeloid_inflammatory_context,Myeloid,phosphoproteomics,89,evaluable,,-0.03051021490730526,0.5334850887193175,0.3869338939886987,0.40798197513504353,0.02104808114634482,2.6196273614750884e-17,0.5873957563986266,-0.2800444659625293,0.4247199035372784,0.021195097037793674,0.3602451898447583
lscc,tgfb_emt_exclusion_context,TGF/EMT,phosphoproteomics,108,evaluable,,-0.006852483648352313,0.6357400861780809,0.6748990797127502,0.6948931268996272,0.01999404718687703,-4.625929269271485e-18,0.28551698967377864,-0.3618227256191441,0.6446083872469317,-0.048491430640105936,0.6721353561961937
lscc,proteasome_antigen_processing,Proteasome,phosphoproteomics,108,evaluable,,-0.018273792393136524,0.22024659809424849,0.08262537941654191,0.10393494805950199,0.021309568642960075,-1.0022846750088219e-17,0.4637553044828072,0.25111926811381763,-0.2712494329888111,-0.04474739680089933,0.056055356605622886
luad,antigen_presentation_mhc_i,MHC-I,phosphoproteomics,98,evaluable,,-0.016894803255293942,0.2880764310851805,0.1806088963230762,0.18829014104269015,0.0076812447196139555,-4.248302390147283e-18,0.4156459985393641,0.32703751505082157,0.7323116106368714,-0.03796645181033988,0.12710284869146016
luad,antigen_presentation_mhc_ii,MHC-II,phosphoproteomics,4,not_evaluable,model_n_or_distinct_value_gate_failed,,,,,,,,,,,
luad,ifn_gamma_response,IFN-gamma,phosphoproteomics,106,evaluable,,-0.05257308924258834,0.39732950369503633,0.35575484397725465,0.361749914575061,0.005995070597806351,-3.692015246984601e-17,0.4128953050660496,0.03626360575333738,0.4422550816289825,0.026102728165856365,0.3206782548675554
luad,cytolytic_t_cell_context,Cytolytic,phosphoproteomics,0,not_evaluable,model_n_or_distinct_value_gate_failed,,,,,,,,,,,
luad,checkpoint_exhaustion_context,Checkpoint,phosphoproteomics,98,evaluable,,-0.01878765471565711,0.5188718182824571,0.3570662266772273,0.43020216842374215,0.07313594174651483,2.1524732110079565e-17,0.5222575477160899,-0.0010741381574425521,3.1926886356577175,-0.07633456381615437,0.32022946729726753
luad,myeloid_inflammatory_context,Myeloid,phosphoproteomics,91,evaluable,,-0.018049901220318,0.47937893556765926,0.3919158442841941,0.39443491244118245,0.0025190681569883244,6.1001265089294314e-18,0.5250373702559744,0.07600224866963118,-0.5805152255504082,-0.01605351170568562,0.3249490223937138
luad,tgfb_emt_exclusion_context,TGF/EMT,phosphoproteomics,106,evaluable,,-0.009967358305805554,0.5684182441815235,0.4362652572735869,0.4799285097458953,0.0436632524723084,-1.1521182331015776e-17,0.3883626364991945,-0.8729173800763832,5.785292485943032,0.04184195279240245,0.4789015145014818
luad,proteasome_antigen_processing,Proteasome,phosphoproteomics,106,evaluable,,-0.016897549495861294,0.245650818887087,0.09111316626878985,0.14132664539428053,0.05021347912549068,1.7805463602478925e-17,0.5656003271676455,0.046986867148685475,-0.99725702093503,0.006736025392347029,0.0713791696640429
ov,antigen_presentation_mhc_i,MHC-I,phosphoproteomics,73,evaluable,,0.04715006290564918,0.5546349615474929,0.39561958340579617,0.4052308369259545,0.009611253520158347,-1.2927254396320315e-17,0.43220890457750033,-0.09611233425145176,0.10266386401349381,-0.06031716648155005,0.30978572817465566
ov,antigen_presentation_mhc_ii,MHC-II,phosphoproteomics,0,not_evaluable,model_n_or_distinct_value_gate_failed,,,,,,,,,,,
ov,ifn_gamma_response,IFN-gamma,phosphoproteomics,75,evaluable,,0.0005207701502139422,0.38045451324103746,0.36866149402346493,0.36906762232128765,0.00040612829782271653,0,0.38232723925758677,0.09366194346004218,-0.6915585724908984,0.0197724039829303,0.3581588323968201
ov,cytolytic_t_cell_context,Cytolytic,phosphoproteomics,0,not_evaluable,model_n_or_distinct_value_gate_failed,,,,,,,,,,,
ov,checkpoint_exhaustion_context,Checkpoint,phosphoproteomics,3,not_evaluable,model_n_or_distinct_value_gate_failed,,,,,,,,,,,
ov,myeloid_inflammatory_context,Myeloid,phosphoproteomics,15,not_evaluable,model_n_or_distinct_value_gate_failed,,,,,,,,,,,
ov,tgfb_emt_exclusion_context,TGF/EMT,phosphoproteomics,82,evaluable,,-0.01678124619366929,0.39386536034243225,0.32017423975296766,0.32684337597183355,0.00666913621886589,3.977170896141948e-18,0.37038394533273405,-0.016153620729947745,-0.021847006814619263,-0.022235282593789797,0.2848137373991916
ov,proteasome_antigen_processing,Proteasome,phosphoproteomics,82,evaluable,,0.057443482378678495,0.30521525626260865,0.1884307366578346,0.19346250823294786,0.005031771575113253,4.4002741829655595e-18,0.47802177987208677,0.22353189991630198,0.2527012182172266,0.0012080843700003265,0.18039911263450048
pdac,antigen_presentation_mhc_i,MHC-I,phosphoproteomics,105,evaluable,,-0.07306822489330518,0.41306926109775227,0.2866415713061956,0.2964197548373846,0.009778183531188978,1.5860328923216522e-18,0.4442976365345978,0.0756828184949802,-0.3099728337078109,-0.052799087704748074,0.1968485129332035
pdac,antigen_presentation_mhc_ii,MHC-II,phosphoproteomics,0,not_evaluable,model_n_or_distinct_value_gate_failed,,,,,,,,,,,
pdac,ifn_gamma_response,IFN-gamma,phosphoproteomics,105,evaluable,,-0.07975143611266007,0.5624228387430195,0.5539074800278794,0.5542787425883293,0.00037126256044994754,2.114710523095536e-17,0.37995447363115686,-0.28829679687602433,0.45403685200595634,0.03131868131868132,0.5415653804647189
pdac,cytolytic_t_cell_context,Cytolytic,phosphoproteomics,0,not_evaluable,model_n_or_distinct_value_gate_failed,,,,,,,,,,,
pdac,checkpoint_exhaustion_context,Checkpoint,phosphoproteomics,15,not_evaluable,model_n_or_distinct_value_gate_failed,,,,,,,,,,,
pdac,myeloid_inflammatory_context,Myeloid,phosphoproteomics,10,not_evaluable,model_n_or_distinct_value_gate_failed,,,,,,,,,,,
pdac,tgfb_emt_exclusion_context,TGF/EMT,phosphoproteomics,105,evaluable,,-0.05010898228356933,0.406275489438073,0.3748572938968442,0.37645726782499633,0.001599973928152143,-6.079792753899667e-18,0.33561314353995597,-0.2015418615230915,0.0581549497640097,-0.012595894671366369,0.3639168789539068
pdac,proteasome_antigen_processing,Proteasome,phosphoproteomics,105,evaluable,,-0.06534729809786469,0.23034654074446326,0.11385238484633098,0.15924914722379713,0.04539676237746615,8.458842092382146e-18,0.4618428642172333,0.15213532842559646,0.616238518044947,0.007495334853825419,0.1055205783813985
ucec,antigen_presentation_mhc_i,MHC-I,phosphoproteomics,89,evaluable,,-0.03292056875100261,0.4004850742498985,0.2871652460133377,0.2925982393496489,0.005432993336311198,-1.4345578408077867e-17,0.4216784900959811,0.9318350294969607,2.1987685926428493,-0.038066053796390886,0.2469619589984614
ucec,antigen_presentation_mhc_ii,MHC-II,phosphoproteomics,0,not_evaluable,model_n_or_distinct_value_gate_failed,,,,,,,,,,,
ucec,ifn_gamma_response,IFN-gamma,phosphoproteomics,95,evaluable,,-0.008912319725673823,0.4988677068940764,0.43611731178445257,0.43620044073462727,8.312895017470456e-05,1.7529837230923523e-17,0.4279595864507629,0.930172285139366,0.876136544536938,-0.015131578947368421,0.4413950706016937
ucec,cytolytic_t_cell_context,Cytolytic,phosphoproteomics,0,not_evaluable,model_n_or_distinct_value_gate_failed,,,,,,,,,,,
ucec,checkpoint_exhaustion_context,Checkpoint,phosphoproteomics,31,evaluable,,-0.0880586143663016,0.490651576386144,0.4607511748974573,0.4621718906986416,0.0014207158011843024,-1.7906822977825105e-18,0.5064097098496669,0.5973223120410167,0.7414318650177902,-0.031854838709677424,0.4815688410509885
ucec,myeloid_inflammatory_context,Myeloid,phosphoproteomics,0,not_evaluable,model_n_or_distinct_value_gate_failed,,,,,,,,,,,
ucec,tgfb_emt_exclusion_context,TGF/EMT,phosphoproteomics,95,evaluable,,-0.005506958460109698,0.41550347005975813,0.27767859200386225,0.2926188172713583,0.014940225267496055,-1.1102230246251566e-17,0.3551025561339096,0.40494315410996434,0.5230540372771713,-0.037625979843225084,0.2688619916837943
ucec,proteasome_antigen_processing,Proteasome,phosphoproteomics,95,evaluable,,-0.012874731376634163,0.2058055718400674,0.15542721056820874,0.1615295797444094,0.0061023691762006615,2.658691980023401e-17,0.38874298009358643,-0.003823734499093241,-0.19871691144059822,0.003121500559910414,0.14406827583958348
