cohort_label,cancer_code,comparison_layer,program,program_label,matched_sample_n,status,reason,spearman_rho,ci_lower,ci_upper,p_value,fdr_family,q_value_bh,evidence_status
APOLLO-LUAD,luad,proteomics,antigen_presentation_mhc_i,MHC-I,87,evaluable,,0.7951447109426258,0.7020943427415528,0.8614959691845413,3.701534923491268e-20,apollo_APOLLO-LUAD_proteomics,5.552302385236903e-20,supported
APOLLO-LUAD,luad,proteomics,antigen_presentation_mhc_ii,MHC-II,87,evaluable,,0.8138805861339942,0.7280512824330194,0.8745873727440743,9.547714241740633e-22,apollo_APOLLO-LUAD_proteomics,2.86431427252219e-21,supported
APOLLO-LUAD,luad,proteomics,ifn_gamma_response,IFN-gamma,87,evaluable,,0.893836115768754,0.8416597900978822,0.9294776536039009,2.368719501525356e-31,apollo_APOLLO-LUAD_proteomics,1.4212317009152136e-30,supported
APOLLO-LUAD,luad,proteomics,cytolytic_t_cell_context,Cytolytic,0,not_evaluable,missing_program_score_or_n_below_10,,,,,apollo_APOLLO-LUAD_proteomics,,not_evaluable
APOLLO-LUAD,luad,proteomics,checkpoint_exhaustion_context,Checkpoint,0,not_evaluable,missing_program_score_or_n_below_10,,,,,apollo_APOLLO-LUAD_proteomics,,not_evaluable
APOLLO-LUAD,luad,proteomics,myeloid_inflammatory_context,Myeloid,87,evaluable,,0.8111103010862433,0.7241977238675714,0.8726572388343812,1.681993499174031e-21,apollo_APOLLO-LUAD_proteomics,3.363986998348062e-21,supported
APOLLO-LUAD,luad,proteomics,tgfb_emt_exclusion_context,TGF/EMT,87,evaluable,,0.7459903769045709,0.6351507023895913,0.8267256616550194,1.1278141873976867e-16,apollo_APOLLO-LUAD_proteomics,1.353377024877224e-16,supported
APOLLO-LUAD,luad,proteomics,proteasome_antigen_processing,Proteasome,87,evaluable,,0.1087336881242254,-0.10430359263912065,0.31223043956543756,0.3160985972105197,apollo_APOLLO-LUAD_proteomics,0.3160985972105197,null_result
APOLLO-LUAD,luad,phosphoproteomics,antigen_presentation_mhc_i,MHC-I,87,evaluable,,-0.03754465262083545,-0.24624542037435004,0.17448354077791697,0.7299065248815642,apollo_APOLLO-LUAD_phosphoproteomics,0.948436411629066,null_result
APOLLO-LUAD,luad,phosphoproteomics,antigen_presentation_mhc_ii,MHC-II,0,not_evaluable,missing_program_score_or_n_below_10,,,,,apollo_APOLLO-LUAD_phosphoproteomics,,not_evaluable
APOLLO-LUAD,luad,phosphoproteomics,ifn_gamma_response,IFN-gamma,87,evaluable,,-0.2808923233943282,-0.464081137844221,-0.07466176847641819,0.008404339287534495,apollo_APOLLO-LUAD_phosphoproteomics,0.04202169643767247,opposite
APOLLO-LUAD,luad,phosphoproteomics,cytolytic_t_cell_context,Cytolytic,0,not_evaluable,missing_program_score_or_n_below_10,,,,,apollo_APOLLO-LUAD_phosphoproteomics,,not_evaluable
APOLLO-LUAD,luad,phosphoproteomics,checkpoint_exhaustion_context,Checkpoint,0,not_evaluable,missing_program_score_or_n_below_10,,,,,apollo_APOLLO-LUAD_phosphoproteomics,,not_evaluable
APOLLO-LUAD,luad,phosphoproteomics,myeloid_inflammatory_context,Myeloid,49,evaluable,,-0.026122448979591834,-0.3050780703744336,0.2569616596792175,0.8585918603519269,apollo_APOLLO-LUAD_phosphoproteomics,0.948436411629066,null_result
APOLLO-LUAD,luad,phosphoproteomics,tgfb_emt_exclusion_context,TGF/EMT,87,evaluable,,-0.007035065976525479,-0.21736120583153545,0.20391537390248865,0.948436411629066,apollo_APOLLO-LUAD_phosphoproteomics,0.948436411629066,null_result
APOLLO-LUAD,luad,phosphoproteomics,proteasome_antigen_processing,Proteasome,87,evaluable,,0.08884960268280234,-0.12412171371408116,0.2939954328941021,0.4131473084559059,apollo_APOLLO-LUAD_phosphoproteomics,0.948436411629066,null_result
APOLLO-OV,ov,proteomics,antigen_presentation_mhc_i,MHC-I,70,evaluable,,0.8822500218703525,0.8165519936944884,0.9253861038766776,6.143908138011134e-24,apollo_APOLLO-OV_proteomics,1.228781627602227e-23,supported
APOLLO-OV,ov,proteomics,antigen_presentation_mhc_ii,MHC-II,70,evaluable,,0.8969119062199282,0.8386933434350939,0.9348626844413018,8.561233643005967e-26,apollo_APOLLO-OV_proteomics,2.56837009290179e-25,supported
APOLLO-OV,ov,proteomics,ifn_gamma_response,IFN-gamma,70,evaluable,,0.9065348613419648,0.8533306238183797,0.9410531381691591,3.595662483160494e-27,apollo_APOLLO-OV_proteomics,2.1573974898962963e-26,supported
APOLLO-OV,ov,proteomics,cytolytic_t_cell_context,Cytolytic,0,not_evaluable,missing_program_score_or_n_below_10,,,,,apollo_APOLLO-OV_proteomics,,not_evaluable
APOLLO-OV,ov,proteomics,checkpoint_exhaustion_context,Checkpoint,0,not_evaluable,missing_program_score_or_n_below_10,,,,,apollo_APOLLO-OV_proteomics,,not_evaluable
APOLLO-OV,ov,proteomics,myeloid_inflammatory_context,Myeloid,70,evaluable,,0.728422710174088,0.5953488427141879,0.8226001498886469,8.888971594904103e-13,apollo_APOLLO-OV_proteomics,1.3333457392356155e-12,supported
APOLLO-OV,ov,proteomics,tgfb_emt_exclusion_context,TGF/EMT,70,evaluable,,0.5772898259119936,0.3960375502444946,0.7152425464801356,1.6806863097910722e-07,apollo_APOLLO-OV_proteomics,2.0168235717492865e-07,supported
APOLLO-OV,ov,proteomics,proteasome_antigen_processing,Proteasome,70,evaluable,,0.30630740967544395,0.07686574496407285,0.5049388212566879,0.009911016282009614,apollo_APOLLO-OV_proteomics,0.009911016282009614,supported
