program,program_label,contrast,paired_donor_n,contributing_source_n,median_delta,positive_fraction,status,reason,fdr_family,main_claim_window,n_ge_10_sensitivity_window
antigen_presentation_mhc_i,MHC-I,malignant_minus_immune,205,9,-0.272473171407954,0.28292682926829266,descriptive_only,cross_source_biological_donor_independence_not_established,not_applicable_global_pooling_removed_after_donor_provenance_audit,FALSE,FALSE
antigen_presentation_mhc_i,MHC-I,malignant_minus_stromal,190,9,-0.22015310685779516,0.29473684210526313,descriptive_only,cross_source_biological_donor_independence_not_established,not_applicable_global_pooling_removed_after_donor_provenance_audit,FALSE,FALSE
antigen_presentation_mhc_i,MHC-I,immune_minus_stromal,256,10,0.01873215679898955,0.515625,descriptive_only,cross_source_biological_donor_independence_not_established,not_applicable_global_pooling_removed_after_donor_provenance_audit,FALSE,FALSE
antigen_presentation_mhc_ii,MHC-II,malignant_minus_immune,205,9,-1.3698448434588104,0.11219512195121951,descriptive_only,cross_source_biological_donor_independence_not_established,not_applicable_global_pooling_removed_after_donor_provenance_audit,FALSE,FALSE
antigen_presentation_mhc_ii,MHC-II,malignant_minus_stromal,190,9,-0.042046607078668446,0.4789473684210526,descriptive_only,cross_source_biological_donor_independence_not_established,not_applicable_global_pooling_removed_after_donor_provenance_audit,FALSE,FALSE
antigen_presentation_mhc_ii,MHC-II,immune_minus_stromal,256,10,1.3354940216033788,0.91015625,descriptive_only,cross_source_biological_donor_independence_not_established,not_applicable_global_pooling_removed_after_donor_provenance_audit,FALSE,FALSE
ifn_gamma_response,IFN-gamma,malignant_minus_immune,205,9,-0.3863642291537368,0.21951219512195122,descriptive_only,cross_source_biological_donor_independence_not_established,not_applicable_global_pooling_removed_after_donor_provenance_audit,FALSE,FALSE
ifn_gamma_response,IFN-gamma,malignant_minus_stromal,190,9,-0.28589216693729963,0.3,descriptive_only,cross_source_biological_donor_independence_not_established,not_applicable_global_pooling_removed_after_donor_provenance_audit,FALSE,FALSE
ifn_gamma_response,IFN-gamma,immune_minus_stromal,256,10,0.10743208916875549,0.58984375,descriptive_only,cross_source_biological_donor_independence_not_established,not_applicable_global_pooling_removed_after_donor_provenance_audit,FALSE,FALSE
cytolytic_t_cell_context,Cytolytic,malignant_minus_immune,205,9,-1.1976317687634164,0.08292682926829269,descriptive_only,cross_source_biological_donor_independence_not_established,not_applicable_global_pooling_removed_after_donor_provenance_audit,FALSE,FALSE
cytolytic_t_cell_context,Cytolytic,malignant_minus_stromal,190,9,-0.02284720052520217,0.41578947368421054,descriptive_only,cross_source_biological_donor_independence_not_established,not_applicable_global_pooling_removed_after_donor_provenance_audit,FALSE,FALSE
cytolytic_t_cell_context,Cytolytic,immune_minus_stromal,256,10,1.4114477281727233,0.89453125,descriptive_only,cross_source_biological_donor_independence_not_established,not_applicable_global_pooling_removed_after_donor_provenance_audit,FALSE,FALSE
checkpoint_exhaustion_context,Checkpoint,malignant_minus_immune,205,9,-1.114070711023492,0.07317073170731707,descriptive_only,cross_source_biological_donor_independence_not_established,not_applicable_global_pooling_removed_after_donor_provenance_audit,FALSE,FALSE
checkpoint_exhaustion_context,Checkpoint,malignant_minus_stromal,190,9,-0.06913371189919307,0.39473684210526316,descriptive_only,cross_source_biological_donor_independence_not_established,not_applicable_global_pooling_removed_after_donor_provenance_audit,FALSE,FALSE
checkpoint_exhaustion_context,Checkpoint,immune_minus_stromal,256,10,1.2316442788339477,0.91015625,descriptive_only,cross_source_biological_donor_independence_not_established,not_applicable_global_pooling_removed_after_donor_provenance_audit,FALSE,FALSE
myeloid_inflammatory_context,Myeloid,malignant_minus_immune,205,9,-1.5099527943008422,0.1024390243902439,descriptive_only,cross_source_biological_donor_independence_not_established,not_applicable_global_pooling_removed_after_donor_provenance_audit,FALSE,FALSE
myeloid_inflammatory_context,Myeloid,malignant_minus_stromal,190,9,0.034614333179848744,0.5526315789473685,descriptive_only,cross_source_biological_donor_independence_not_established,not_applicable_global_pooling_removed_after_donor_provenance_audit,FALSE,FALSE
myeloid_inflammatory_context,Myeloid,immune_minus_stromal,256,10,1.6173697660903024,0.90234375,descriptive_only,cross_source_biological_donor_independence_not_established,not_applicable_global_pooling_removed_after_donor_provenance_audit,FALSE,FALSE
tgfb_emt_exclusion_context,TGF/EMT,malignant_minus_immune,205,9,-0.08647593001808157,0.3853658536585366,descriptive_only,cross_source_biological_donor_independence_not_established,not_applicable_global_pooling_removed_after_donor_provenance_audit,FALSE,FALSE
tgfb_emt_exclusion_context,TGF/EMT,malignant_minus_stromal,190,9,-0.9440973308927696,0.20526315789473684,descriptive_only,cross_source_biological_donor_independence_not_established,not_applicable_global_pooling_removed_after_donor_provenance_audit,FALSE,FALSE
tgfb_emt_exclusion_context,TGF/EMT,immune_minus_stromal,256,10,-1.178091829592867,0.15234375,descriptive_only,cross_source_biological_donor_independence_not_established,not_applicable_global_pooling_removed_after_donor_provenance_audit,FALSE,FALSE
proteasome_antigen_processing,Proteasome,malignant_minus_immune,205,9,0.2952792395886107,0.7463414634146341,descriptive_only,cross_source_biological_donor_independence_not_established,not_applicable_global_pooling_removed_after_donor_provenance_audit,FALSE,FALSE
proteasome_antigen_processing,Proteasome,malignant_minus_stromal,190,9,0.03782247154919075,0.5368421052631579,descriptive_only,cross_source_biological_donor_independence_not_established,not_applicable_global_pooling_removed_after_donor_provenance_audit,FALSE,FALSE
proteasome_antigen_processing,Proteasome,immune_minus_stromal,256,10,-0.2175150557848086,0.2734375,descriptive_only,cross_source_biological_donor_independence_not_established,not_applicable_global_pooling_removed_after_donor_provenance_audit,FALSE,FALSE
