source_id,cancer_code,program,program_label,contrast,paired_donor_n,median_delta,positive_fraction,wilcoxon_p_value,status,reason,fdr_family,q_value_bh,within_source_support_window,n_ge_10_sensitivity_window
3f7c572c-cd73-4b51-a313-207c7f20f188,brca,antigen_presentation_mhc_i,MHC-I,malignant_minus_immune,12,-0.12449578750252631,0.3333333333333333,0.12939453125,evaluable,,single_cell_within_source_3f7c572c-cd73-4b51-a313-207c7f20f188_brca_8_programs_x_3_contrasts,0.345947265625,FALSE,FALSE
3f7c572c-cd73-4b51-a313-207c7f20f188,brca,antigen_presentation_mhc_i,MHC-I,malignant_minus_stromal,14,-0.05598673190464005,0.42857142857142855,0.216552734375,evaluable,,single_cell_within_source_3f7c572c-cd73-4b51-a313-207c7f20f188_brca_8_programs_x_3_contrasts,0.346484375,FALSE,FALSE
3f7c572c-cd73-4b51-a313-207c7f20f188,brca,antigen_presentation_mhc_i,MHC-I,immune_minus_stromal,16,0.04796880734273799,0.5625,0.19281005859375,evaluable,,single_cell_within_source_3f7c572c-cd73-4b51-a313-207c7f20f188_brca_8_programs_x_3_contrasts,0.346484375,FALSE,FALSE
3f7c572c-cd73-4b51-a313-207c7f20f188,brca,antigen_presentation_mhc_ii,MHC-II,malignant_minus_immune,12,-0.06244521993869809,0.3333333333333333,0.7333984375,evaluable,,single_cell_within_source_3f7c572c-cd73-4b51-a313-207c7f20f188_brca_8_programs_x_3_contrasts,0.8000710227272727,FALSE,FALSE
3f7c572c-cd73-4b51-a313-207c7f20f188,brca,antigen_presentation_mhc_ii,MHC-II,malignant_minus_stromal,14,0.14691451386382295,0.7142857142857143,0.1937255859375,evaluable,,single_cell_within_source_3f7c572c-cd73-4b51-a313-207c7f20f188_brca_8_programs_x_3_contrasts,0.346484375,FALSE,FALSE
3f7c572c-cd73-4b51-a313-207c7f20f188,brca,antigen_presentation_mhc_ii,MHC-II,immune_minus_stromal,16,0.17138983202694683,0.75,0.116668701171875,evaluable,,single_cell_within_source_3f7c572c-cd73-4b51-a313-207c7f20f188_brca_8_programs_x_3_contrasts,0.345947265625,FALSE,FALSE
3f7c572c-cd73-4b51-a313-207c7f20f188,brca,ifn_gamma_response,IFN-gamma,malignant_minus_immune,12,-0.26586452755399004,0.4166666666666667,0.20361328125,evaluable,,single_cell_within_source_3f7c572c-cd73-4b51-a313-207c7f20f188_brca_8_programs_x_3_contrasts,0.346484375,FALSE,FALSE
3f7c572c-cd73-4b51-a313-207c7f20f188,brca,ifn_gamma_response,IFN-gamma,malignant_minus_stromal,14,-0.18267223087708612,0.35714285714285715,0.172607421875,evaluable,,single_cell_within_source_3f7c572c-cd73-4b51-a313-207c7f20f188_brca_8_programs_x_3_contrasts,0.346484375,FALSE,FALSE
3f7c572c-cd73-4b51-a313-207c7f20f188,brca,ifn_gamma_response,IFN-gamma,immune_minus_stromal,16,-0.006038631837880226,0.4375,0.899932861328125,evaluable,,single_cell_within_source_3f7c572c-cd73-4b51-a313-207c7f20f188_brca_8_programs_x_3_contrasts,0.9390603770380435,FALSE,FALSE
3f7c572c-cd73-4b51-a313-207c7f20f188,brca,cytolytic_t_cell_context,Cytolytic,malignant_minus_immune,12,-0.35841300172267265,0.16666666666666666,0.02099609375,evaluable,,single_cell_within_source_3f7c572c-cd73-4b51-a313-207c7f20f188_brca_8_programs_x_3_contrasts,0.169921875,FALSE,FALSE
3f7c572c-cd73-4b51-a313-207c7f20f188,brca,cytolytic_t_cell_context,Cytolytic,malignant_minus_stromal,14,-0.13187144983698473,0.2857142857142857,0.0418701171875,evaluable,,single_cell_within_source_3f7c572c-cd73-4b51-a313-207c7f20f188_brca_8_programs_x_3_contrasts,0.169921875,FALSE,FALSE
3f7c572c-cd73-4b51-a313-207c7f20f188,brca,cytolytic_t_cell_context,Cytolytic,immune_minus_stromal,16,0.1578407509970221,0.6875,0.02899169921875,evaluable,,single_cell_within_source_3f7c572c-cd73-4b51-a313-207c7f20f188_brca_8_programs_x_3_contrasts,0.169921875,FALSE,FALSE
3f7c572c-cd73-4b51-a313-207c7f20f188,brca,checkpoint_exhaustion_context,Checkpoint,malignant_minus_immune,12,-0.13068203911616796,0.25,0.04248046875,evaluable,,single_cell_within_source_3f7c572c-cd73-4b51-a313-207c7f20f188_brca_8_programs_x_3_contrasts,0.169921875,FALSE,FALSE
3f7c572c-cd73-4b51-a313-207c7f20f188,brca,checkpoint_exhaustion_context,Checkpoint,malignant_minus_stromal,14,-0.0001695574170163111,0.5,0.5416259765625,evaluable,,single_cell_within_source_3f7c572c-cd73-4b51-a313-207c7f20f188_brca_8_programs_x_3_contrasts,0.6190011160714286,FALSE,FALSE
3f7c572c-cd73-4b51-a313-207c7f20f188,brca,checkpoint_exhaustion_context,Checkpoint,immune_minus_stromal,16,0.15680292734635695,0.75,0.021392822265625,evaluable,,single_cell_within_source_3f7c572c-cd73-4b51-a313-207c7f20f188_brca_8_programs_x_3_contrasts,0.169921875,FALSE,FALSE
3f7c572c-cd73-4b51-a313-207c7f20f188,brca,myeloid_inflammatory_context,Myeloid,malignant_minus_immune,12,-0.1974182839847139,0.3333333333333333,0.20361328125,evaluable,,single_cell_within_source_3f7c572c-cd73-4b51-a313-207c7f20f188_brca_8_programs_x_3_contrasts,0.346484375,FALSE,FALSE
3f7c572c-cd73-4b51-a313-207c7f20f188,brca,myeloid_inflammatory_context,Myeloid,malignant_minus_stromal,14,0.07880725917335045,0.6428571428571429,0.3258056640625,evaluable,,single_cell_within_source_3f7c572c-cd73-4b51-a313-207c7f20f188_brca_8_programs_x_3_contrasts,0.4115439967105263,FALSE,FALSE
3f7c572c-cd73-4b51-a313-207c7f20f188,brca,myeloid_inflammatory_context,Myeloid,immune_minus_stromal,16,0.30755099960778287,0.75,0.03863525390625,evaluable,,single_cell_within_source_3f7c572c-cd73-4b51-a313-207c7f20f188_brca_8_programs_x_3_contrasts,0.169921875,FALSE,FALSE
3f7c572c-cd73-4b51-a313-207c7f20f188,brca,tgfb_emt_exclusion_context,TGF/EMT,malignant_minus_immune,12,-0.06519412085169705,0.25,0.26611328125,evaluable,,single_cell_within_source_3f7c572c-cd73-4b51-a313-207c7f20f188_brca_8_programs_x_3_contrasts,0.3756893382352941,FALSE,FALSE
3f7c572c-cd73-4b51-a313-207c7f20f188,brca,tgfb_emt_exclusion_context,TGF/EMT,malignant_minus_stromal,14,-0.10523717942234961,0.42857142857142855,0.42626953125,evaluable,,single_cell_within_source_3f7c572c-cd73-4b51-a313-207c7f20f188_brca_8_programs_x_3_contrasts,0.5115234375,FALSE,FALSE
3f7c572c-cd73-4b51-a313-207c7f20f188,brca,tgfb_emt_exclusion_context,TGF/EMT,immune_minus_stromal,16,-0.07333881057031971,0.375,0.322509765625,evaluable,,single_cell_within_source_3f7c572c-cd73-4b51-a313-207c7f20f188_brca_8_programs_x_3_contrasts,0.4115439967105263,FALSE,FALSE
3f7c572c-cd73-4b51-a313-207c7f20f188,brca,proteasome_antigen_processing,Proteasome,malignant_minus_immune,12,-0.03686970344669374,0.4166666666666667,0.26611328125,evaluable,,single_cell_within_source_3f7c572c-cd73-4b51-a313-207c7f20f188_brca_8_programs_x_3_contrasts,0.3756893382352941,FALSE,FALSE
3f7c572c-cd73-4b51-a313-207c7f20f188,brca,proteasome_antigen_processing,Proteasome,malignant_minus_stromal,14,0.02568645183285366,0.5,1,evaluable,,single_cell_within_source_3f7c572c-cd73-4b51-a313-207c7f20f188_brca_8_programs_x_3_contrasts,1,FALSE,FALSE
3f7c572c-cd73-4b51-a313-207c7f20f188,brca,proteasome_antigen_processing,Proteasome,immune_minus_stromal,16,0.041558200166164405,0.625,0.129730224609375,evaluable,,single_cell_within_source_3f7c572c-cd73-4b51-a313-207c7f20f188_brca_8_programs_x_3_contrasts,0.345947265625,FALSE,FALSE
3f7c572c-cd73-4b51-a313-207c7f20f188,coad,antigen_presentation_mhc_i,MHC-I,malignant_minus_immune,4,,,,not_evaluable,paired_donor_n_below_6,single_cell_within_source_3f7c572c-cd73-4b51-a313-207c7f20f188_coad_8_programs_x_3_contrasts,,FALSE,FALSE
3f7c572c-cd73-4b51-a313-207c7f20f188,coad,antigen_presentation_mhc_i,MHC-I,malignant_minus_stromal,4,,,,not_evaluable,paired_donor_n_below_6,single_cell_within_source_3f7c572c-cd73-4b51-a313-207c7f20f188_coad_8_programs_x_3_contrasts,,FALSE,FALSE
3f7c572c-cd73-4b51-a313-207c7f20f188,coad,antigen_presentation_mhc_i,MHC-I,immune_minus_stromal,7,-0.039932209845476185,0.42857142857142855,0.8125,evaluable,,single_cell_within_source_3f7c572c-cd73-4b51-a313-207c7f20f188_coad_8_programs_x_3_contrasts,0.9375,FALSE,FALSE
3f7c572c-cd73-4b51-a313-207c7f20f188,coad,antigen_presentation_mhc_ii,MHC-II,malignant_minus_immune,4,,,,not_evaluable,paired_donor_n_below_6,single_cell_within_source_3f7c572c-cd73-4b51-a313-207c7f20f188_coad_8_programs_x_3_contrasts,,FALSE,FALSE
3f7c572c-cd73-4b51-a313-207c7f20f188,coad,antigen_presentation_mhc_ii,MHC-II,malignant_minus_stromal,4,,,,not_evaluable,paired_donor_n_below_6,single_cell_within_source_3f7c572c-cd73-4b51-a313-207c7f20f188_coad_8_programs_x_3_contrasts,,FALSE,FALSE
3f7c572c-cd73-4b51-a313-207c7f20f188,coad,antigen_presentation_mhc_ii,MHC-II,immune_minus_stromal,7,0.1868087996156339,0.7142857142857143,0.296875,evaluable,,single_cell_within_source_3f7c572c-cd73-4b51-a313-207c7f20f188_coad_8_programs_x_3_contrasts,0.59375,FALSE,FALSE
3f7c572c-cd73-4b51-a313-207c7f20f188,coad,ifn_gamma_response,IFN-gamma,malignant_minus_immune,4,,,,not_evaluable,paired_donor_n_below_6,single_cell_within_source_3f7c572c-cd73-4b51-a313-207c7f20f188_coad_8_programs_x_3_contrasts,,FALSE,FALSE
3f7c572c-cd73-4b51-a313-207c7f20f188,coad,ifn_gamma_response,IFN-gamma,malignant_minus_stromal,4,,,,not_evaluable,paired_donor_n_below_6,single_cell_within_source_3f7c572c-cd73-4b51-a313-207c7f20f188_coad_8_programs_x_3_contrasts,,FALSE,FALSE
3f7c572c-cd73-4b51-a313-207c7f20f188,coad,ifn_gamma_response,IFN-gamma,immune_minus_stromal,7,-0.036667861869610185,0.14285714285714285,0.21875,evaluable,,single_cell_within_source_3f7c572c-cd73-4b51-a313-207c7f20f188_coad_8_programs_x_3_contrasts,0.5833333333333334,FALSE,FALSE
3f7c572c-cd73-4b51-a313-207c7f20f188,coad,cytolytic_t_cell_context,Cytolytic,malignant_minus_immune,4,,,,not_evaluable,paired_donor_n_below_6,single_cell_within_source_3f7c572c-cd73-4b51-a313-207c7f20f188_coad_8_programs_x_3_contrasts,,FALSE,FALSE
3f7c572c-cd73-4b51-a313-207c7f20f188,coad,cytolytic_t_cell_context,Cytolytic,malignant_minus_stromal,4,,,,not_evaluable,paired_donor_n_below_6,single_cell_within_source_3f7c572c-cd73-4b51-a313-207c7f20f188_coad_8_programs_x_3_contrasts,,FALSE,FALSE
3f7c572c-cd73-4b51-a313-207c7f20f188,coad,cytolytic_t_cell_context,Cytolytic,immune_minus_stromal,7,0.36798026500282344,0.7142857142857143,0.21875,evaluable,,single_cell_within_source_3f7c572c-cd73-4b51-a313-207c7f20f188_coad_8_programs_x_3_contrasts,0.5833333333333334,FALSE,FALSE
3f7c572c-cd73-4b51-a313-207c7f20f188,coad,checkpoint_exhaustion_context,Checkpoint,malignant_minus_immune,4,,,,not_evaluable,paired_donor_n_below_6,single_cell_within_source_3f7c572c-cd73-4b51-a313-207c7f20f188_coad_8_programs_x_3_contrasts,,FALSE,FALSE
3f7c572c-cd73-4b51-a313-207c7f20f188,coad,checkpoint_exhaustion_context,Checkpoint,malignant_minus_stromal,4,,,,not_evaluable,paired_donor_n_below_6,single_cell_within_source_3f7c572c-cd73-4b51-a313-207c7f20f188_coad_8_programs_x_3_contrasts,,FALSE,FALSE
3f7c572c-cd73-4b51-a313-207c7f20f188,coad,checkpoint_exhaustion_context,Checkpoint,immune_minus_stromal,7,0.22774285273489558,0.5714285714285714,0.9375,evaluable,,single_cell_within_source_3f7c572c-cd73-4b51-a313-207c7f20f188_coad_8_programs_x_3_contrasts,0.9375,FALSE,FALSE
3f7c572c-cd73-4b51-a313-207c7f20f188,coad,myeloid_inflammatory_context,Myeloid,malignant_minus_immune,4,,,,not_evaluable,paired_donor_n_below_6,single_cell_within_source_3f7c572c-cd73-4b51-a313-207c7f20f188_coad_8_programs_x_3_contrasts,,FALSE,FALSE
3f7c572c-cd73-4b51-a313-207c7f20f188,coad,myeloid_inflammatory_context,Myeloid,malignant_minus_stromal,4,,,,not_evaluable,paired_donor_n_below_6,single_cell_within_source_3f7c572c-cd73-4b51-a313-207c7f20f188_coad_8_programs_x_3_contrasts,,FALSE,FALSE
3f7c572c-cd73-4b51-a313-207c7f20f188,coad,myeloid_inflammatory_context,Myeloid,immune_minus_stromal,7,-0.08945307427787402,0.42857142857142855,0.9375,evaluable,,single_cell_within_source_3f7c572c-cd73-4b51-a313-207c7f20f188_coad_8_programs_x_3_contrasts,0.9375,FALSE,FALSE
3f7c572c-cd73-4b51-a313-207c7f20f188,coad,tgfb_emt_exclusion_context,TGF/EMT,malignant_minus_immune,4,,,,not_evaluable,paired_donor_n_below_6,single_cell_within_source_3f7c572c-cd73-4b51-a313-207c7f20f188_coad_8_programs_x_3_contrasts,,FALSE,FALSE
3f7c572c-cd73-4b51-a313-207c7f20f188,coad,tgfb_emt_exclusion_context,TGF/EMT,malignant_minus_stromal,4,,,,not_evaluable,paired_donor_n_below_6,single_cell_within_source_3f7c572c-cd73-4b51-a313-207c7f20f188_coad_8_programs_x_3_contrasts,,FALSE,FALSE
3f7c572c-cd73-4b51-a313-207c7f20f188,coad,tgfb_emt_exclusion_context,TGF/EMT,immune_minus_stromal,7,-0.0471946940009045,0.42857142857142855,0.578125,evaluable,,single_cell_within_source_3f7c572c-cd73-4b51-a313-207c7f20f188_coad_8_programs_x_3_contrasts,0.925,FALSE,FALSE
3f7c572c-cd73-4b51-a313-207c7f20f188,coad,proteasome_antigen_processing,Proteasome,malignant_minus_immune,4,,,,not_evaluable,paired_donor_n_below_6,single_cell_within_source_3f7c572c-cd73-4b51-a313-207c7f20f188_coad_8_programs_x_3_contrasts,,FALSE,FALSE
3f7c572c-cd73-4b51-a313-207c7f20f188,coad,proteasome_antigen_processing,Proteasome,malignant_minus_stromal,4,,,,not_evaluable,paired_donor_n_below_6,single_cell_within_source_3f7c572c-cd73-4b51-a313-207c7f20f188_coad_8_programs_x_3_contrasts,,FALSE,FALSE
3f7c572c-cd73-4b51-a313-207c7f20f188,coad,proteasome_antigen_processing,Proteasome,immune_minus_stromal,7,-0.1943581328704841,0.14285714285714285,0.046875,evaluable,,single_cell_within_source_3f7c572c-cd73-4b51-a313-207c7f20f188_coad_8_programs_x_3_contrasts,0.375,FALSE,FALSE
3f7c572c-cd73-4b51-a313-207c7f20f188,lscc,antigen_presentation_mhc_i,MHC-I,malignant_minus_immune,3,,,,not_evaluable,paired_donor_n_below_6,single_cell_within_source_3f7c572c-cd73-4b51-a313-207c7f20f188_lscc_8_programs_x_3_contrasts,,FALSE,FALSE
3f7c572c-cd73-4b51-a313-207c7f20f188,lscc,antigen_presentation_mhc_i,MHC-I,malignant_minus_stromal,2,,,,not_evaluable,paired_donor_n_below_6,single_cell_within_source_3f7c572c-cd73-4b51-a313-207c7f20f188_lscc_8_programs_x_3_contrasts,,FALSE,FALSE
3f7c572c-cd73-4b51-a313-207c7f20f188,lscc,antigen_presentation_mhc_i,MHC-I,immune_minus_stromal,2,,,,not_evaluable,paired_donor_n_below_6,single_cell_within_source_3f7c572c-cd73-4b51-a313-207c7f20f188_lscc_8_programs_x_3_contrasts,,FALSE,FALSE
3f7c572c-cd73-4b51-a313-207c7f20f188,lscc,antigen_presentation_mhc_ii,MHC-II,malignant_minus_immune,3,,,,not_evaluable,paired_donor_n_below_6,single_cell_within_source_3f7c572c-cd73-4b51-a313-207c7f20f188_lscc_8_programs_x_3_contrasts,,FALSE,FALSE
3f7c572c-cd73-4b51-a313-207c7f20f188,lscc,antigen_presentation_mhc_ii,MHC-II,malignant_minus_stromal,2,,,,not_evaluable,paired_donor_n_below_6,single_cell_within_source_3f7c572c-cd73-4b51-a313-207c7f20f188_lscc_8_programs_x_3_contrasts,,FALSE,FALSE
3f7c572c-cd73-4b51-a313-207c7f20f188,lscc,antigen_presentation_mhc_ii,MHC-II,immune_minus_stromal,2,,,,not_evaluable,paired_donor_n_below_6,single_cell_within_source_3f7c572c-cd73-4b51-a313-207c7f20f188_lscc_8_programs_x_3_contrasts,,FALSE,FALSE
3f7c572c-cd73-4b51-a313-207c7f20f188,lscc,ifn_gamma_response,IFN-gamma,malignant_minus_immune,3,,,,not_evaluable,paired_donor_n_below_6,single_cell_within_source_3f7c572c-cd73-4b51-a313-207c7f20f188_lscc_8_programs_x_3_contrasts,,FALSE,FALSE
3f7c572c-cd73-4b51-a313-207c7f20f188,lscc,ifn_gamma_response,IFN-gamma,malignant_minus_stromal,2,,,,not_evaluable,paired_donor_n_below_6,single_cell_within_source_3f7c572c-cd73-4b51-a313-207c7f20f188_lscc_8_programs_x_3_contrasts,,FALSE,FALSE
3f7c572c-cd73-4b51-a313-207c7f20f188,lscc,ifn_gamma_response,IFN-gamma,immune_minus_stromal,2,,,,not_evaluable,paired_donor_n_below_6,single_cell_within_source_3f7c572c-cd73-4b51-a313-207c7f20f188_lscc_8_programs_x_3_contrasts,,FALSE,FALSE
3f7c572c-cd73-4b51-a313-207c7f20f188,lscc,cytolytic_t_cell_context,Cytolytic,malignant_minus_immune,3,,,,not_evaluable,paired_donor_n_below_6,single_cell_within_source_3f7c572c-cd73-4b51-a313-207c7f20f188_lscc_8_programs_x_3_contrasts,,FALSE,FALSE
3f7c572c-cd73-4b51-a313-207c7f20f188,lscc,cytolytic_t_cell_context,Cytolytic,malignant_minus_stromal,2,,,,not_evaluable,paired_donor_n_below_6,single_cell_within_source_3f7c572c-cd73-4b51-a313-207c7f20f188_lscc_8_programs_x_3_contrasts,,FALSE,FALSE
3f7c572c-cd73-4b51-a313-207c7f20f188,lscc,cytolytic_t_cell_context,Cytolytic,immune_minus_stromal,2,,,,not_evaluable,paired_donor_n_below_6,single_cell_within_source_3f7c572c-cd73-4b51-a313-207c7f20f188_lscc_8_programs_x_3_contrasts,,FALSE,FALSE
3f7c572c-cd73-4b51-a313-207c7f20f188,lscc,checkpoint_exhaustion_context,Checkpoint,malignant_minus_immune,3,,,,not_evaluable,paired_donor_n_below_6,single_cell_within_source_3f7c572c-cd73-4b51-a313-207c7f20f188_lscc_8_programs_x_3_contrasts,,FALSE,FALSE
3f7c572c-cd73-4b51-a313-207c7f20f188,lscc,checkpoint_exhaustion_context,Checkpoint,malignant_minus_stromal,2,,,,not_evaluable,paired_donor_n_below_6,single_cell_within_source_3f7c572c-cd73-4b51-a313-207c7f20f188_lscc_8_programs_x_3_contrasts,,FALSE,FALSE
3f7c572c-cd73-4b51-a313-207c7f20f188,lscc,checkpoint_exhaustion_context,Checkpoint,immune_minus_stromal,2,,,,not_evaluable,paired_donor_n_below_6,single_cell_within_source_3f7c572c-cd73-4b51-a313-207c7f20f188_lscc_8_programs_x_3_contrasts,,FALSE,FALSE
3f7c572c-cd73-4b51-a313-207c7f20f188,lscc,myeloid_inflammatory_context,Myeloid,malignant_minus_immune,3,,,,not_evaluable,paired_donor_n_below_6,single_cell_within_source_3f7c572c-cd73-4b51-a313-207c7f20f188_lscc_8_programs_x_3_contrasts,,FALSE,FALSE
3f7c572c-cd73-4b51-a313-207c7f20f188,lscc,myeloid_inflammatory_context,Myeloid,malignant_minus_stromal,2,,,,not_evaluable,paired_donor_n_below_6,single_cell_within_source_3f7c572c-cd73-4b51-a313-207c7f20f188_lscc_8_programs_x_3_contrasts,,FALSE,FALSE
3f7c572c-cd73-4b51-a313-207c7f20f188,lscc,myeloid_inflammatory_context,Myeloid,immune_minus_stromal,2,,,,not_evaluable,paired_donor_n_below_6,single_cell_within_source_3f7c572c-cd73-4b51-a313-207c7f20f188_lscc_8_programs_x_3_contrasts,,FALSE,FALSE
3f7c572c-cd73-4b51-a313-207c7f20f188,lscc,tgfb_emt_exclusion_context,TGF/EMT,malignant_minus_immune,3,,,,not_evaluable,paired_donor_n_below_6,single_cell_within_source_3f7c572c-cd73-4b51-a313-207c7f20f188_lscc_8_programs_x_3_contrasts,,FALSE,FALSE
3f7c572c-cd73-4b51-a313-207c7f20f188,lscc,tgfb_emt_exclusion_context,TGF/EMT,malignant_minus_stromal,2,,,,not_evaluable,paired_donor_n_below_6,single_cell_within_source_3f7c572c-cd73-4b51-a313-207c7f20f188_lscc_8_programs_x_3_contrasts,,FALSE,FALSE
3f7c572c-cd73-4b51-a313-207c7f20f188,lscc,tgfb_emt_exclusion_context,TGF/EMT,immune_minus_stromal,2,,,,not_evaluable,paired_donor_n_below_6,single_cell_within_source_3f7c572c-cd73-4b51-a313-207c7f20f188_lscc_8_programs_x_3_contrasts,,FALSE,FALSE
3f7c572c-cd73-4b51-a313-207c7f20f188,lscc,proteasome_antigen_processing,Proteasome,malignant_minus_immune,3,,,,not_evaluable,paired_donor_n_below_6,single_cell_within_source_3f7c572c-cd73-4b51-a313-207c7f20f188_lscc_8_programs_x_3_contrasts,,FALSE,FALSE
3f7c572c-cd73-4b51-a313-207c7f20f188,lscc,proteasome_antigen_processing,Proteasome,malignant_minus_stromal,2,,,,not_evaluable,paired_donor_n_below_6,single_cell_within_source_3f7c572c-cd73-4b51-a313-207c7f20f188_lscc_8_programs_x_3_contrasts,,FALSE,FALSE
3f7c572c-cd73-4b51-a313-207c7f20f188,lscc,proteasome_antigen_processing,Proteasome,immune_minus_stromal,2,,,,not_evaluable,paired_donor_n_below_6,single_cell_within_source_3f7c572c-cd73-4b51-a313-207c7f20f188_lscc_8_programs_x_3_contrasts,,FALSE,FALSE
3f7c572c-cd73-4b51-a313-207c7f20f188,luad,antigen_presentation_mhc_i,MHC-I,malignant_minus_immune,2,,,,not_evaluable,paired_donor_n_below_6,single_cell_within_source_3f7c572c-cd73-4b51-a313-207c7f20f188_luad_8_programs_x_3_contrasts,,FALSE,FALSE
3f7c572c-cd73-4b51-a313-207c7f20f188,luad,antigen_presentation_mhc_i,MHC-I,malignant_minus_stromal,2,,,,not_evaluable,paired_donor_n_below_6,single_cell_within_source_3f7c572c-cd73-4b51-a313-207c7f20f188_luad_8_programs_x_3_contrasts,,FALSE,FALSE
3f7c572c-cd73-4b51-a313-207c7f20f188,luad,antigen_presentation_mhc_i,MHC-I,immune_minus_stromal,3,,,,not_evaluable,paired_donor_n_below_6,single_cell_within_source_3f7c572c-cd73-4b51-a313-207c7f20f188_luad_8_programs_x_3_contrasts,,FALSE,FALSE
3f7c572c-cd73-4b51-a313-207c7f20f188,luad,antigen_presentation_mhc_ii,MHC-II,malignant_minus_immune,2,,,,not_evaluable,paired_donor_n_below_6,single_cell_within_source_3f7c572c-cd73-4b51-a313-207c7f20f188_luad_8_programs_x_3_contrasts,,FALSE,FALSE
3f7c572c-cd73-4b51-a313-207c7f20f188,luad,antigen_presentation_mhc_ii,MHC-II,malignant_minus_stromal,2,,,,not_evaluable,paired_donor_n_below_6,single_cell_within_source_3f7c572c-cd73-4b51-a313-207c7f20f188_luad_8_programs_x_3_contrasts,,FALSE,FALSE
3f7c572c-cd73-4b51-a313-207c7f20f188,luad,antigen_presentation_mhc_ii,MHC-II,immune_minus_stromal,3,,,,not_evaluable,paired_donor_n_below_6,single_cell_within_source_3f7c572c-cd73-4b51-a313-207c7f20f188_luad_8_programs_x_3_contrasts,,FALSE,FALSE
3f7c572c-cd73-4b51-a313-207c7f20f188,luad,ifn_gamma_response,IFN-gamma,malignant_minus_immune,2,,,,not_evaluable,paired_donor_n_below_6,single_cell_within_source_3f7c572c-cd73-4b51-a313-207c7f20f188_luad_8_programs_x_3_contrasts,,FALSE,FALSE
3f7c572c-cd73-4b51-a313-207c7f20f188,luad,ifn_gamma_response,IFN-gamma,malignant_minus_stromal,2,,,,not_evaluable,paired_donor_n_below_6,single_cell_within_source_3f7c572c-cd73-4b51-a313-207c7f20f188_luad_8_programs_x_3_contrasts,,FALSE,FALSE
3f7c572c-cd73-4b51-a313-207c7f20f188,luad,ifn_gamma_response,IFN-gamma,immune_minus_stromal,3,,,,not_evaluable,paired_donor_n_below_6,single_cell_within_source_3f7c572c-cd73-4b51-a313-207c7f20f188_luad_8_programs_x_3_contrasts,,FALSE,FALSE
3f7c572c-cd73-4b51-a313-207c7f20f188,luad,cytolytic_t_cell_context,Cytolytic,malignant_minus_immune,2,,,,not_evaluable,paired_donor_n_below_6,single_cell_within_source_3f7c572c-cd73-4b51-a313-207c7f20f188_luad_8_programs_x_3_contrasts,,FALSE,FALSE
3f7c572c-cd73-4b51-a313-207c7f20f188,luad,cytolytic_t_cell_context,Cytolytic,malignant_minus_stromal,2,,,,not_evaluable,paired_donor_n_below_6,single_cell_within_source_3f7c572c-cd73-4b51-a313-207c7f20f188_luad_8_programs_x_3_contrasts,,FALSE,FALSE
3f7c572c-cd73-4b51-a313-207c7f20f188,luad,cytolytic_t_cell_context,Cytolytic,immune_minus_stromal,3,,,,not_evaluable,paired_donor_n_below_6,single_cell_within_source_3f7c572c-cd73-4b51-a313-207c7f20f188_luad_8_programs_x_3_contrasts,,FALSE,FALSE
3f7c572c-cd73-4b51-a313-207c7f20f188,luad,checkpoint_exhaustion_context,Checkpoint,malignant_minus_immune,2,,,,not_evaluable,paired_donor_n_below_6,single_cell_within_source_3f7c572c-cd73-4b51-a313-207c7f20f188_luad_8_programs_x_3_contrasts,,FALSE,FALSE
3f7c572c-cd73-4b51-a313-207c7f20f188,luad,checkpoint_exhaustion_context,Checkpoint,malignant_minus_stromal,2,,,,not_evaluable,paired_donor_n_below_6,single_cell_within_source_3f7c572c-cd73-4b51-a313-207c7f20f188_luad_8_programs_x_3_contrasts,,FALSE,FALSE
3f7c572c-cd73-4b51-a313-207c7f20f188,luad,checkpoint_exhaustion_context,Checkpoint,immune_minus_stromal,3,,,,not_evaluable,paired_donor_n_below_6,single_cell_within_source_3f7c572c-cd73-4b51-a313-207c7f20f188_luad_8_programs_x_3_contrasts,,FALSE,FALSE
3f7c572c-cd73-4b51-a313-207c7f20f188,luad,myeloid_inflammatory_context,Myeloid,malignant_minus_immune,2,,,,not_evaluable,paired_donor_n_below_6,single_cell_within_source_3f7c572c-cd73-4b51-a313-207c7f20f188_luad_8_programs_x_3_contrasts,,FALSE,FALSE
3f7c572c-cd73-4b51-a313-207c7f20f188,luad,myeloid_inflammatory_context,Myeloid,malignant_minus_stromal,2,,,,not_evaluable,paired_donor_n_below_6,single_cell_within_source_3f7c572c-cd73-4b51-a313-207c7f20f188_luad_8_programs_x_3_contrasts,,FALSE,FALSE
3f7c572c-cd73-4b51-a313-207c7f20f188,luad,myeloid_inflammatory_context,Myeloid,immune_minus_stromal,3,,,,not_evaluable,paired_donor_n_below_6,single_cell_within_source_3f7c572c-cd73-4b51-a313-207c7f20f188_luad_8_programs_x_3_contrasts,,FALSE,FALSE
3f7c572c-cd73-4b51-a313-207c7f20f188,luad,tgfb_emt_exclusion_context,TGF/EMT,malignant_minus_immune,2,,,,not_evaluable,paired_donor_n_below_6,single_cell_within_source_3f7c572c-cd73-4b51-a313-207c7f20f188_luad_8_programs_x_3_contrasts,,FALSE,FALSE
3f7c572c-cd73-4b51-a313-207c7f20f188,luad,tgfb_emt_exclusion_context,TGF/EMT,malignant_minus_stromal,2,,,,not_evaluable,paired_donor_n_below_6,single_cell_within_source_3f7c572c-cd73-4b51-a313-207c7f20f188_luad_8_programs_x_3_contrasts,,FALSE,FALSE
3f7c572c-cd73-4b51-a313-207c7f20f188,luad,tgfb_emt_exclusion_context,TGF/EMT,immune_minus_stromal,3,,,,not_evaluable,paired_donor_n_below_6,single_cell_within_source_3f7c572c-cd73-4b51-a313-207c7f20f188_luad_8_programs_x_3_contrasts,,FALSE,FALSE
3f7c572c-cd73-4b51-a313-207c7f20f188,luad,proteasome_antigen_processing,Proteasome,malignant_minus_immune,2,,,,not_evaluable,paired_donor_n_below_6,single_cell_within_source_3f7c572c-cd73-4b51-a313-207c7f20f188_luad_8_programs_x_3_contrasts,,FALSE,FALSE
3f7c572c-cd73-4b51-a313-207c7f20f188,luad,proteasome_antigen_processing,Proteasome,malignant_minus_stromal,2,,,,not_evaluable,paired_donor_n_below_6,single_cell_within_source_3f7c572c-cd73-4b51-a313-207c7f20f188_luad_8_programs_x_3_contrasts,,FALSE,FALSE
3f7c572c-cd73-4b51-a313-207c7f20f188,luad,proteasome_antigen_processing,Proteasome,immune_minus_stromal,3,,,,not_evaluable,paired_donor_n_below_6,single_cell_within_source_3f7c572c-cd73-4b51-a313-207c7f20f188_luad_8_programs_x_3_contrasts,,FALSE,FALSE
3f7c572c-cd73-4b51-a313-207c7f20f188,ov,antigen_presentation_mhc_i,MHC-I,malignant_minus_immune,10,-0.0705456361276878,0.3,0.4921875,evaluable,,single_cell_within_source_3f7c572c-cd73-4b51-a313-207c7f20f188_ov_8_programs_x_3_contrasts,0.9375,FALSE,FALSE
3f7c572c-cd73-4b51-a313-207c7f20f188,ov,antigen_presentation_mhc_i,MHC-I,malignant_minus_stromal,10,-0.01734602365313985,0.4,0.4921875,evaluable,,single_cell_within_source_3f7c572c-cd73-4b51-a313-207c7f20f188_ov_8_programs_x_3_contrasts,0.9375,FALSE,FALSE
3f7c572c-cd73-4b51-a313-207c7f20f188,ov,antigen_presentation_mhc_i,MHC-I,immune_minus_stromal,10,0.0635525234130774,0.6,0.625,evaluable,,single_cell_within_source_3f7c572c-cd73-4b51-a313-207c7f20f188_ov_8_programs_x_3_contrasts,0.9375,FALSE,FALSE
3f7c572c-cd73-4b51-a313-207c7f20f188,ov,antigen_presentation_mhc_ii,MHC-II,malignant_minus_immune,10,-0.004754016636231526,0.5,0.76953125,evaluable,,single_cell_within_source_3f7c572c-cd73-4b51-a313-207c7f20f188_ov_8_programs_x_3_contrasts,0.9720394736842105,FALSE,FALSE
3f7c572c-cd73-4b51-a313-207c7f20f188,ov,antigen_presentation_mhc_ii,MHC-II,malignant_minus_stromal,10,-0.039802775335352175,0.4,0.625,evaluable,,single_cell_within_source_3f7c572c-cd73-4b51-a313-207c7f20f188_ov_8_programs_x_3_contrasts,0.9375,FALSE,FALSE
3f7c572c-cd73-4b51-a313-207c7f20f188,ov,antigen_presentation_mhc_ii,MHC-II,immune_minus_stromal,10,0.07197745954433585,0.7,1,evaluable,,single_cell_within_source_3f7c572c-cd73-4b51-a313-207c7f20f188_ov_8_programs_x_3_contrasts,1,FALSE,FALSE
3f7c572c-cd73-4b51-a313-207c7f20f188,ov,ifn_gamma_response,IFN-gamma,malignant_minus_immune,10,-0.10129281608924172,0.4,0.193359375,evaluable,,single_cell_within_source_3f7c572c-cd73-4b51-a313-207c7f20f188_ov_8_programs_x_3_contrasts,0.928125,FALSE,FALSE
3f7c572c-cd73-4b51-a313-207c7f20f188,ov,ifn_gamma_response,IFN-gamma,malignant_minus_stromal,10,0.01935195138648492,0.6,0.76953125,evaluable,,single_cell_within_source_3f7c572c-cd73-4b51-a313-207c7f20f188_ov_8_programs_x_3_contrasts,0.9720394736842105,FALSE,FALSE
3f7c572c-cd73-4b51-a313-207c7f20f188,ov,ifn_gamma_response,IFN-gamma,immune_minus_stromal,10,0.03374379033743839,0.6,0.4921875,evaluable,,single_cell_within_source_3f7c572c-cd73-4b51-a313-207c7f20f188_ov_8_programs_x_3_contrasts,0.9375,FALSE,FALSE
3f7c572c-cd73-4b51-a313-207c7f20f188,ov,cytolytic_t_cell_context,Cytolytic,malignant_minus_immune,10,-0.06613845857100506,0.4,0.193359375,evaluable,,single_cell_within_source_3f7c572c-cd73-4b51-a313-207c7f20f188_ov_8_programs_x_3_contrasts,0.928125,FALSE,FALSE
3f7c572c-cd73-4b51-a313-207c7f20f188,ov,cytolytic_t_cell_context,Cytolytic,malignant_minus_stromal,10,-0.15433447071044742,0.3,0.193359375,evaluable,,single_cell_within_source_3f7c572c-cd73-4b51-a313-207c7f20f188_ov_8_programs_x_3_contrasts,0.928125,FALSE,FALSE
3f7c572c-cd73-4b51-a313-207c7f20f188,ov,cytolytic_t_cell_context,Cytolytic,immune_minus_stromal,10,0.06276341458447995,0.5,0.921875,evaluable,,single_cell_within_source_3f7c572c-cd73-4b51-a313-207c7f20f188_ov_8_programs_x_3_contrasts,1,FALSE,FALSE
3f7c572c-cd73-4b51-a313-207c7f20f188,ov,checkpoint_exhaustion_context,Checkpoint,malignant_minus_immune,10,-0.08556560321053702,0.4,0.193359375,evaluable,,single_cell_within_source_3f7c572c-cd73-4b51-a313-207c7f20f188_ov_8_programs_x_3_contrasts,0.928125,FALSE,FALSE
3f7c572c-cd73-4b51-a313-207c7f20f188,ov,checkpoint_exhaustion_context,Checkpoint,malignant_minus_stromal,10,-0.027801759293017952,0.3,0.375,evaluable,,single_cell_within_source_3f7c572c-cd73-4b51-a313-207c7f20f188_ov_8_programs_x_3_contrasts,0.9375,FALSE,FALSE
3f7c572c-cd73-4b51-a313-207c7f20f188,ov,checkpoint_exhaustion_context,Checkpoint,immune_minus_stromal,10,-0.013225021455096894,0.5,1,evaluable,,single_cell_within_source_3f7c572c-cd73-4b51-a313-207c7f20f188_ov_8_programs_x_3_contrasts,1,FALSE,FALSE
3f7c572c-cd73-4b51-a313-207c7f20f188,ov,myeloid_inflammatory_context,Myeloid,malignant_minus_immune,10,-0.04766746933943594,0.3,0.556640625,evaluable,,single_cell_within_source_3f7c572c-cd73-4b51-a313-207c7f20f188_ov_8_programs_x_3_contrasts,0.9375,FALSE,FALSE
3f7c572c-cd73-4b51-a313-207c7f20f188,ov,myeloid_inflammatory_context,Myeloid,malignant_minus_stromal,10,-0.09274153130196851,0.3,0.193359375,evaluable,,single_cell_within_source_3f7c572c-cd73-4b51-a313-207c7f20f188_ov_8_programs_x_3_contrasts,0.928125,FALSE,FALSE
3f7c572c-cd73-4b51-a313-207c7f20f188,ov,myeloid_inflammatory_context,Myeloid,immune_minus_stromal,10,-0.032288650869040134,0.4,0.431640625,evaluable,,single_cell_within_source_3f7c572c-cd73-4b51-a313-207c7f20f188_ov_8_programs_x_3_contrasts,0.9375,FALSE,FALSE
3f7c572c-cd73-4b51-a313-207c7f20f188,ov,tgfb_emt_exclusion_context,TGF/EMT,malignant_minus_immune,10,0.014957762897001296,0.5,0.845703125,evaluable,,single_cell_within_source_3f7c572c-cd73-4b51-a313-207c7f20f188_ov_8_programs_x_3_contrasts,1,FALSE,FALSE
3f7c572c-cd73-4b51-a313-207c7f20f188,ov,tgfb_emt_exclusion_context,TGF/EMT,malignant_minus_stromal,10,0.013050159877756928,0.6,0.6953125,evaluable,,single_cell_within_source_3f7c572c-cd73-4b51-a313-207c7f20f188_ov_8_programs_x_3_contrasts,0.9720394736842105,FALSE,FALSE
3f7c572c-cd73-4b51-a313-207c7f20f188,ov,tgfb_emt_exclusion_context,TGF/EMT,immune_minus_stromal,10,-0.0029438060989671437,0.5,0.625,evaluable,,single_cell_within_source_3f7c572c-cd73-4b51-a313-207c7f20f188_ov_8_programs_x_3_contrasts,0.9375,FALSE,FALSE
3f7c572c-cd73-4b51-a313-207c7f20f188,ov,proteasome_antigen_processing,Proteasome,malignant_minus_immune,10,0.026151878019488595,0.7,0.275390625,evaluable,,single_cell_within_source_3f7c572c-cd73-4b51-a313-207c7f20f188_ov_8_programs_x_3_contrasts,0.9375,FALSE,FALSE
3f7c572c-cd73-4b51-a313-207c7f20f188,ov,proteasome_antigen_processing,Proteasome,malignant_minus_stromal,10,0.018094034127917213,0.5,0.556640625,evaluable,,single_cell_within_source_3f7c572c-cd73-4b51-a313-207c7f20f188_ov_8_programs_x_3_contrasts,0.9375,FALSE,FALSE
3f7c572c-cd73-4b51-a313-207c7f20f188,ov,proteasome_antigen_processing,Proteasome,immune_minus_stromal,10,0.019599391186747653,0.6,0.921875,evaluable,,single_cell_within_source_3f7c572c-cd73-4b51-a313-207c7f20f188_ov_8_programs_x_3_contrasts,1,FALSE,FALSE
dea97145-f712-431c-a223-6b5f565f362a,brca,antigen_presentation_mhc_i,MHC-I,malignant_minus_immune,20,-1.0615688982907145,0.05,3.814697265625e-06,evaluable,,single_cell_within_source_dea97145-f712-431c-a223-6b5f565f362a_brca_8_programs_x_3_contrasts,6.539481026785714e-06,TRUE,TRUE
dea97145-f712-431c-a223-6b5f565f362a,brca,antigen_presentation_mhc_i,MHC-I,malignant_minus_stromal,20,-1.13070098455393,0.05,3.814697265625e-06,evaluable,,single_cell_within_source_dea97145-f712-431c-a223-6b5f565f362a_brca_8_programs_x_3_contrasts,6.539481026785714e-06,TRUE,TRUE
dea97145-f712-431c-a223-6b5f565f362a,brca,antigen_presentation_mhc_i,MHC-I,immune_minus_stromal,26,0.060364690960073464,0.6153846153846154,0.49919503927230835,evaluable,,single_cell_within_source_dea97145-f712-431c-a223-6b5f565f362a_brca_8_programs_x_3_contrasts,0.49919503927230835,FALSE,FALSE
dea97145-f712-431c-a223-6b5f565f362a,brca,antigen_presentation_mhc_ii,MHC-II,malignant_minus_immune,20,-2.2409720597028233,0,1.9073486328125e-06,evaluable,,single_cell_within_source_dea97145-f712-431c-a223-6b5f565f362a_brca_8_programs_x_3_contrasts,4.57763671875e-06,TRUE,TRUE
dea97145-f712-431c-a223-6b5f565f362a,brca,antigen_presentation_mhc_ii,MHC-II,malignant_minus_stromal,20,-1.1110865195664652,0.15,2.6702880859375e-05,evaluable,,single_cell_within_source_dea97145-f712-431c-a223-6b5f565f362a_brca_8_programs_x_3_contrasts,4.00543212890625e-05,TRUE,TRUE
dea97145-f712-431c-a223-6b5f565f362a,brca,antigen_presentation_mhc_ii,MHC-II,immune_minus_stromal,26,1.0898825590779087,1,2.9802322387695312e-08,evaluable,,single_cell_within_source_dea97145-f712-431c-a223-6b5f565f362a_brca_8_programs_x_3_contrasts,1.430511474609375e-07,TRUE,TRUE
dea97145-f712-431c-a223-6b5f565f362a,brca,ifn_gamma_response,IFN-gamma,malignant_minus_immune,20,-1.2635903846200676,0.05,3.814697265625e-06,evaluable,,single_cell_within_source_dea97145-f712-431c-a223-6b5f565f362a_brca_8_programs_x_3_contrasts,6.539481026785714e-06,TRUE,TRUE
dea97145-f712-431c-a223-6b5f565f362a,brca,ifn_gamma_response,IFN-gamma,malignant_minus_stromal,20,-1.2030590444481257,0.05,3.814697265625e-06,evaluable,,single_cell_within_source_dea97145-f712-431c-a223-6b5f565f362a_brca_8_programs_x_3_contrasts,6.539481026785714e-06,TRUE,TRUE
dea97145-f712-431c-a223-6b5f565f362a,brca,ifn_gamma_response,IFN-gamma,immune_minus_stromal,26,0.05325276830458461,0.6153846153846154,0.49919503927230835,evaluable,,single_cell_within_source_dea97145-f712-431c-a223-6b5f565f362a_brca_8_programs_x_3_contrasts,0.49919503927230835,FALSE,FALSE
dea97145-f712-431c-a223-6b5f565f362a,brca,cytolytic_t_cell_context,Cytolytic,malignant_minus_immune,20,-2.0182617093809023,0,1.9073486328125e-06,evaluable,,single_cell_within_source_dea97145-f712-431c-a223-6b5f565f362a_brca_8_programs_x_3_contrasts,4.57763671875e-06,TRUE,TRUE
dea97145-f712-431c-a223-6b5f565f362a,brca,cytolytic_t_cell_context,Cytolytic,malignant_minus_stromal,20,-0.08543669225049572,0.2,0.023950576782226562,evaluable,,single_cell_within_source_dea97145-f712-431c-a223-6b5f565f362a_brca_8_programs_x_3_contrasts,0.030253360145970395,TRUE,TRUE
dea97145-f712-431c-a223-6b5f565f362a,brca,cytolytic_t_cell_context,Cytolytic,immune_minus_stromal,26,1.9087015789386272,1,2.9802322387695312e-08,evaluable,,single_cell_within_source_dea97145-f712-431c-a223-6b5f565f362a_brca_8_programs_x_3_contrasts,1.430511474609375e-07,TRUE,TRUE
dea97145-f712-431c-a223-6b5f565f362a,brca,checkpoint_exhaustion_context,Checkpoint,malignant_minus_immune,20,-1.8608178787540406,0,1.9073486328125e-06,evaluable,,single_cell_within_source_dea97145-f712-431c-a223-6b5f565f362a_brca_8_programs_x_3_contrasts,4.57763671875e-06,TRUE,TRUE
dea97145-f712-431c-a223-6b5f565f362a,brca,checkpoint_exhaustion_context,Checkpoint,malignant_minus_stromal,20,-0.45686977304489457,0.05,5.7220458984375e-06,evaluable,,single_cell_within_source_dea97145-f712-431c-a223-6b5f565f362a_brca_8_programs_x_3_contrasts,9.1552734375e-06,TRUE,TRUE
dea97145-f712-431c-a223-6b5f565f362a,brca,checkpoint_exhaustion_context,Checkpoint,immune_minus_stromal,26,1.4903219533287326,1,2.9802322387695312e-08,evaluable,,single_cell_within_source_dea97145-f712-431c-a223-6b5f565f362a_brca_8_programs_x_3_contrasts,1.430511474609375e-07,TRUE,TRUE
dea97145-f712-431c-a223-6b5f565f362a,brca,myeloid_inflammatory_context,Myeloid,malignant_minus_immune,20,-1.83755655916698,0,1.9073486328125e-06,evaluable,,single_cell_within_source_dea97145-f712-431c-a223-6b5f565f362a_brca_8_programs_x_3_contrasts,4.57763671875e-06,TRUE,TRUE
dea97145-f712-431c-a223-6b5f565f362a,brca,myeloid_inflammatory_context,Myeloid,malignant_minus_stromal,20,0.041462389826068896,0.65,0.47490501403808594,evaluable,,single_cell_within_source_dea97145-f712-431c-a223-6b5f565f362a_brca_8_programs_x_3_contrasts,0.49919503927230835,FALSE,FALSE
dea97145-f712-431c-a223-6b5f565f362a,brca,myeloid_inflammatory_context,Myeloid,immune_minus_stromal,26,1.8201914302891637,1,2.9802322387695312e-08,evaluable,,single_cell_within_source_dea97145-f712-431c-a223-6b5f565f362a_brca_8_programs_x_3_contrasts,1.430511474609375e-07,TRUE,TRUE
dea97145-f712-431c-a223-6b5f565f362a,brca,tgfb_emt_exclusion_context,TGF/EMT,malignant_minus_immune,20,-0.5326411918004772,0.2,0.0019855499267578125,evaluable,,single_cell_within_source_dea97145-f712-431c-a223-6b5f565f362a_brca_8_programs_x_3_contrasts,0.0028031293083639708,TRUE,TRUE
dea97145-f712-431c-a223-6b5f565f362a,brca,tgfb_emt_exclusion_context,TGF/EMT,malignant_minus_stromal,20,-1.7820919595918934,0,1.9073486328125e-06,evaluable,,single_cell_within_source_dea97145-f712-431c-a223-6b5f565f362a_brca_8_programs_x_3_contrasts,4.57763671875e-06,TRUE,TRUE
dea97145-f712-431c-a223-6b5f565f362a,brca,tgfb_emt_exclusion_context,TGF/EMT,immune_minus_stromal,26,-1.2867038030888878,0,2.9802322387695312e-08,evaluable,,single_cell_within_source_dea97145-f712-431c-a223-6b5f565f362a_brca_8_programs_x_3_contrasts,1.430511474609375e-07,TRUE,TRUE
dea97145-f712-431c-a223-6b5f565f362a,brca,proteasome_antigen_processing,Proteasome,malignant_minus_immune,20,0.08118896767966563,0.6,0.11398696899414062,evaluable,,single_cell_within_source_dea97145-f712-431c-a223-6b5f565f362a_brca_8_programs_x_3_contrasts,0.13678436279296874,FALSE,FALSE
dea97145-f712-431c-a223-6b5f565f362a,brca,proteasome_antigen_processing,Proteasome,malignant_minus_stromal,20,-0.12206973032793199,0.45,0.49800872802734375,evaluable,,single_cell_within_source_dea97145-f712-431c-a223-6b5f565f362a_brca_8_programs_x_3_contrasts,0.49919503927230835,FALSE,FALSE
dea97145-f712-431c-a223-6b5f565f362a,brca,proteasome_antigen_processing,Proteasome,immune_minus_stromal,26,-0.27238917370213983,0.23076923076923078,0.0039003193378448486,evaluable,,single_cell_within_source_dea97145-f712-431c-a223-6b5f565f362a_brca_8_programs_x_3_contrasts,0.005200425783793132,TRUE,TRUE
1df8c90d-d299-4b2e-a54d-a5a80f36e780,ccrcc,antigen_presentation_mhc_i,MHC-I,malignant_minus_immune,7,-0.31987221808791827,0.42857142857142855,0.6875,evaluable,,single_cell_within_source_1df8c90d-d299-4b2e-a54d-a5a80f36e780_ccrcc_8_programs_x_3_contrasts,0.7857142857142857,FALSE,FALSE
1df8c90d-d299-4b2e-a54d-a5a80f36e780,ccrcc,antigen_presentation_mhc_i,MHC-I,malignant_minus_stromal,7,-0.755274620547161,0.2857142857142857,0.15625,evaluable,,single_cell_within_source_1df8c90d-d299-4b2e-a54d-a5a80f36e780_ccrcc_8_programs_x_3_contrasts,0.22058823529411764,FALSE,FALSE
1df8c90d-d299-4b2e-a54d-a5a80f36e780,ccrcc,antigen_presentation_mhc_i,MHC-I,immune_minus_stromal,7,-0.4766159503335521,0,0.015625,evaluable,,single_cell_within_source_1df8c90d-d299-4b2e-a54d-a5a80f36e780_ccrcc_8_programs_x_3_contrasts,0.028846153846153848,TRUE,FALSE
1df8c90d-d299-4b2e-a54d-a5a80f36e780,ccrcc,antigen_presentation_mhc_ii,MHC-II,malignant_minus_immune,7,-1.9129884588762422,0,0.015625,evaluable,,single_cell_within_source_1df8c90d-d299-4b2e-a54d-a5a80f36e780_ccrcc_8_programs_x_3_contrasts,0.028846153846153848,TRUE,FALSE
1df8c90d-d299-4b2e-a54d-a5a80f36e780,ccrcc,antigen_presentation_mhc_ii,MHC-II,malignant_minus_stromal,7,0.02249414001386285,0.5714285714285714,0.9375,evaluable,,single_cell_within_source_1df8c90d-d299-4b2e-a54d-a5a80f36e780_ccrcc_8_programs_x_3_contrasts,0.9375,FALSE,FALSE
1df8c90d-d299-4b2e-a54d-a5a80f36e780,ccrcc,antigen_presentation_mhc_ii,MHC-II,immune_minus_stromal,7,1.8832732999410986,1,0.015625,evaluable,,single_cell_within_source_1df8c90d-d299-4b2e-a54d-a5a80f36e780_ccrcc_8_programs_x_3_contrasts,0.028846153846153848,TRUE,FALSE
1df8c90d-d299-4b2e-a54d-a5a80f36e780,ccrcc,ifn_gamma_response,IFN-gamma,malignant_minus_immune,7,-0.4901166746798147,0.14285714285714285,0.046875,evaluable,,single_cell_within_source_1df8c90d-d299-4b2e-a54d-a5a80f36e780_ccrcc_8_programs_x_3_contrasts,0.08035714285714286,FALSE,FALSE
1df8c90d-d299-4b2e-a54d-a5a80f36e780,ccrcc,ifn_gamma_response,IFN-gamma,malignant_minus_stromal,7,-0.6316769519904746,0.14285714285714285,0.078125,evaluable,,single_cell_within_source_1df8c90d-d299-4b2e-a54d-a5a80f36e780_ccrcc_8_programs_x_3_contrasts,0.125,FALSE,FALSE
1df8c90d-d299-4b2e-a54d-a5a80f36e780,ccrcc,ifn_gamma_response,IFN-gamma,immune_minus_stromal,7,0.1326490023879392,0.7142857142857143,0.9375,evaluable,,single_cell_within_source_1df8c90d-d299-4b2e-a54d-a5a80f36e780_ccrcc_8_programs_x_3_contrasts,0.9375,FALSE,FALSE
1df8c90d-d299-4b2e-a54d-a5a80f36e780,ccrcc,cytolytic_t_cell_context,Cytolytic,malignant_minus_immune,7,-1.5327190069070198,0,0.015625,evaluable,,single_cell_within_source_1df8c90d-d299-4b2e-a54d-a5a80f36e780_ccrcc_8_programs_x_3_contrasts,0.028846153846153848,TRUE,FALSE
1df8c90d-d299-4b2e-a54d-a5a80f36e780,ccrcc,cytolytic_t_cell_context,Cytolytic,malignant_minus_stromal,7,-0.03211313802690022,0.42857142857142855,0.6875,evaluable,,single_cell_within_source_1df8c90d-d299-4b2e-a54d-a5a80f36e780_ccrcc_8_programs_x_3_contrasts,0.7857142857142857,FALSE,FALSE
1df8c90d-d299-4b2e-a54d-a5a80f36e780,ccrcc,cytolytic_t_cell_context,Cytolytic,immune_minus_stromal,7,1.7903969121084466,1,0.015625,evaluable,,single_cell_within_source_1df8c90d-d299-4b2e-a54d-a5a80f36e780_ccrcc_8_programs_x_3_contrasts,0.028846153846153848,TRUE,FALSE
1df8c90d-d299-4b2e-a54d-a5a80f36e780,ccrcc,checkpoint_exhaustion_context,Checkpoint,malignant_minus_immune,7,-1.6274995882672096,0,0.015625,evaluable,,single_cell_within_source_1df8c90d-d299-4b2e-a54d-a5a80f36e780_ccrcc_8_programs_x_3_contrasts,0.028846153846153848,TRUE,FALSE
1df8c90d-d299-4b2e-a54d-a5a80f36e780,ccrcc,checkpoint_exhaustion_context,Checkpoint,malignant_minus_stromal,7,-0.24294395400108454,0.2857142857142857,0.109375,evaluable,,single_cell_within_source_1df8c90d-d299-4b2e-a54d-a5a80f36e780_ccrcc_8_programs_x_3_contrasts,0.1640625,FALSE,FALSE
1df8c90d-d299-4b2e-a54d-a5a80f36e780,ccrcc,checkpoint_exhaustion_context,Checkpoint,immune_minus_stromal,7,1.7236665868197834,1,0.015625,evaluable,,single_cell_within_source_1df8c90d-d299-4b2e-a54d-a5a80f36e780_ccrcc_8_programs_x_3_contrasts,0.028846153846153848,TRUE,FALSE
1df8c90d-d299-4b2e-a54d-a5a80f36e780,ccrcc,myeloid_inflammatory_context,Myeloid,malignant_minus_immune,7,-2.0081266916546356,0,0.015625,evaluable,,single_cell_within_source_1df8c90d-d299-4b2e-a54d-a5a80f36e780_ccrcc_8_programs_x_3_contrasts,0.028846153846153848,TRUE,FALSE
1df8c90d-d299-4b2e-a54d-a5a80f36e780,ccrcc,myeloid_inflammatory_context,Myeloid,malignant_minus_stromal,7,0.028373918972226186,0.5714285714285714,0.8125,evaluable,,single_cell_within_source_1df8c90d-d299-4b2e-a54d-a5a80f36e780_ccrcc_8_programs_x_3_contrasts,0.8863636363636364,FALSE,FALSE
1df8c90d-d299-4b2e-a54d-a5a80f36e780,ccrcc,myeloid_inflammatory_context,Myeloid,immune_minus_stromal,7,1.8861677754949147,1,0.015625,evaluable,,single_cell_within_source_1df8c90d-d299-4b2e-a54d-a5a80f36e780_ccrcc_8_programs_x_3_contrasts,0.028846153846153848,TRUE,FALSE
1df8c90d-d299-4b2e-a54d-a5a80f36e780,ccrcc,tgfb_emt_exclusion_context,TGF/EMT,malignant_minus_immune,7,0.0530208642048296,0.5714285714285714,0.578125,evaluable,,single_cell_within_source_1df8c90d-d299-4b2e-a54d-a5a80f36e780_ccrcc_8_programs_x_3_contrasts,0.7302631578947368,FALSE,FALSE
1df8c90d-d299-4b2e-a54d-a5a80f36e780,ccrcc,tgfb_emt_exclusion_context,TGF/EMT,malignant_minus_stromal,7,-1.3366063830820851,0,0.015625,evaluable,,single_cell_within_source_1df8c90d-d299-4b2e-a54d-a5a80f36e780_ccrcc_8_programs_x_3_contrasts,0.028846153846153848,TRUE,FALSE
1df8c90d-d299-4b2e-a54d-a5a80f36e780,ccrcc,tgfb_emt_exclusion_context,TGF/EMT,immune_minus_stromal,7,-1.3016796369540666,0,0.015625,evaluable,,single_cell_within_source_1df8c90d-d299-4b2e-a54d-a5a80f36e780_ccrcc_8_programs_x_3_contrasts,0.028846153846153848,TRUE,FALSE
1df8c90d-d299-4b2e-a54d-a5a80f36e780,ccrcc,proteasome_antigen_processing,Proteasome,malignant_minus_immune,7,0.1455567290395725,0.7142857142857143,0.21875,evaluable,,single_cell_within_source_1df8c90d-d299-4b2e-a54d-a5a80f36e780_ccrcc_8_programs_x_3_contrasts,0.2916666666666667,FALSE,FALSE
1df8c90d-d299-4b2e-a54d-a5a80f36e780,ccrcc,proteasome_antigen_processing,Proteasome,malignant_minus_stromal,7,-0.6965099690012962,0,0.015625,evaluable,,single_cell_within_source_1df8c90d-d299-4b2e-a54d-a5a80f36e780_ccrcc_8_programs_x_3_contrasts,0.028846153846153848,TRUE,FALSE
1df8c90d-d299-4b2e-a54d-a5a80f36e780,ccrcc,proteasome_antigen_processing,Proteasome,immune_minus_stromal,7,-0.9986959653607184,0,0.015625,evaluable,,single_cell_within_source_1df8c90d-d299-4b2e-a54d-a5a80f36e780_ccrcc_8_programs_x_3_contrasts,0.028846153846153848,TRUE,FALSE
3f50314f-bdc9-40c6-8e4a-b0901ebfbe4c,ccrcc,antigen_presentation_mhc_i,MHC-I,malignant_minus_immune,6,-0.47590317897174794,0.16666666666666666,0.15625,evaluable,,single_cell_within_source_3f50314f-bdc9-40c6-8e4a-b0901ebfbe4c_ccrcc_8_programs_x_3_contrasts,0.234375,FALSE,FALSE
3f50314f-bdc9-40c6-8e4a-b0901ebfbe4c,ccrcc,antigen_presentation_mhc_i,MHC-I,malignant_minus_stromal,6,-0.2739403245678334,0.3333333333333333,0.4375,evaluable,,single_cell_within_source_3f50314f-bdc9-40c6-8e4a-b0901ebfbe4c_ccrcc_8_programs_x_3_contrasts,0.5,FALSE,FALSE
3f50314f-bdc9-40c6-8e4a-b0901ebfbe4c,ccrcc,antigen_presentation_mhc_i,MHC-I,immune_minus_stromal,6,0.15270111571103775,0.6666666666666666,0.84375,evaluable,,single_cell_within_source_3f50314f-bdc9-40c6-8e4a-b0901ebfbe4c_ccrcc_8_programs_x_3_contrasts,0.8804347826086957,FALSE,FALSE
3f50314f-bdc9-40c6-8e4a-b0901ebfbe4c,ccrcc,antigen_presentation_mhc_ii,MHC-II,malignant_minus_immune,6,1.6242697926356495,0.8333333333333334,0.0625,evaluable,,single_cell_within_source_3f50314f-bdc9-40c6-8e4a-b0901ebfbe4c_ccrcc_8_programs_x_3_contrasts,0.125,FALSE,FALSE
3f50314f-bdc9-40c6-8e4a-b0901ebfbe4c,ccrcc,antigen_presentation_mhc_ii,MHC-II,malignant_minus_stromal,6,1.757216831455116,0.8333333333333334,0.0625,evaluable,,single_cell_within_source_3f50314f-bdc9-40c6-8e4a-b0901ebfbe4c_ccrcc_8_programs_x_3_contrasts,0.125,FALSE,FALSE
3f50314f-bdc9-40c6-8e4a-b0901ebfbe4c,ccrcc,antigen_presentation_mhc_ii,MHC-II,immune_minus_stromal,6,-0.14566382032203334,0.3333333333333333,1,evaluable,,single_cell_within_source_3f50314f-bdc9-40c6-8e4a-b0901ebfbe4c_ccrcc_8_programs_x_3_contrasts,1,FALSE,FALSE
3f50314f-bdc9-40c6-8e4a-b0901ebfbe4c,ccrcc,ifn_gamma_response,IFN-gamma,malignant_minus_immune,6,0.3688787528491215,0.6666666666666666,0.21875,evaluable,,single_cell_within_source_3f50314f-bdc9-40c6-8e4a-b0901ebfbe4c_ccrcc_8_programs_x_3_contrasts,0.3088235294117647,FALSE,FALSE
3f50314f-bdc9-40c6-8e4a-b0901ebfbe4c,ccrcc,ifn_gamma_response,IFN-gamma,malignant_minus_stromal,6,0.4089093721741587,0.8333333333333334,0.09375,evaluable,,single_cell_within_source_3f50314f-bdc9-40c6-8e4a-b0901ebfbe4c_ccrcc_8_programs_x_3_contrasts,0.15,FALSE,FALSE
3f50314f-bdc9-40c6-8e4a-b0901ebfbe4c,ccrcc,ifn_gamma_response,IFN-gamma,immune_minus_stromal,6,0.018420841811162755,0.5,0.6875,evaluable,,single_cell_within_source_3f50314f-bdc9-40c6-8e4a-b0901ebfbe4c_ccrcc_8_programs_x_3_contrasts,0.75,FALSE,FALSE
3f50314f-bdc9-40c6-8e4a-b0901ebfbe4c,ccrcc,cytolytic_t_cell_context,Cytolytic,malignant_minus_immune,6,-1.1627142897075027,0,0.03125,evaluable,,single_cell_within_source_3f50314f-bdc9-40c6-8e4a-b0901ebfbe4c_ccrcc_8_programs_x_3_contrasts,0.09375,FALSE,FALSE
3f50314f-bdc9-40c6-8e4a-b0901ebfbe4c,ccrcc,cytolytic_t_cell_context,Cytolytic,malignant_minus_stromal,6,1.135708973150443,1,0.03125,evaluable,,single_cell_within_source_3f50314f-bdc9-40c6-8e4a-b0901ebfbe4c_ccrcc_8_programs_x_3_contrasts,0.09375,FALSE,FALSE
3f50314f-bdc9-40c6-8e4a-b0901ebfbe4c,ccrcc,cytolytic_t_cell_context,Cytolytic,immune_minus_stromal,6,2.3031577828862217,1,0.03125,evaluable,,single_cell_within_source_3f50314f-bdc9-40c6-8e4a-b0901ebfbe4c_ccrcc_8_programs_x_3_contrasts,0.09375,FALSE,FALSE
3f50314f-bdc9-40c6-8e4a-b0901ebfbe4c,ccrcc,checkpoint_exhaustion_context,Checkpoint,malignant_minus_immune,6,-0.23750126415621967,0.16666666666666666,0.09375,evaluable,,single_cell_within_source_3f50314f-bdc9-40c6-8e4a-b0901ebfbe4c_ccrcc_8_programs_x_3_contrasts,0.15,FALSE,FALSE
3f50314f-bdc9-40c6-8e4a-b0901ebfbe4c,ccrcc,checkpoint_exhaustion_context,Checkpoint,malignant_minus_stromal,6,0.8683242586954292,0.8333333333333334,0.0625,evaluable,,single_cell_within_source_3f50314f-bdc9-40c6-8e4a-b0901ebfbe4c_ccrcc_8_programs_x_3_contrasts,0.125,FALSE,FALSE
3f50314f-bdc9-40c6-8e4a-b0901ebfbe4c,ccrcc,checkpoint_exhaustion_context,Checkpoint,immune_minus_stromal,6,1.3034336529067356,1,0.03125,evaluable,,single_cell_within_source_3f50314f-bdc9-40c6-8e4a-b0901ebfbe4c_ccrcc_8_programs_x_3_contrasts,0.09375,FALSE,FALSE
3f50314f-bdc9-40c6-8e4a-b0901ebfbe4c,ccrcc,myeloid_inflammatory_context,Myeloid,malignant_minus_immune,6,0.344720889398984,0.8333333333333334,0.4375,evaluable,,single_cell_within_source_3f50314f-bdc9-40c6-8e4a-b0901ebfbe4c_ccrcc_8_programs_x_3_contrasts,0.5,FALSE,FALSE
3f50314f-bdc9-40c6-8e4a-b0901ebfbe4c,ccrcc,myeloid_inflammatory_context,Myeloid,malignant_minus_stromal,6,2.0742301283964926,1,0.03125,evaluable,,single_cell_within_source_3f50314f-bdc9-40c6-8e4a-b0901ebfbe4c_ccrcc_8_programs_x_3_contrasts,0.09375,FALSE,FALSE
3f50314f-bdc9-40c6-8e4a-b0901ebfbe4c,ccrcc,myeloid_inflammatory_context,Myeloid,immune_minus_stromal,6,1.7564790405188817,1,0.03125,evaluable,,single_cell_within_source_3f50314f-bdc9-40c6-8e4a-b0901ebfbe4c_ccrcc_8_programs_x_3_contrasts,0.09375,FALSE,FALSE
3f50314f-bdc9-40c6-8e4a-b0901ebfbe4c,ccrcc,tgfb_emt_exclusion_context,TGF/EMT,malignant_minus_immune,6,-0.24769307392262205,0.16666666666666666,0.4375,evaluable,,single_cell_within_source_3f50314f-bdc9-40c6-8e4a-b0901ebfbe4c_ccrcc_8_programs_x_3_contrasts,0.5,FALSE,FALSE
3f50314f-bdc9-40c6-8e4a-b0901ebfbe4c,ccrcc,tgfb_emt_exclusion_context,TGF/EMT,malignant_minus_stromal,6,-0.8293201566127489,0,0.03125,evaluable,,single_cell_within_source_3f50314f-bdc9-40c6-8e4a-b0901ebfbe4c_ccrcc_8_programs_x_3_contrasts,0.09375,FALSE,FALSE
3f50314f-bdc9-40c6-8e4a-b0901ebfbe4c,ccrcc,tgfb_emt_exclusion_context,TGF/EMT,immune_minus_stromal,6,-0.7795946500772575,0,0.03125,evaluable,,single_cell_within_source_3f50314f-bdc9-40c6-8e4a-b0901ebfbe4c_ccrcc_8_programs_x_3_contrasts,0.09375,FALSE,FALSE
3f50314f-bdc9-40c6-8e4a-b0901ebfbe4c,ccrcc,proteasome_antigen_processing,Proteasome,malignant_minus_immune,6,-0.743964751062278,0.16666666666666666,0.0625,evaluable,,single_cell_within_source_3f50314f-bdc9-40c6-8e4a-b0901ebfbe4c_ccrcc_8_programs_x_3_contrasts,0.125,FALSE,FALSE
3f50314f-bdc9-40c6-8e4a-b0901ebfbe4c,ccrcc,proteasome_antigen_processing,Proteasome,malignant_minus_stromal,6,-0.32833008401341013,0.16666666666666666,0.3125,evaluable,,single_cell_within_source_3f50314f-bdc9-40c6-8e4a-b0901ebfbe4c_ccrcc_8_programs_x_3_contrasts,0.4166666666666667,FALSE,FALSE
3f50314f-bdc9-40c6-8e4a-b0901ebfbe4c,ccrcc,proteasome_antigen_processing,Proteasome,immune_minus_stromal,6,0.28483603977920835,0.8333333333333334,0.09375,evaluable,,single_cell_within_source_3f50314f-bdc9-40c6-8e4a-b0901ebfbe4c_ccrcc_8_programs_x_3_contrasts,0.15,FALSE,FALSE
4d82bd8e-8827-410b-8fc7-685b7dd92585,coad,antigen_presentation_mhc_i,MHC-I,malignant_minus_immune,0,,,,not_evaluable,paired_donor_n_below_6,single_cell_within_source_4d82bd8e-8827-410b-8fc7-685b7dd92585_coad_8_programs_x_3_contrasts,,FALSE,FALSE
4d82bd8e-8827-410b-8fc7-685b7dd92585,coad,antigen_presentation_mhc_i,MHC-I,malignant_minus_stromal,0,,,,not_evaluable,paired_donor_n_below_6,single_cell_within_source_4d82bd8e-8827-410b-8fc7-685b7dd92585_coad_8_programs_x_3_contrasts,,FALSE,FALSE
4d82bd8e-8827-410b-8fc7-685b7dd92585,coad,antigen_presentation_mhc_i,MHC-I,immune_minus_stromal,55,-0.04056681956401598,0.4727272727272727,0.1800608454063629,evaluable,,single_cell_within_source_4d82bd8e-8827-410b-8fc7-685b7dd92585_coad_8_programs_x_3_contrasts,0.1800608454063629,FALSE,FALSE
4d82bd8e-8827-410b-8fc7-685b7dd92585,coad,antigen_presentation_mhc_ii,MHC-II,malignant_minus_immune,0,,,,not_evaluable,paired_donor_n_below_6,single_cell_within_source_4d82bd8e-8827-410b-8fc7-685b7dd92585_coad_8_programs_x_3_contrasts,,FALSE,FALSE
4d82bd8e-8827-410b-8fc7-685b7dd92585,coad,antigen_presentation_mhc_ii,MHC-II,malignant_minus_stromal,0,,,,not_evaluable,paired_donor_n_below_6,single_cell_within_source_4d82bd8e-8827-410b-8fc7-685b7dd92585_coad_8_programs_x_3_contrasts,,FALSE,FALSE
4d82bd8e-8827-410b-8fc7-685b7dd92585,coad,antigen_presentation_mhc_ii,MHC-II,immune_minus_stromal,55,1.688357853702506,1,1.1076151546135735e-10,evaluable,,single_cell_within_source_4d82bd8e-8827-410b-8fc7-685b7dd92585_coad_8_programs_x_3_contrasts,1.7721842473817177e-10,TRUE,TRUE
4d82bd8e-8827-410b-8fc7-685b7dd92585,coad,ifn_gamma_response,IFN-gamma,malignant_minus_immune,0,,,,not_evaluable,paired_donor_n_below_6,single_cell_within_source_4d82bd8e-8827-410b-8fc7-685b7dd92585_coad_8_programs_x_3_contrasts,,FALSE,FALSE
4d82bd8e-8827-410b-8fc7-685b7dd92585,coad,ifn_gamma_response,IFN-gamma,malignant_minus_stromal,0,,,,not_evaluable,paired_donor_n_below_6,single_cell_within_source_4d82bd8e-8827-410b-8fc7-685b7dd92585_coad_8_programs_x_3_contrasts,,FALSE,FALSE
4d82bd8e-8827-410b-8fc7-685b7dd92585,coad,ifn_gamma_response,IFN-gamma,immune_minus_stromal,55,0.28652713459462087,0.6363636363636364,0.0006697041652388387,evaluable,,single_cell_within_source_4d82bd8e-8827-410b-8fc7-685b7dd92585_coad_8_programs_x_3_contrasts,0.0007653761888443871,TRUE,TRUE
4d82bd8e-8827-410b-8fc7-685b7dd92585,coad,cytolytic_t_cell_context,Cytolytic,malignant_minus_immune,0,,,,not_evaluable,paired_donor_n_below_6,single_cell_within_source_4d82bd8e-8827-410b-8fc7-685b7dd92585_coad_8_programs_x_3_contrasts,,FALSE,FALSE
4d82bd8e-8827-410b-8fc7-685b7dd92585,coad,cytolytic_t_cell_context,Cytolytic,malignant_minus_stromal,0,,,,not_evaluable,paired_donor_n_below_6,single_cell_within_source_4d82bd8e-8827-410b-8fc7-685b7dd92585_coad_8_programs_x_3_contrasts,,FALSE,FALSE
4d82bd8e-8827-410b-8fc7-685b7dd92585,coad,cytolytic_t_cell_context,Cytolytic,immune_minus_stromal,55,1.7184484280464067,1,1.1076151546135735e-10,evaluable,,single_cell_within_source_4d82bd8e-8827-410b-8fc7-685b7dd92585_coad_8_programs_x_3_contrasts,1.7721842473817177e-10,TRUE,TRUE
4d82bd8e-8827-410b-8fc7-685b7dd92585,coad,checkpoint_exhaustion_context,Checkpoint,malignant_minus_immune,0,,,,not_evaluable,paired_donor_n_below_6,single_cell_within_source_4d82bd8e-8827-410b-8fc7-685b7dd92585_coad_8_programs_x_3_contrasts,,FALSE,FALSE
4d82bd8e-8827-410b-8fc7-685b7dd92585,coad,checkpoint_exhaustion_context,Checkpoint,malignant_minus_stromal,0,,,,not_evaluable,paired_donor_n_below_6,single_cell_within_source_4d82bd8e-8827-410b-8fc7-685b7dd92585_coad_8_programs_x_3_contrasts,,FALSE,FALSE
4d82bd8e-8827-410b-8fc7-685b7dd92585,coad,checkpoint_exhaustion_context,Checkpoint,immune_minus_stromal,55,1.4992029856932463,1,1.1076151546135735e-10,evaluable,,single_cell_within_source_4d82bd8e-8827-410b-8fc7-685b7dd92585_coad_8_programs_x_3_contrasts,1.7721842473817177e-10,TRUE,TRUE
4d82bd8e-8827-410b-8fc7-685b7dd92585,coad,myeloid_inflammatory_context,Myeloid,malignant_minus_immune,0,,,,not_evaluable,paired_donor_n_below_6,single_cell_within_source_4d82bd8e-8827-410b-8fc7-685b7dd92585_coad_8_programs_x_3_contrasts,,FALSE,FALSE
4d82bd8e-8827-410b-8fc7-685b7dd92585,coad,myeloid_inflammatory_context,Myeloid,malignant_minus_stromal,0,,,,not_evaluable,paired_donor_n_below_6,single_cell_within_source_4d82bd8e-8827-410b-8fc7-685b7dd92585_coad_8_programs_x_3_contrasts,,FALSE,FALSE
4d82bd8e-8827-410b-8fc7-685b7dd92585,coad,myeloid_inflammatory_context,Myeloid,immune_minus_stromal,55,1.8339434944517592,1,1.1076151546135735e-10,evaluable,,single_cell_within_source_4d82bd8e-8827-410b-8fc7-685b7dd92585_coad_8_programs_x_3_contrasts,1.7721842473817177e-10,TRUE,TRUE
4d82bd8e-8827-410b-8fc7-685b7dd92585,coad,tgfb_emt_exclusion_context,TGF/EMT,malignant_minus_immune,0,,,,not_evaluable,paired_donor_n_below_6,single_cell_within_source_4d82bd8e-8827-410b-8fc7-685b7dd92585_coad_8_programs_x_3_contrasts,,FALSE,FALSE
4d82bd8e-8827-410b-8fc7-685b7dd92585,coad,tgfb_emt_exclusion_context,TGF/EMT,malignant_minus_stromal,0,,,,not_evaluable,paired_donor_n_below_6,single_cell_within_source_4d82bd8e-8827-410b-8fc7-685b7dd92585_coad_8_programs_x_3_contrasts,,FALSE,FALSE
4d82bd8e-8827-410b-8fc7-685b7dd92585,coad,tgfb_emt_exclusion_context,TGF/EMT,immune_minus_stromal,55,-1.5890973486873947,0,1.1076151546135735e-10,evaluable,,single_cell_within_source_4d82bd8e-8827-410b-8fc7-685b7dd92585_coad_8_programs_x_3_contrasts,1.7721842473817177e-10,TRUE,TRUE
4d82bd8e-8827-410b-8fc7-685b7dd92585,coad,proteasome_antigen_processing,Proteasome,malignant_minus_immune,0,,,,not_evaluable,paired_donor_n_below_6,single_cell_within_source_4d82bd8e-8827-410b-8fc7-685b7dd92585_coad_8_programs_x_3_contrasts,,FALSE,FALSE
4d82bd8e-8827-410b-8fc7-685b7dd92585,coad,proteasome_antigen_processing,Proteasome,malignant_minus_stromal,0,,,,not_evaluable,paired_donor_n_below_6,single_cell_within_source_4d82bd8e-8827-410b-8fc7-685b7dd92585_coad_8_programs_x_3_contrasts,,FALSE,FALSE
4d82bd8e-8827-410b-8fc7-685b7dd92585,coad,proteasome_antigen_processing,Proteasome,immune_minus_stromal,55,-0.3962552722228585,0.21818181818181817,3.351322121381187e-07,evaluable,,single_cell_within_source_4d82bd8e-8827-410b-8fc7-685b7dd92585_coad_8_programs_x_3_contrasts,4.468429495174916e-07,TRUE,TRUE
0bebef1a-4607-4584-9070-dacf89a0d635,luad,antigen_presentation_mhc_i,MHC-I,malignant_minus_immune,18,-0.6004954130191593,0.2777777777777778,0.0138702392578125,evaluable,,single_cell_within_source_0bebef1a-4607-4584-9070-dacf89a0d635_luad_8_programs_x_3_contrasts,0.017520302220394735,TRUE,TRUE
0bebef1a-4607-4584-9070-dacf89a0d635,luad,antigen_presentation_mhc_i,MHC-I,malignant_minus_stromal,16,-0.33932970148530833,0.3125,0.00762939453125,evaluable,,single_cell_within_source_0bebef1a-4607-4584-9070-dacf89a0d635_luad_8_programs_x_3_contrasts,0.010770909926470588,TRUE,TRUE
0bebef1a-4607-4584-9070-dacf89a0d635,luad,antigen_presentation_mhc_i,MHC-I,immune_minus_stromal,16,0.13710323319909096,0.75,0.21142578125,evaluable,,single_cell_within_source_0bebef1a-4607-4584-9070-dacf89a0d635_luad_8_programs_x_3_contrasts,0.23064630681818182,FALSE,FALSE
0bebef1a-4607-4584-9070-dacf89a0d635,luad,antigen_presentation_mhc_ii,MHC-II,malignant_minus_immune,18,-1.1596609946928553,0,7.62939453125e-06,evaluable,,single_cell_within_source_0bebef1a-4607-4584-9070-dacf89a0d635_luad_8_programs_x_3_contrasts,4.57763671875e-05,TRUE,TRUE
0bebef1a-4607-4584-9070-dacf89a0d635,luad,antigen_presentation_mhc_ii,MHC-II,malignant_minus_stromal,16,0.9379573995074562,1,3.0517578125e-05,evaluable,,single_cell_within_source_0bebef1a-4607-4584-9070-dacf89a0d635_luad_8_programs_x_3_contrasts,6.103515625e-05,TRUE,TRUE
0bebef1a-4607-4584-9070-dacf89a0d635,luad,antigen_presentation_mhc_ii,MHC-II,immune_minus_stromal,16,1.9551489947539775,1,3.0517578125e-05,evaluable,,single_cell_within_source_0bebef1a-4607-4584-9070-dacf89a0d635_luad_8_programs_x_3_contrasts,6.103515625e-05,TRUE,TRUE
0bebef1a-4607-4584-9070-dacf89a0d635,luad,ifn_gamma_response,IFN-gamma,malignant_minus_immune,18,-1.0917386264449473,0.05555555555555555,2.288818359375e-05,evaluable,,single_cell_within_source_0bebef1a-4607-4584-9070-dacf89a0d635_luad_8_programs_x_3_contrasts,6.103515625e-05,TRUE,TRUE
0bebef1a-4607-4584-9070-dacf89a0d635,luad,ifn_gamma_response,IFN-gamma,malignant_minus_stromal,16,-0.4348593695757717,0.125,0.00030517578125,evaluable,,single_cell_within_source_0bebef1a-4607-4584-9070-dacf89a0d635_luad_8_programs_x_3_contrasts,0.0005634014423076923,TRUE,TRUE
0bebef1a-4607-4584-9070-dacf89a0d635,luad,ifn_gamma_response,IFN-gamma,immune_minus_stromal,16,0.3862346919353875,0.8125,0.002685546875,evaluable,,single_cell_within_source_0bebef1a-4607-4584-9070-dacf89a0d635_luad_8_programs_x_3_contrasts,0.004603794642857143,TRUE,TRUE
0bebef1a-4607-4584-9070-dacf89a0d635,luad,cytolytic_t_cell_context,Cytolytic,malignant_minus_immune,18,-1.85680209911356,0,7.62939453125e-06,evaluable,,single_cell_within_source_0bebef1a-4607-4584-9070-dacf89a0d635_luad_8_programs_x_3_contrasts,4.57763671875e-05,TRUE,TRUE
0bebef1a-4607-4584-9070-dacf89a0d635,luad,cytolytic_t_cell_context,Cytolytic,malignant_minus_stromal,16,0.0509979422744527,0.625,0.252227783203125,evaluable,,single_cell_within_source_0bebef1a-4607-4584-9070-dacf89a0d635_luad_8_programs_x_3_contrasts,0.2631942085597826,FALSE,FALSE
0bebef1a-4607-4584-9070-dacf89a0d635,luad,cytolytic_t_cell_context,Cytolytic,immune_minus_stromal,16,1.8643841687367602,1,3.0517578125e-05,evaluable,,single_cell_within_source_0bebef1a-4607-4584-9070-dacf89a0d635_luad_8_programs_x_3_contrasts,6.103515625e-05,TRUE,TRUE
0bebef1a-4607-4584-9070-dacf89a0d635,luad,checkpoint_exhaustion_context,Checkpoint,malignant_minus_immune,18,-1.6363991398061337,0,7.62939453125e-06,evaluable,,single_cell_within_source_0bebef1a-4607-4584-9070-dacf89a0d635_luad_8_programs_x_3_contrasts,4.57763671875e-05,TRUE,TRUE
0bebef1a-4607-4584-9070-dacf89a0d635,luad,checkpoint_exhaustion_context,Checkpoint,malignant_minus_stromal,16,-0.15317609716198413,0.1875,0.005157470703125,evaluable,,single_cell_within_source_0bebef1a-4607-4584-9070-dacf89a0d635_luad_8_programs_x_3_contrasts,0.0077362060546875,TRUE,TRUE
0bebef1a-4607-4584-9070-dacf89a0d635,luad,checkpoint_exhaustion_context,Checkpoint,immune_minus_stromal,16,1.437183892567068,1,3.0517578125e-05,evaluable,,single_cell_within_source_0bebef1a-4607-4584-9070-dacf89a0d635_luad_8_programs_x_3_contrasts,6.103515625e-05,TRUE,TRUE
0bebef1a-4607-4584-9070-dacf89a0d635,luad,myeloid_inflammatory_context,Myeloid,malignant_minus_immune,18,-1.6757038414255443,0,7.62939453125e-06,evaluable,,single_cell_within_source_0bebef1a-4607-4584-9070-dacf89a0d635_luad_8_programs_x_3_contrasts,4.57763671875e-05,TRUE,TRUE
0bebef1a-4607-4584-9070-dacf89a0d635,luad,myeloid_inflammatory_context,Myeloid,malignant_minus_stromal,16,0.18108982003017826,0.75,0.00335693359375,evaluable,,single_cell_within_source_0bebef1a-4607-4584-9070-dacf89a0d635_luad_8_programs_x_3_contrasts,0.00537109375,TRUE,TRUE
0bebef1a-4607-4584-9070-dacf89a0d635,luad,myeloid_inflammatory_context,Myeloid,immune_minus_stromal,16,1.911034974402249,1,3.0517578125e-05,evaluable,,single_cell_within_source_0bebef1a-4607-4584-9070-dacf89a0d635_luad_8_programs_x_3_contrasts,6.103515625e-05,TRUE,TRUE
0bebef1a-4607-4584-9070-dacf89a0d635,luad,tgfb_emt_exclusion_context,TGF/EMT,malignant_minus_immune,18,-0.17195424778309243,0.16666666666666666,0.02367401123046875,evaluable,,single_cell_within_source_0bebef1a-4607-4584-9070-dacf89a0d635_luad_8_programs_x_3_contrasts,0.027056012834821428,TRUE,TRUE
0bebef1a-4607-4584-9070-dacf89a0d635,luad,tgfb_emt_exclusion_context,TGF/EMT,malignant_minus_stromal,16,-1.5886282166872399,0,3.0517578125e-05,evaluable,,single_cell_within_source_0bebef1a-4607-4584-9070-dacf89a0d635_luad_8_programs_x_3_contrasts,6.103515625e-05,TRUE,TRUE
0bebef1a-4607-4584-9070-dacf89a0d635,luad,tgfb_emt_exclusion_context,TGF/EMT,immune_minus_stromal,16,-1.3659454272638027,0,3.0517578125e-05,evaluable,,single_cell_within_source_0bebef1a-4607-4584-9070-dacf89a0d635_luad_8_programs_x_3_contrasts,6.103515625e-05,TRUE,TRUE
0bebef1a-4607-4584-9070-dacf89a0d635,luad,proteasome_antigen_processing,Proteasome,malignant_minus_immune,18,0.3808838956380376,0.7777777777777778,0.0138702392578125,evaluable,,single_cell_within_source_0bebef1a-4607-4584-9070-dacf89a0d635_luad_8_programs_x_3_contrasts,0.017520302220394735,TRUE,TRUE
0bebef1a-4607-4584-9070-dacf89a0d635,luad,proteasome_antigen_processing,Proteasome,malignant_minus_stromal,16,0.3296834335244089,0.875,0.0155029296875,evaluable,,single_cell_within_source_0bebef1a-4607-4584-9070-dacf89a0d635_luad_8_programs_x_3_contrasts,0.018603515625,TRUE,TRUE
0bebef1a-4607-4584-9070-dacf89a0d635,luad,proteasome_antigen_processing,Proteasome,immune_minus_stromal,16,-2.5406120949242328e-05,0.5,0.596588134765625,evaluable,,single_cell_within_source_0bebef1a-4607-4584-9070-dacf89a0d635_luad_8_programs_x_3_contrasts,0.596588134765625,FALSE,FALSE
bc7397a3-ea49-4d57-84b8-80bd6885d4c4,hnscc,antigen_presentation_mhc_i,MHC-I,malignant_minus_immune,33,-0.3892419198907579,0.30303030303030304,0.008788360049948096,evaluable,,single_cell_within_source_bc7397a3-ea49-4d57-84b8-80bd6885d4c4_hnscc_8_programs_x_3_contrasts,0.011101086378881806,TRUE,TRUE
bc7397a3-ea49-4d57-84b8-80bd6885d4c4,hnscc,antigen_presentation_mhc_i,MHC-I,malignant_minus_stromal,31,-0.21865781374379029,0.22580645161290322,0.0017160577699542046,evaluable,,single_cell_within_source_bc7397a3-ea49-4d57-84b8-80bd6885d4c4_hnscc_8_programs_x_3_contrasts,0.002726693172007799,TRUE,TRUE
bc7397a3-ea49-4d57-84b8-80bd6885d4c4,hnscc,antigen_presentation_mhc_i,MHC-I,immune_minus_stromal,33,-0.0674182777382504,0.30303030303030304,0.0969530746806413,evaluable,,single_cell_within_source_bc7397a3-ea49-4d57-84b8-80bd6885d4c4_hnscc_8_programs_x_3_contrasts,0.10576699056069959,FALSE,FALSE
bc7397a3-ea49-4d57-84b8-80bd6885d4c4,hnscc,antigen_presentation_mhc_ii,MHC-II,malignant_minus_immune,33,-1.674635964757712,0,2.3283064365386963e-10,evaluable,,single_cell_within_source_bc7397a3-ea49-4d57-84b8-80bd6885d4c4_hnscc_8_programs_x_3_contrasts,6.20881716410319e-10,TRUE,TRUE
bc7397a3-ea49-4d57-84b8-80bd6885d4c4,hnscc,antigen_presentation_mhc_ii,MHC-II,malignant_minus_stromal,31,-0.2787463530024781,0.2903225806451613,0.004751680418848991,evaluable,,single_cell_within_source_bc7397a3-ea49-4d57-84b8-80bd6885d4c4_hnscc_8_programs_x_3_contrasts,0.0063355738917986555,TRUE,TRUE
bc7397a3-ea49-4d57-84b8-80bd6885d4c4,hnscc,antigen_presentation_mhc_ii,MHC-II,immune_minus_stromal,33,1.4056978024335853,1,2.3283064365386963e-10,evaluable,,single_cell_within_source_bc7397a3-ea49-4d57-84b8-80bd6885d4c4_hnscc_8_programs_x_3_contrasts,6.20881716410319e-10,TRUE,TRUE
bc7397a3-ea49-4d57-84b8-80bd6885d4c4,hnscc,ifn_gamma_response,IFN-gamma,malignant_minus_immune,33,-0.5134652207384982,0.2727272727272727,0.0018177954480051994,evaluable,,single_cell_within_source_bc7397a3-ea49-4d57-84b8-80bd6885d4c4_hnscc_8_programs_x_3_contrasts,0.002726693172007799,TRUE,TRUE
bc7397a3-ea49-4d57-84b8-80bd6885d4c4,hnscc,ifn_gamma_response,IFN-gamma,malignant_minus_stromal,31,-0.36647102211467286,0.25806451612903225,0.000131131149828434,evaluable,,single_cell_within_source_bc7397a3-ea49-4d57-84b8-80bd6885d4c4_hnscc_8_programs_x_3_contrasts,0.00024208827660633967,TRUE,TRUE
bc7397a3-ea49-4d57-84b8-80bd6885d4c4,hnscc,ifn_gamma_response,IFN-gamma,immune_minus_stromal,33,-0.019583731924382897,0.45454545454545453,0.5601940555498004,evaluable,,single_cell_within_source_bc7397a3-ea49-4d57-84b8-80bd6885d4c4_hnscc_8_programs_x_3_contrasts,0.5601940555498004,FALSE,FALSE
bc7397a3-ea49-4d57-84b8-80bd6885d4c4,hnscc,cytolytic_t_cell_context,Cytolytic,malignant_minus_immune,33,-1.6226774082061144,0,2.3283064365386963e-10,evaluable,,single_cell_within_source_bc7397a3-ea49-4d57-84b8-80bd6885d4c4_hnscc_8_programs_x_3_contrasts,6.20881716410319e-10,TRUE,TRUE
bc7397a3-ea49-4d57-84b8-80bd6885d4c4,hnscc,cytolytic_t_cell_context,Cytolytic,malignant_minus_stromal,31,-0.12830302793259363,0.22580645161290322,0.00973692536354065,evaluable,,single_cell_within_source_bc7397a3-ea49-4d57-84b8-80bd6885d4c4_hnscc_8_programs_x_3_contrasts,0.01168431043624878,TRUE,TRUE
bc7397a3-ea49-4d57-84b8-80bd6885d4c4,hnscc,cytolytic_t_cell_context,Cytolytic,immune_minus_stromal,33,1.6907545471609824,1,2.3283064365386963e-10,evaluable,,single_cell_within_source_bc7397a3-ea49-4d57-84b8-80bd6885d4c4_hnscc_8_programs_x_3_contrasts,6.20881716410319e-10,TRUE,TRUE
bc7397a3-ea49-4d57-84b8-80bd6885d4c4,hnscc,checkpoint_exhaustion_context,Checkpoint,malignant_minus_immune,33,-1.761488893849503,0,2.3283064365386963e-10,evaluable,,single_cell_within_source_bc7397a3-ea49-4d57-84b8-80bd6885d4c4_hnscc_8_programs_x_3_contrasts,6.20881716410319e-10,TRUE,TRUE
bc7397a3-ea49-4d57-84b8-80bd6885d4c4,hnscc,checkpoint_exhaustion_context,Checkpoint,malignant_minus_stromal,31,-0.3364010079817831,0.1935483870967742,0.00016037467867136002,evaluable,,single_cell_within_source_bc7397a3-ea49-4d57-84b8-80bd6885d4c4_hnscc_8_programs_x_3_contrasts,0.0002749280205794743,TRUE,TRUE
bc7397a3-ea49-4d57-84b8-80bd6885d4c4,hnscc,checkpoint_exhaustion_context,Checkpoint,immune_minus_stromal,33,1.5831340853404223,1,2.3283064365386963e-10,evaluable,,single_cell_within_source_bc7397a3-ea49-4d57-84b8-80bd6885d4c4_hnscc_8_programs_x_3_contrasts,6.20881716410319e-10,TRUE,TRUE
bc7397a3-ea49-4d57-84b8-80bd6885d4c4,hnscc,myeloid_inflammatory_context,Myeloid,malignant_minus_immune,33,-1.5708872943453405,0,2.3283064365386963e-10,evaluable,,single_cell_within_source_bc7397a3-ea49-4d57-84b8-80bd6885d4c4_hnscc_8_programs_x_3_contrasts,6.20881716410319e-10,TRUE,TRUE
bc7397a3-ea49-4d57-84b8-80bd6885d4c4,hnscc,myeloid_inflammatory_context,Myeloid,malignant_minus_stromal,31,0.0859274510850977,0.6129032258064516,0.07933946698904037,evaluable,,single_cell_within_source_bc7397a3-ea49-4d57-84b8-80bd6885d4c4_hnscc_8_programs_x_3_contrasts,0.09067367655890328,FALSE,FALSE
bc7397a3-ea49-4d57-84b8-80bd6885d4c4,hnscc,myeloid_inflammatory_context,Myeloid,immune_minus_stromal,33,1.656814745430438,1,2.3283064365386963e-10,evaluable,,single_cell_within_source_bc7397a3-ea49-4d57-84b8-80bd6885d4c4_hnscc_8_programs_x_3_contrasts,6.20881716410319e-10,TRUE,TRUE
bc7397a3-ea49-4d57-84b8-80bd6885d4c4,hnscc,tgfb_emt_exclusion_context,TGF/EMT,malignant_minus_immune,33,0.1600415022926055,0.6363636363636364,0.304337490350008,evaluable,,single_cell_within_source_bc7397a3-ea49-4d57-84b8-80bd6885d4c4_hnscc_8_programs_x_3_contrasts,0.31756955514783447,FALSE,FALSE
bc7397a3-ea49-4d57-84b8-80bd6885d4c4,hnscc,tgfb_emt_exclusion_context,TGF/EMT,malignant_minus_stromal,31,-1.172048176314903,0,9.313225746154785e-10,evaluable,,single_cell_within_source_bc7397a3-ea49-4d57-84b8-80bd6885d4c4_hnscc_8_programs_x_3_contrasts,2.2351741790771484e-09,TRUE,TRUE
bc7397a3-ea49-4d57-84b8-80bd6885d4c4,hnscc,tgfb_emt_exclusion_context,TGF/EMT,immune_minus_stromal,33,-1.3531850671348606,0,2.3283064365386963e-10,evaluable,,single_cell_within_source_bc7397a3-ea49-4d57-84b8-80bd6885d4c4_hnscc_8_programs_x_3_contrasts,6.20881716410319e-10,TRUE,TRUE
bc7397a3-ea49-4d57-84b8-80bd6885d4c4,hnscc,proteasome_antigen_processing,Proteasome,malignant_minus_immune,33,0.7652295305452178,0.8787878787878788,2.304092049598694e-06,evaluable,,single_cell_within_source_bc7397a3-ea49-4d57-84b8-80bd6885d4c4_hnscc_8_programs_x_3_contrasts,5.02710992639715e-06,TRUE,TRUE
bc7397a3-ea49-4d57-84b8-80bd6885d4c4,hnscc,proteasome_antigen_processing,Proteasome,malignant_minus_stromal,31,0.3840728581885668,0.7419354838709677,0.0020003607496619225,evaluable,,single_cell_within_source_bc7397a3-ea49-4d57-84b8-80bd6885d4c4_hnscc_8_programs_x_3_contrasts,0.002824038705405067,TRUE,TRUE
bc7397a3-ea49-4d57-84b8-80bd6885d4c4,hnscc,proteasome_antigen_processing,Proteasome,immune_minus_stromal,33,-0.4523108865865312,0.15151515151515152,1.4359597116708755e-05,evaluable,,single_cell_within_source_bc7397a3-ea49-4d57-84b8-80bd6885d4c4_hnscc_8_programs_x_3_contrasts,2.871919423341751e-05,TRUE,TRUE
999f2a15-3d7e-440b-96ae-2c806799c08c,gbm,antigen_presentation_mhc_i,MHC-I,malignant_minus_immune,68,-0.20380768612313566,0.3088235294117647,5.3692458905996306e-05,evaluable,,single_cell_within_source_999f2a15-3d7e-440b-96ae-2c806799c08c_gbm_8_programs_x_3_contrasts,0.00010738491781199261,TRUE,TRUE
999f2a15-3d7e-440b-96ae-2c806799c08c,gbm,antigen_presentation_mhc_i,MHC-I,malignant_minus_stromal,56,-0.18916882106920108,0.30357142857142855,0.0017343048547245193,evaluable,,single_cell_within_source_999f2a15-3d7e-440b-96ae-2c806799c08c_gbm_8_programs_x_3_contrasts,0.0027748877675592308,TRUE,TRUE
999f2a15-3d7e-440b-96ae-2c806799c08c,gbm,antigen_presentation_mhc_i,MHC-I,immune_minus_stromal,53,0.0028302719512708907,0.5094339622641509,0.7001668389231357,evaluable,,single_cell_within_source_999f2a15-3d7e-440b-96ae-2c806799c08c_gbm_8_programs_x_3_contrasts,0.7306088753980546,FALSE,FALSE
999f2a15-3d7e-440b-96ae-2c806799c08c,gbm,antigen_presentation_mhc_ii,MHC-II,malignant_minus_immune,68,-1.5892866627427082,0,7.641054566506878e-13,evaluable,,single_cell_within_source_999f2a15-3d7e-440b-96ae-2c806799c08c_gbm_8_programs_x_3_contrasts,5.240402340454951e-12,TRUE,TRUE
999f2a15-3d7e-440b-96ae-2c806799c08c,gbm,antigen_presentation_mhc_ii,MHC-II,malignant_minus_stromal,56,-0.06325863563279378,0.42857142857142855,0.5406824420240881,evaluable,,single_cell_within_source_999f2a15-3d7e-440b-96ae-2c806799c08c_gbm_8_programs_x_3_contrasts,0.5898353912990052,FALSE,FALSE
999f2a15-3d7e-440b-96ae-2c806799c08c,gbm,antigen_presentation_mhc_ii,MHC-II,immune_minus_stromal,53,1.5136632392230247,1,2.3864847525460643e-10,evaluable,,single_cell_within_source_999f2a15-3d7e-440b-96ae-2c806799c08c_gbm_8_programs_x_3_contrasts,7.159454257638193e-10,TRUE,TRUE
999f2a15-3d7e-440b-96ae-2c806799c08c,gbm,ifn_gamma_response,IFN-gamma,malignant_minus_immune,68,-0.3519644678960323,0.14705882352941177,2.4658173354623773e-09,evaluable,,single_cell_within_source_999f2a15-3d7e-440b-96ae-2c806799c08c_gbm_8_programs_x_3_contrasts,5.379965095554278e-09,TRUE,TRUE
999f2a15-3d7e-440b-96ae-2c806799c08c,gbm,ifn_gamma_response,IFN-gamma,malignant_minus_stromal,56,-0.22486303315311001,0.2857142857142857,0.0025434712460443783,evaluable,,single_cell_within_source_999f2a15-3d7e-440b-96ae-2c806799c08c_gbm_8_programs_x_3_contrasts,0.0038152068690665676,TRUE,TRUE
999f2a15-3d7e-440b-96ae-2c806799c08c,gbm,ifn_gamma_response,IFN-gamma,immune_minus_stromal,53,0.25693021884762374,0.660377358490566,0.00037886416600823306,evaluable,,single_cell_within_source_999f2a15-3d7e-440b-96ae-2c806799c08c_gbm_8_programs_x_3_contrasts,0.0006494814274426852,TRUE,TRUE
999f2a15-3d7e-440b-96ae-2c806799c08c,gbm,cytolytic_t_cell_context,Cytolytic,malignant_minus_immune,68,-0.7131170210882798,0.014705882352941176,1.8833400988018886e-12,evaluable,,single_cell_within_source_999f2a15-3d7e-440b-96ae-2c806799c08c_gbm_8_programs_x_3_contrasts,9.040032474249066e-12,TRUE,TRUE
999f2a15-3d7e-440b-96ae-2c806799c08c,gbm,cytolytic_t_cell_context,Cytolytic,malignant_minus_stromal,56,0.009565719734812878,0.5357142857142857,0.8195134788887095,evaluable,,single_cell_within_source_999f2a15-3d7e-440b-96ae-2c806799c08c_gbm_8_programs_x_3_contrasts,0.8195134788887094,FALSE,FALSE
999f2a15-3d7e-440b-96ae-2c806799c08c,gbm,cytolytic_t_cell_context,Cytolytic,immune_minus_stromal,53,0.7342567409855683,0.9433962264150944,5.461520578031993e-10,evaluable,,single_cell_within_source_999f2a15-3d7e-440b-96ae-2c806799c08c_gbm_8_programs_x_3_contrasts,1.456405487475198e-09,TRUE,TRUE
999f2a15-3d7e-440b-96ae-2c806799c08c,gbm,checkpoint_exhaustion_context,Checkpoint,malignant_minus_immune,68,-0.8216763142220621,0,7.641054566506878e-13,evaluable,,single_cell_within_source_999f2a15-3d7e-440b-96ae-2c806799c08c_gbm_8_programs_x_3_contrasts,5.240402340454951e-12,TRUE,TRUE
999f2a15-3d7e-440b-96ae-2c806799c08c,gbm,checkpoint_exhaustion_context,Checkpoint,malignant_minus_stromal,56,0.10354105250898213,0.6964285714285714,0.00037584447615239764,evaluable,,single_cell_within_source_999f2a15-3d7e-440b-96ae-2c806799c08c_gbm_8_programs_x_3_contrasts,0.0006494814274426852,TRUE,TRUE
999f2a15-3d7e-440b-96ae-2c806799c08c,gbm,checkpoint_exhaustion_context,Checkpoint,immune_minus_stromal,53,0.9267697355208668,1,2.3864847525460643e-10,evaluable,,single_cell_within_source_999f2a15-3d7e-440b-96ae-2c806799c08c_gbm_8_programs_x_3_contrasts,7.159454257638193e-10,TRUE,TRUE
999f2a15-3d7e-440b-96ae-2c806799c08c,gbm,myeloid_inflammatory_context,Myeloid,malignant_minus_immune,68,-1.6611932313428495,0,7.641054566506878e-13,evaluable,,single_cell_within_source_999f2a15-3d7e-440b-96ae-2c806799c08c_gbm_8_programs_x_3_contrasts,5.240402340454951e-12,TRUE,TRUE
999f2a15-3d7e-440b-96ae-2c806799c08c,gbm,myeloid_inflammatory_context,Myeloid,malignant_minus_stromal,56,-0.03349915079480309,0.39285714285714285,0.12716564317029297,evaluable,,single_cell_within_source_999f2a15-3d7e-440b-96ae-2c806799c08c_gbm_8_programs_x_3_contrasts,0.16063028610984373,FALSE,FALSE
999f2a15-3d7e-440b-96ae-2c806799c08c,gbm,myeloid_inflammatory_context,Myeloid,immune_minus_stromal,53,1.5154266033904833,1,2.3864847525460643e-10,evaluable,,single_cell_within_source_999f2a15-3d7e-440b-96ae-2c806799c08c_gbm_8_programs_x_3_contrasts,7.159454257638193e-10,TRUE,TRUE
999f2a15-3d7e-440b-96ae-2c806799c08c,gbm,tgfb_emt_exclusion_context,TGF/EMT,malignant_minus_immune,68,-0.10020891442797174,0.35294117647058826,0.022657445805559562,evaluable,,single_cell_within_source_999f2a15-3d7e-440b-96ae-2c806799c08c_gbm_8_programs_x_3_contrasts,0.03198698231373115,TRUE,TRUE
999f2a15-3d7e-440b-96ae-2c806799c08c,gbm,tgfb_emt_exclusion_context,TGF/EMT,malignant_minus_stromal,56,-0.22423362097058075,0.32142857142857145,0.032585295516496915,evaluable,,single_cell_within_source_999f2a15-3d7e-440b-96ae-2c806799c08c_gbm_8_programs_x_3_contrasts,0.04344706068866255,TRUE,TRUE
999f2a15-3d7e-440b-96ae-2c806799c08c,gbm,tgfb_emt_exclusion_context,TGF/EMT,immune_minus_stromal,53,-0.1772984862401576,0.37735849056603776,0.17700103407766576,evaluable,,single_cell_within_source_999f2a15-3d7e-440b-96ae-2c806799c08c_gbm_8_programs_x_3_contrasts,0.21240124089319892,FALSE,FALSE
999f2a15-3d7e-440b-96ae-2c806799c08c,gbm,proteasome_antigen_processing,Proteasome,malignant_minus_immune,68,0.48428846210045695,0.9852941176470589,8.734003900758252e-13,evaluable,,single_cell_within_source_999f2a15-3d7e-440b-96ae-2c806799c08c_gbm_8_programs_x_3_contrasts,5.240402340454951e-12,TRUE,TRUE
999f2a15-3d7e-440b-96ae-2c806799c08c,gbm,proteasome_antigen_processing,Proteasome,malignant_minus_stromal,56,0.04559365945427746,0.5357142857142857,0.2672734088736417,evaluable,,single_cell_within_source_999f2a15-3d7e-440b-96ae-2c806799c08c_gbm_8_programs_x_3_contrasts,0.3054553244270191,FALSE,FALSE
999f2a15-3d7e-440b-96ae-2c806799c08c,gbm,proteasome_antigen_processing,Proteasome,immune_minus_stromal,53,-0.42423087516078345,0.07547169811320754,1.5220427989110278e-09,evaluable,,single_cell_within_source_999f2a15-3d7e-440b-96ae-2c806799c08c_gbm_8_programs_x_3_contrasts,3.6529027173864672e-09,TRUE,TRUE
3ca-peng2019-pdac,pdac,antigen_presentation_mhc_i,MHC-I,malignant_minus_immune,16,0.0012410135731341088,0.5,0.979949951171875,evaluable,,single_cell_within_source_3ca-peng2019-pdac_pdac_8_programs_x_3_contrasts,0.979949951171875,FALSE,FALSE
3ca-peng2019-pdac,pdac,antigen_presentation_mhc_i,MHC-I,malignant_minus_stromal,16,-0.04287397622344763,0.4375,0.820892333984375,evaluable,,single_cell_within_source_3ca-peng2019-pdac_pdac_8_programs_x_3_contrasts,0.9381626674107143,FALSE,FALSE
3ca-peng2019-pdac,pdac,antigen_presentation_mhc_i,MHC-I,immune_minus_stromal,16,0.025826455251243753,0.625,0.705718994140625,evaluable,,single_cell_within_source_3ca-peng2019-pdac_pdac_8_programs_x_3_contrasts,0.9381626674107143,FALSE,FALSE
3ca-peng2019-pdac,pdac,antigen_presentation_mhc_ii,MHC-II,malignant_minus_immune,16,-0.033075966861483896,0.4375,0.781951904296875,evaluable,,single_cell_within_source_3ca-peng2019-pdac_pdac_8_programs_x_3_contrasts,0.9381626674107143,FALSE,FALSE
3ca-peng2019-pdac,pdac,antigen_presentation_mhc_ii,MHC-II,malignant_minus_stromal,16,-0.10521917390393162,0.375,0.49542236328125,evaluable,,single_cell_within_source_3ca-peng2019-pdac_pdac_8_programs_x_3_contrasts,0.9381626674107143,FALSE,FALSE
3ca-peng2019-pdac,pdac,antigen_presentation_mhc_ii,MHC-II,immune_minus_stromal,16,-0.06576892901907286,0.5,0.348388671875,evaluable,,single_cell_within_source_3ca-peng2019-pdac_pdac_8_programs_x_3_contrasts,0.9381626674107143,FALSE,FALSE
3ca-peng2019-pdac,pdac,ifn_gamma_response,IFN-gamma,malignant_minus_immune,16,0.019148059459990263,0.5,0.596588134765625,evaluable,,single_cell_within_source_3ca-peng2019-pdac_pdac_8_programs_x_3_contrasts,0.9381626674107143,FALSE,FALSE
3ca-peng2019-pdac,pdac,ifn_gamma_response,IFN-gamma,malignant_minus_stromal,16,0.06783175587724857,0.5625,0.668548583984375,evaluable,,single_cell_within_source_3ca-peng2019-pdac_pdac_8_programs_x_3_contrasts,0.9381626674107143,FALSE,FALSE
3ca-peng2019-pdac,pdac,ifn_gamma_response,IFN-gamma,immune_minus_stromal,16,0.06740146441855764,0.625,0.596588134765625,evaluable,,single_cell_within_source_3ca-peng2019-pdac_pdac_8_programs_x_3_contrasts,0.9381626674107143,FALSE,FALSE
3ca-peng2019-pdac,pdac,cytolytic_t_cell_context,Cytolytic,malignant_minus_immune,16,0.029637361083176467,0.5,0.5618896484375,evaluable,,single_cell_within_source_3ca-peng2019-pdac_pdac_8_programs_x_3_contrasts,0.9381626674107143,FALSE,FALSE
3ca-peng2019-pdac,pdac,cytolytic_t_cell_context,Cytolytic,malignant_minus_stromal,16,0.0290727144279413,0.5625,0.49542236328125,evaluable,,single_cell_within_source_3ca-peng2019-pdac_pdac_8_programs_x_3_contrasts,0.9381626674107143,FALSE,FALSE
3ca-peng2019-pdac,pdac,cytolytic_t_cell_context,Cytolytic,immune_minus_stromal,16,-0.1375387408585484,0.3125,0.528167724609375,evaluable,,single_cell_within_source_3ca-peng2019-pdac_pdac_8_programs_x_3_contrasts,0.9381626674107143,FALSE,FALSE
3ca-peng2019-pdac,pdac,checkpoint_exhaustion_context,Checkpoint,malignant_minus_immune,16,-0.09244401973275074,0.375,0.781951904296875,evaluable,,single_cell_within_source_3ca-peng2019-pdac_pdac_8_programs_x_3_contrasts,0.9381626674107143,FALSE,FALSE
3ca-peng2019-pdac,pdac,checkpoint_exhaustion_context,Checkpoint,malignant_minus_stromal,16,-0.04591351364326911,0.4375,0.49542236328125,evaluable,,single_cell_within_source_3ca-peng2019-pdac_pdac_8_programs_x_3_contrasts,0.9381626674107143,FALSE,FALSE
3ca-peng2019-pdac,pdac,checkpoint_exhaustion_context,Checkpoint,immune_minus_stromal,16,-0.06437277166916283,0.3125,0.596588134765625,evaluable,,single_cell_within_source_3ca-peng2019-pdac_pdac_8_programs_x_3_contrasts,0.9381626674107143,FALSE,FALSE
3ca-peng2019-pdac,pdac,myeloid_inflammatory_context,Myeloid,malignant_minus_immune,16,-0.05427180307098256,0.4375,0.820892333984375,evaluable,,single_cell_within_source_3ca-peng2019-pdac_pdac_8_programs_x_3_contrasts,0.9381626674107143,FALSE,FALSE
3ca-peng2019-pdac,pdac,myeloid_inflammatory_context,Myeloid,malignant_minus_stromal,16,-0.027759538952076637,0.4375,0.705718994140625,evaluable,,single_cell_within_source_3ca-peng2019-pdac_pdac_8_programs_x_3_contrasts,0.9381626674107143,FALSE,FALSE
3ca-peng2019-pdac,pdac,myeloid_inflammatory_context,Myeloid,immune_minus_stromal,16,-0.030413950214122965,0.4375,0.348388671875,evaluable,,single_cell_within_source_3ca-peng2019-pdac_pdac_8_programs_x_3_contrasts,0.9381626674107143,FALSE,FALSE
3ca-peng2019-pdac,pdac,tgfb_emt_exclusion_context,TGF/EMT,malignant_minus_immune,16,0.09252153127113821,0.6875,0.02899169921875,evaluable,,single_cell_within_source_3ca-peng2019-pdac_pdac_8_programs_x_3_contrasts,0.4024658203125,FALSE,FALSE
3ca-peng2019-pdac,pdac,tgfb_emt_exclusion_context,TGF/EMT,malignant_minus_stromal,16,-0.004914041675643396,0.5,0.528167724609375,evaluable,,single_cell_within_source_3ca-peng2019-pdac_pdac_8_programs_x_3_contrasts,0.9381626674107143,FALSE,FALSE
3ca-peng2019-pdac,pdac,tgfb_emt_exclusion_context,TGF/EMT,immune_minus_stromal,16,-0.10367840593569116,0.25,0.033538818359375,evaluable,,single_cell_within_source_3ca-peng2019-pdac_pdac_8_programs_x_3_contrasts,0.4024658203125,FALSE,FALSE
3ca-peng2019-pdac,pdac,proteasome_antigen_processing,Proteasome,malignant_minus_immune,16,-0.003295665579251511,0.5,0.860260009765625,evaluable,,single_cell_within_source_3ca-peng2019-pdac_pdac_8_programs_x_3_contrasts,0.9384654651988636,FALSE,FALSE
3ca-peng2019-pdac,pdac,proteasome_antigen_processing,Proteasome,malignant_minus_stromal,16,-0.005453743358910038,0.4375,0.93988037109375,evaluable,,single_cell_within_source_3ca-peng2019-pdac_pdac_8_programs_x_3_contrasts,0.979949951171875,FALSE,FALSE
3ca-peng2019-pdac,pdac,proteasome_antigen_processing,Proteasome,immune_minus_stromal,16,-0.020522956486228316,0.375,0.596588134765625,evaluable,,single_cell_within_source_3ca-peng2019-pdac_pdac_8_programs_x_3_contrasts,0.9381626674107143,FALSE,FALSE
3ca-regner2021-ucec,ucec,antigen_presentation_mhc_i,MHC-I,malignant_minus_immune,6,-0.9762812558996908,0,0.03125,evaluable,,single_cell_within_source_3ca-regner2021-ucec_ucec_8_programs_x_3_contrasts,0.041666666666666664,TRUE,FALSE
3ca-regner2021-ucec,ucec,antigen_presentation_mhc_i,MHC-I,malignant_minus_stromal,6,-0.23365362728942402,0.3333333333333333,0.5625,evaluable,,single_cell_within_source_3ca-regner2021-ucec_ucec_8_programs_x_3_contrasts,0.5869565217391305,FALSE,FALSE
3ca-regner2021-ucec,ucec,antigen_presentation_mhc_i,MHC-I,immune_minus_stromal,6,0.705579483024102,1,0.03125,evaluable,,single_cell_within_source_3ca-regner2021-ucec_ucec_8_programs_x_3_contrasts,0.041666666666666664,TRUE,FALSE
3ca-regner2021-ucec,ucec,antigen_presentation_mhc_ii,MHC-II,malignant_minus_immune,6,-1.3081965826267181,0,0.03125,evaluable,,single_cell_within_source_3ca-regner2021-ucec_ucec_8_programs_x_3_contrasts,0.041666666666666664,TRUE,FALSE
3ca-regner2021-ucec,ucec,antigen_presentation_mhc_ii,MHC-II,malignant_minus_stromal,6,0.6837745578359611,1,0.03125,evaluable,,single_cell_within_source_3ca-regner2021-ucec_ucec_8_programs_x_3_contrasts,0.041666666666666664,TRUE,FALSE
3ca-regner2021-ucec,ucec,antigen_presentation_mhc_ii,MHC-II,immune_minus_stromal,6,2.0936638083556303,1,0.03125,evaluable,,single_cell_within_source_3ca-regner2021-ucec_ucec_8_programs_x_3_contrasts,0.041666666666666664,TRUE,FALSE
3ca-regner2021-ucec,ucec,ifn_gamma_response,IFN-gamma,malignant_minus_immune,6,-0.7015270587518112,0,0.03125,evaluable,,single_cell_within_source_3ca-regner2021-ucec_ucec_8_programs_x_3_contrasts,0.041666666666666664,TRUE,FALSE
3ca-regner2021-ucec,ucec,ifn_gamma_response,IFN-gamma,malignant_minus_stromal,6,-0.7694499738522596,0.16666666666666666,0.0625,evaluable,,single_cell_within_source_3ca-regner2021-ucec_ucec_8_programs_x_3_contrasts,0.07894736842105263,FALSE,FALSE
3ca-regner2021-ucec,ucec,ifn_gamma_response,IFN-gamma,immune_minus_stromal,6,0.06518521620656835,0.5,0.5625,evaluable,,single_cell_within_source_3ca-regner2021-ucec_ucec_8_programs_x_3_contrasts,0.5869565217391305,FALSE,FALSE
3ca-regner2021-ucec,ucec,cytolytic_t_cell_context,Cytolytic,malignant_minus_immune,6,-1.940438419009448,0,0.03125,evaluable,,single_cell_within_source_3ca-regner2021-ucec_ucec_8_programs_x_3_contrasts,0.041666666666666664,TRUE,FALSE
3ca-regner2021-ucec,ucec,cytolytic_t_cell_context,Cytolytic,malignant_minus_stromal,6,-0.2129617570990976,0,0.03125,evaluable,,single_cell_within_source_3ca-regner2021-ucec_ucec_8_programs_x_3_contrasts,0.041666666666666664,TRUE,FALSE
3ca-regner2021-ucec,ucec,cytolytic_t_cell_context,Cytolytic,immune_minus_stromal,6,1.7211972006315892,1,0.03125,evaluable,,single_cell_within_source_3ca-regner2021-ucec_ucec_8_programs_x_3_contrasts,0.041666666666666664,TRUE,FALSE
3ca-regner2021-ucec,ucec,checkpoint_exhaustion_context,Checkpoint,malignant_minus_immune,6,-2.0069440141576065,0,0.03125,evaluable,,single_cell_within_source_3ca-regner2021-ucec_ucec_8_programs_x_3_contrasts,0.041666666666666664,TRUE,FALSE
3ca-regner2021-ucec,ucec,checkpoint_exhaustion_context,Checkpoint,malignant_minus_stromal,6,-0.48074043927359067,0,0.03125,evaluable,,single_cell_within_source_3ca-regner2021-ucec_ucec_8_programs_x_3_contrasts,0.041666666666666664,TRUE,FALSE
3ca-regner2021-ucec,ucec,checkpoint_exhaustion_context,Checkpoint,immune_minus_stromal,6,1.5559279372855257,1,0.03125,evaluable,,single_cell_within_source_3ca-regner2021-ucec_ucec_8_programs_x_3_contrasts,0.041666666666666664,TRUE,FALSE
3ca-regner2021-ucec,ucec,myeloid_inflammatory_context,Myeloid,malignant_minus_immune,6,-1.7200897409185165,0,0.03125,evaluable,,single_cell_within_source_3ca-regner2021-ucec_ucec_8_programs_x_3_contrasts,0.041666666666666664,TRUE,FALSE
3ca-regner2021-ucec,ucec,myeloid_inflammatory_context,Myeloid,malignant_minus_stromal,6,0.2008570255346867,1,0.03125,evaluable,,single_cell_within_source_3ca-regner2021-ucec_ucec_8_programs_x_3_contrasts,0.041666666666666664,TRUE,FALSE
3ca-regner2021-ucec,ucec,myeloid_inflammatory_context,Myeloid,immune_minus_stromal,6,1.9952317437127074,1,0.03125,evaluable,,single_cell_within_source_3ca-regner2021-ucec_ucec_8_programs_x_3_contrasts,0.041666666666666664,TRUE,FALSE
3ca-regner2021-ucec,ucec,tgfb_emt_exclusion_context,TGF/EMT,malignant_minus_immune,6,-0.5381787477302112,0,0.03125,evaluable,,single_cell_within_source_3ca-regner2021-ucec_ucec_8_programs_x_3_contrasts,0.041666666666666664,TRUE,FALSE
3ca-regner2021-ucec,ucec,tgfb_emt_exclusion_context,TGF/EMT,malignant_minus_stromal,6,-1.6472939593170697,0,0.03125,evaluable,,single_cell_within_source_3ca-regner2021-ucec_ucec_8_programs_x_3_contrasts,0.041666666666666664,TRUE,FALSE
3ca-regner2021-ucec,ucec,tgfb_emt_exclusion_context,TGF/EMT,immune_minus_stromal,6,-0.9193502415858963,0,0.03125,evaluable,,single_cell_within_source_3ca-regner2021-ucec_ucec_8_programs_x_3_contrasts,0.041666666666666664,TRUE,FALSE
3ca-regner2021-ucec,ucec,proteasome_antigen_processing,Proteasome,malignant_minus_immune,6,-0.6143740177776005,0.3333333333333333,0.21875,evaluable,,single_cell_within_source_3ca-regner2021-ucec_ucec_8_programs_x_3_contrasts,0.2625,FALSE,FALSE
3ca-regner2021-ucec,ucec,proteasome_antigen_processing,Proteasome,malignant_minus_stromal,6,0.06110811299495317,0.6666666666666666,0.84375,evaluable,,single_cell_within_source_3ca-regner2021-ucec_ucec_8_programs_x_3_contrasts,0.84375,FALSE,FALSE
3ca-regner2021-ucec,ucec,proteasome_antigen_processing,Proteasome,immune_minus_stromal,6,0.5585980038099657,0.8333333333333334,0.3125,evaluable,,single_cell_within_source_3ca-regner2021-ucec_ucec_8_programs_x_3_contrasts,0.35714285714285715,FALSE,FALSE
