signature_label,contrast,paired_sample_n,median_delta,mean_delta,positive_fraction
Checkpoint,malignant_minus_immune,4,-0.11010270842547579,-0.09529356692023824,0
Checkpoint,malignant_minus_stromal,4,0.1341658015861953,0.12061884565883323,0.75
Checkpoint,immune_minus_stromal,4,0.2442685100116711,0.21591241257907146,0.75
Cytolytic,malignant_minus_immune,4,-0.34816460452184617,-0.3116336513609964,0
Cytolytic,malignant_minus_stromal,4,0.01517468926239536,0.020380165018475553,0.5
Cytolytic,immune_minus_stromal,4,0.34081149751497775,0.33201381637947197,0.75
IFN-gamma,malignant_minus_immune,4,-0.022070386896420602,-0.0824616783189348,0.5
IFN-gamma,malignant_minus_stromal,4,0.12825749026327365,0.18015385793903285,1
IFN-gamma,immune_minus_stromal,4,0.2432690524785877,0.26261553625796763,1
MHC-I,malignant_minus_immune,4,-0.06955481396387032,-0.08989325287701701,0.25
MHC-I,malignant_minus_stromal,4,0.22263551380399518,0.20251129419575298,1
MHC-I,immune_minus_stromal,4,0.2991777728617576,0.29240454707276997,1
MHC-II,malignant_minus_immune,4,-0.42821754306800863,-0.3876931718998111,0
MHC-II,malignant_minus_stromal,4,0.03568546071734607,0.01692784371865463,0.5
MHC-II,immune_minus_stromal,4,0.33912697480348,0.40462101561846575,1
Myeloid,malignant_minus_immune,4,-0.2639176727208222,-0.24271977279265688,0
Myeloid,malignant_minus_stromal,4,0.14610918485363028,0.14610851892985038,1
Myeloid,immune_minus_stromal,4,0.3676310577181219,0.3888282917225073,1
Proteasome,malignant_minus_immune,4,0.21801644188788,0.1987512354072028,1
Proteasome,malignant_minus_stromal,4,0.540831742704338,0.5226786406141839,1
Proteasome,immune_minus_stromal,4,0.36577773666001795,0.32392740520698116,1
TGF/EMT,malignant_minus_immune,4,-0.10527605434930767,-0.14263913162844083,0
TGF/EMT,malignant_minus_stromal,4,-0.11947379672639966,-0.14613883716851045,0
TGF/EMT,immune_minus_stromal,4,0.002523034665922491,-0.0034997055400696475,0.5
