path,role,command_template,priority_score
code/run_cptac_v2.py,analysis_entrypoint_candidate,python code/run_cptac_v2.py,28
code/run_h5ad_support_v2.py,analysis_entrypoint_candidate,python code/run_h5ad_support_v2.py,28
code/run_tcga_source_wrapper_v2.py,analysis_entrypoint_candidate,python code/run_tcga_source_wrapper_v2.py,28
code/build_final_assets_v2.py,output_assembly,python code/build_final_assets_v2.py,8
code/postprocess_support_v2.py,output_assembly,python code/postprocess_support_v2.py,8
code/current_p2_closure/executed_code/run_bio05_3ca_source_mapping_v0_8.py,numeric_provenance_closure,python code/current_p2_closure/executed_code/run_bio05_3ca_source_mapping_v0_8.py,5
code/current_p2_closure/executed_code/run_bio05_apollo_external_cohort_v0_7.py,numeric_provenance_closure,python code/current_p2_closure/executed_code/run_bio05_apollo_external_cohort_v0_7.py,5
code/current_p2_closure/executed_code/run_bio05_scrna_source_mapping_v0_7.py,numeric_provenance_closure,python code/current_p2_closure/executed_code/run_bio05_scrna_source_mapping_v0_7.py,5
code/declared_upstream/1be40375f1_run_bio05_scrna_source_mapping_v0_7.py,declared_upstream_support,python code/declared_upstream/1be40375f1_run_bio05_scrna_source_mapping_v0_7.py,0
code/declared_upstream/61f68f814d_run_bio05_brca_spatial_triangulation_v0_7.py,declared_upstream_support,python code/declared_upstream/61f68f814d_run_bio05_brca_spatial_triangulation_v0_7.py,0
code/declared_upstream/63ae1640f2_build_bio05_round3_support_tables_v0_8.py,declared_upstream_support,python code/declared_upstream/63ae1640f2_build_bio05_round3_support_tables_v0_8.py,0
code/declared_upstream/9cd4e6ac5a_run_bio05_apollo_external_cohort_v0_7.py,declared_upstream_support,python code/declared_upstream/9cd4e6ac5a_run_bio05_apollo_external_cohort_v0_7.py,0
code/declared_upstream/ee71fb27e1_assemble_bio05_public_source_mapping_v0_8.py,declared_upstream_support,python code/declared_upstream/ee71fb27e1_assemble_bio05_public_source_mapping_v0_8.py,0
code/declared_upstream/f12e082be2_run_bio05_3ca_source_mapping_v0_8.py,declared_upstream_support,python code/declared_upstream/f12e082be2_run_bio05_3ca_source_mapping_v0_8.py,0
code/sci27_paths.R,support,Rscript code/sci27_paths.R,0
code/verify_release_package.py,package_verification,python code/verify_release_package.py,0
code/run_independent_audit_v2.py,validation_or_audit,python code/run_independent_audit_v2.py,-7
code/check_rerun_consistency_v2.py,validation_or_audit,python code/check_rerun_consistency_v2.py,-12
code/finalize_statistics_audit_cycle_v2.py,validation_or_audit,python code/finalize_statistics_audit_cycle_v2.py,-12
code/current_p1_closure/run_current_p1_numeric_gate.py,numeric_provenance_closure,python code/current_p1_closure/run_current_p1_numeric_gate.py,-15
code/current_p2_closure/executed_code/run_pan_cancer_proteomic_immune_evasion_discovery_v0_1.py,numeric_provenance_closure,python code/current_p2_closure/executed_code/run_pan_cancer_proteomic_immune_evasion_discovery_v0_1.py,-15
code/current_p2_closure/executed_code/run_pan_cancer_proteomic_immune_evasion_v0_2_controls_rna_depmap.py,numeric_provenance_closure,python code/current_p2_closure/executed_code/run_pan_cancer_proteomic_immune_evasion_v0_2_controls_rna_depmap.py,-15
code/current_p2_closure/executed_code/run_pan_cancer_proteomic_immune_evasion_v0_5_tcga_sensitivity.py,numeric_provenance_closure,python code/current_p2_closure/executed_code/run_pan_cancer_proteomic_immune_evasion_v0_5_tcga_sensitivity.py,-15
code/current_p2_closure/run_current_p2_gate.py,numeric_provenance_closure,python code/current_p2_closure/run_current_p2_gate.py,-15
code/current_p1_closure/build_current_p1_outputs.py,numeric_provenance_closure,python code/current_p1_closure/build_current_p1_outputs.py,-20
code/current_p2_closure/build_current_p2_outputs.py,numeric_provenance_closure,python code/current_p2_closure/build_current_p2_outputs.py,-20
code/declared_upstream/43ee9ad42e_run_pan_cancer_proteomic_immune_evasion_v0_3_phosphosite_depmap_mechanism.py,declared_upstream_support,python code/declared_upstream/43ee9ad42e_run_pan_cancer_proteomic_immune_evasion_v0_3_phosphosite_depmap_mechanism.py,-20
code/declared_upstream/7219aaeda5_run_pan_cancer_proteomic_immune_evasion_v0_4_matched_rna_source_decomposition.py,declared_upstream_support,python code/declared_upstream/7219aaeda5_run_pan_cancer_proteomic_immune_evasion_v0_4_matched_rna_source_decomposition.py,-20
code/declared_upstream/77b8d86ac4_run_pan_cancer_proteomic_immune_evasion_v0_4_matched_rna_source_decomposition.py,declared_upstream_support,python code/declared_upstream/77b8d86ac4_run_pan_cancer_proteomic_immune_evasion_v0_4_matched_rna_source_decomposition.py,-20
