occurrence_id,manuscript_line,token_ordinal,numeric_token,numeric_id,source_value,display_rule,source_file,source_sha256,source_locator,source_field,derivation,verification_status
L0007_N01,7,1,10,cancer_count,10,int,results/cptac/cptac_primary_concordance_registry_v2.csv,7a2dd33847989970c26e676a2f217b432e004b37763ae7b4c85dfa88a2b09641,all rows,cancer,nunique,TRACEABLE_MACHINE_CHECK
L0017_N01,17,1,8,program_count,8,int,current_p2_closure/PROGRAM_DEFINITION_CURRENT_P2.csv,b631094186b4f1a69f3e2ee8b948009f10f4b7ad0b644cd1cf446e4152c46ef1,all rows,signature,nunique,TRACEABLE_MACHINE_CHECK
L0019_N01,19,1,1,cptac_ddof,1,int,code/run_cptac_v2.py,93307da4da6e1fff3b15898de75b9e21e783433fa73b9d4c102095046c84e002,zscore_rows at lines 207-212,code literal,executed code constant,TRACEABLE_MACHINE_CHECK
L0019_N02,19,2,3,min_score_genes,3,int,code/run_cptac_v2.py,93307da4da6e1fff3b15898de75b9e21e783433fa73b9d4c102095046c84e002,MIN_GENES = 3; score gate at lines 293-300,code literal,executed code constant,TRACEABLE_MACHINE_CHECK
L0023_N01,23,1,10,cancer_count,10,int,results/cptac/cptac_primary_concordance_registry_v2.csv,7a2dd33847989970c26e676a2f217b432e004b37763ae7b4c85dfa88a2b09641,all rows,cancer,nunique,TRACEABLE_MACHINE_CHECK
L0023_N02,23,2,8,program_count,8,int,current_p2_closure/PROGRAM_DEFINITION_CURRENT_P2.csv,b631094186b4f1a69f3e2ee8b948009f10f4b7ad0b644cd1cf446e4152c46ef1,all rows,signature,nunique,TRACEABLE_MACHINE_CHECK
L0023_N03,23,3,2,layer_count,2,int,results/cptac/cptac_primary_concordance_registry_v2.csv,7a2dd33847989970c26e676a2f217b432e004b37763ae7b4c85dfa88a2b09641,all rows,comparison_layer,nunique,TRACEABLE_MACHINE_CHECK
L0023_N04,23,4,160,primary_registry_rows,160,int,results/cptac/cptac_primary_concordance_registry_v2.csv,7a2dd33847989970c26e676a2f217b432e004b37763ae7b4c85dfa88a2b09641,all rows,row count,count,TRACEABLE_MACHINE_CHECK
L0023_N05,23,5,20,primary_min_n,20,int,code/run_cptac_v2.py,93307da4da6e1fff3b15898de75b9e21e783433fa73b9d4c102095046c84e002,MIN_N = 20; evaluate_pair at lines 467-496,code literal,executed code constant,TRACEABLE_MACHINE_CHECK
L0023_N06,23,6,3,primary_min_distinct_values,3,int,code/run_cptac_v2.py,93307da4da6e1fff3b15898de75b9e21e783433fa73b9d4c102095046c84e002,evaluate_pair lines 468-495,x_distinct/y_distinct gate,executed operation-specific code literal,TRACEABLE_MACHINE_CHECK
L0024_N01,24,1,"20,000",primary_bootstrap_resamples,20000,comma_int,code/run_cptac_v2.py,93307da4da6e1fff3b15898de75b9e21e783433fa73b9d4c102095046c84e002,PRIMARY_BOOTSTRAP_RESAMPLES = 20_000,code literal,executed code constant,TRACEABLE_MACHINE_CHECK
L0024_N02,24,2,0.025,bca_alpha_low,0.025,fixed3,code/run_cptac_v2.py,93307da4da6e1fff3b15898de75b9e21e783433fa73b9d4c102095046c84e002,spearman_bca_ci line 406,alpha,code literal,TRACEABLE_MACHINE_CHECK
L0024_N03,24,3,0.975,bca_alpha_high,0.975,fixed3,code/run_cptac_v2.py,93307da4da6e1fff3b15898de75b9e21e783433fa73b9d4c102095046c84e002,spearman_bca_ci line 406,alpha,code literal,TRACEABLE_MACHINE_CHECK
L0024_N04,24,4,30,primary_asymptotic_n_cutoff,30,int,code/run_cptac_v2.py,93307da4da6e1fff3b15898de75b9e21e783433fa73b9d4c102095046c84e002,PRIMARY_PERMUTATION_N_MAX = 30,code literal,executed code constant,TRACEABLE_MACHINE_CHECK
L0024_N05,24,5,30,primary_asymptotic_n_cutoff,30,int,code/run_cptac_v2.py,93307da4da6e1fff3b15898de75b9e21e783433fa73b9d4c102095046c84e002,PRIMARY_PERMUTATION_N_MAX = 30,code literal,executed code constant,TRACEABLE_MACHINE_CHECK
L0024_N06,24,6,"999,999",primary_permutation_resamples,999999,comma_int,code/run_cptac_v2.py,93307da4da6e1fff3b15898de75b9e21e783433fa73b9d4c102095046c84e002,PRIMARY_PERMUTATION_RESAMPLES = 999_999,code literal,executed code constant,TRACEABLE_MACHINE_CHECK
L0025_N01,25,1,8,seed_digest_bytes,8,int,code/run_cptac_v2.py,93307da4da6e1fff3b15898de75b9e21e783433fa73b9d4c102095046c84e002,stable_seed uses sha256 digest()[:8],code literal,executed code constant,TRACEABLE_MACHINE_CHECK
L0025_N02,25,2,160,primary_registry_rows,160,int,results/cptac/cptac_primary_concordance_registry_v2.csv,7a2dd33847989970c26e676a2f217b432e004b37763ae7b4c85dfa88a2b09641,all rows,row count,count,TRACEABLE_MACHINE_CHECK
L0026_N01,26,1,0,i2_lower_bound,0,int,code/run_cptac_v2.py,93307da4da6e1fff3b15898de75b9e21e783433fa73b9d4c102095046c84e002,build_heterogeneity line 607,max lower bound,code literal,TRACEABLE_MACHINE_CHECK
L0031_N01,31,1,20,primary_min_n,20,int,code/run_cptac_v2.py,93307da4da6e1fff3b15898de75b9e21e783433fa73b9d4c102095046c84e002,MIN_N = 20; evaluate_pair at lines 467-496,code literal,executed code constant,TRACEABLE_MACHINE_CHECK
L0031_N02,31,2,3,residual_min_distinct_values,3,int,code/run_cptac_v2.py,93307da4da6e1fff3b15898de75b9e21e783433fa73b9d4c102095046c84e002,residual model gate lines 699-709,rna_score/omic_score nunique gate,executed operation-specific code literal,TRACEABLE_MACHINE_CHECK
L0035_N01,35,1,1,tcga_primary_type_code,1,int,current_p2_closure/executed_code/run_pan_cancer_proteomic_immune_evasion_v0_5_tcga_sensitivity.py,219d3e3ca81377b897172830ce4741fb207beb9d97700b29d4de2858abcaf584,load_tcga_meta lines 127-134,sample_type_code,code literal,TRACEABLE_MACHINE_CHECK
L0035_N02,35,2,10,cancer_count,10,int,results/cptac/cptac_primary_concordance_registry_v2.csv,7a2dd33847989970c26e676a2f217b432e004b37763ae7b4c85dfa88a2b09641,all rows,cancer,nunique,TRACEABLE_MACHINE_CHECK
L0035_N03,35,3,3,tcga_min_program_genes,3,int,current_p2_closure/executed_code/run_pan_cancer_proteomic_immune_evasion_v0_5_tcga_sensitivity.py,219d3e3ca81377b897172830ce4741fb207beb9d97700b29d4de2858abcaf584,compute_signature_scores lines 181-209,mapped_gene_symbol_count gate,executed operation-specific code literal,TRACEABLE_MACHINE_CHECK
L0035_N04,35,4,1,tcga_ddof,1,int,current_p2_closure/executed_code/run_pan_cancer_proteomic_immune_evasion_discovery_v0_1.py,79d050d282f361af325b03c248ed8c9044fda6f9dbea439a24c02c0a20944abf,zscore_rows lines 404-408,ddof,executed imported helper operation,TRACEABLE_MACHINE_CHECK
L0035_N05,35,5,25,tcga_min_correlation_n,25,int,current_p2_closure/executed_code/run_pan_cancer_proteomic_immune_evasion_v0_5_tcga_sensitivity.py,219d3e3ca81377b897172830ce4741fb207beb9d97700b29d4de2858abcaf584,MIN_CORRELATION_N,code literal,executed code constant,TRACEABLE_MACHINE_CHECK
L0035_N06,35,6,8,program_count,8,int,current_p2_closure/PROGRAM_DEFINITION_CURRENT_P2.csv,b631094186b4f1a69f3e2ee8b948009f10f4b7ad0b644cd1cf446e4152c46ef1,all rows,signature,nunique,TRACEABLE_MACHINE_CHECK
L0035_N07,35,7,68,tcga_immune_signature_count,68,int,results/tcga/tcga_xena_68immune_within_cancer_correlations_v0_5.csv,cb9bfc2099c5d937b87434a4307a332d1409a81ae6d014941e8a9d4553110aac,all rows,immune_signature_68,nunique,TRACEABLE_MACHINE_CHECK
L0035_N08,35,8,10,cancer_count,10,int,results/cptac/cptac_primary_concordance_registry_v2.csv,7a2dd33847989970c26e676a2f217b432e004b37763ae7b4c85dfa88a2b09641,all rows,cancer,nunique,TRACEABLE_MACHINE_CHECK
L0036_N01,36,1,17,tcga_anchor_rule_rows,17,int,current_p2_closure/TCGA_ANCHOR_SELECTION_CURRENT_P2.csv,bf22747d0649848267c823096622a0459a15b185d37e5287d0a1373750e630bd,all rows,row count,count of fixed program-anchor links recovered from executed helper,TRACEABLE_MACHINE_CHECK
L0036_N02,36,2,20,tcga_min_subtype_n,20,int,current_p2_closure/executed_code/run_pan_cancer_proteomic_immune_evasion_v0_5_tcga_sensitivity.py,219d3e3ca81377b897172830ce4741fb207beb9d97700b29d4de2858abcaf584,MIN_SUBTYPE_N line 65; subtype gate lines 327-350,subtype group n gate,executed operation-specific code literal,TRACEABLE_MACHINE_CHECK
L0036_N03,36,3,8,tcga_subtype_tests,8,int,results/tcga/tcga_xena_immune_subtype_tests_v0_5.csv,4078a7012ff4322c6deb55a900db2d62fa8ff7d6ece9201d2b107c856eeb2c3f,all rows,row count,count,TRACEABLE_MACHINE_CHECK
L0037_N01,37,1,1,apollo_log_pseudocount,1,int,current_p2_closure/executed_code/run_bio05_apollo_external_cohort_v0_7.py,80c9178104d3350b249b33e02418aa50e40e76e9268bf1a88f4891e057cbf4c5,load_apollo_luad_rna line 189,pseudocount,code literal,TRACEABLE_MACHINE_CHECK
L0037_N02,37,2,0,apollo_ddof,0,int,current_p2_closure/executed_code/run_bio05_apollo_external_cohort_v0_7.py,80c9178104d3350b249b33e02418aa50e40e76e9268bf1a88f4891e057cbf4c5,zscore_columns lines 85-94,ddof,code literal,TRACEABLE_MACHINE_CHECK
L0037_N03,37,3,3,apollo_min_program_genes,3,int,current_p2_closure/executed_code/run_bio05_apollo_external_cohort_v0_7.py,80c9178104d3350b249b33e02418aa50e40e76e9268bf1a88f4891e057cbf4c5,MIN_SIGNATURE_GENES line 24; score_signature_matrix lines 113-125,matrix-level recovered-gene gate,executed operation-specific code literal,TRACEABLE_MACHINE_CHECK
L0037_N04,37,4,10,apollo_min_n,10,int,code/postprocess_support_v2.py,929eb04be83eae14bc63a7bc9ccdf5bb17a8e9193862bdc3066c83b38ebdc34b,apollo_registry lines 119-128,matched n gate,code literal,TRACEABLE_MACHINE_CHECK
L0037_N05,37,5,3,apollo_min_distinct_values,3,int,code/postprocess_support_v2.py,929eb04be83eae14bc63a7bc9ccdf5bb17a8e9193862bdc3066c83b38ebdc34b,apollo_registry line 121,rna_score/omic_score nunique gate,executed operation-specific code literal,TRACEABLE_MACHINE_CHECK
L0037_N06,37,6,3,apollo_family_count,3,int,results/apollo/apollo_concordance_registry_v2.csv,8b973fdd2d831f1f4d8c06d1855def025786e2d42630ddea4d16562ef5823ec9,all rows,fdr_family,nunique,TRACEABLE_MACHINE_CHECK
L0037_N07,37,7,8,apollo_family_rows,8,int,results/apollo/apollo_concordance_registry_v2.csv,8b973fdd2d831f1f4d8c06d1855def025786e2d42630ddea4d16562ef5823ec9,group by fdr_family,row count,each of 3 families has 8 rows,TRACEABLE_MACHINE_CHECK
L0037_N08,37,8,1.9599639845,apollo_fisher_z_constant,1.9599639845,fixed10,code/postprocess_support_v2.py,929eb04be83eae14bc63a7bc9ccdf5bb17a8e9193862bdc3066c83b38ebdc34b,spearman_ci lines 82-87,normal critical value,code literal,TRACEABLE_MACHINE_CHECK
L0037_N09,37,9,3,fisher_z_n_offset,3,int,code/postprocess_support_v2.py,929eb04be83eae14bc63a7bc9ccdf5bb17a8e9193862bdc3066c83b38ebdc34b,spearman_ci line 86,n offset,code literal,TRACEABLE_MACHINE_CHECK
L0038_N01,38,1,20,scrna_cellxgene_min_group_cells,20,int,code/run_h5ad_support_v2.py,2836e64a2c4b629e9fe62475646fc5f3613ea64fb96bf4ee01f5da5c72b7132f,parse_args line 94; group gate lines 404-409,min_group_cells,executed streaming H5AD code literal,TRACEABLE_MACHINE_CHECK
L0038_N02,38,2,3,scrna_cellxgene_min_program_genes,3,int,code/run_h5ad_support_v2.py,2836e64a2c4b629e9fe62475646fc5f3613ea64fb96bf4ee01f5da5c72b7132f,parse_args line 95; program gate lines 434-444,min_signature_genes,executed streaming H5AD code literal,TRACEABLE_MACHINE_CHECK
L0038_N03,38,3,20,scrna_3ca_min_group_cells,20,int,current_p2_closure/executed_code/run_bio05_3ca_source_mapping_v0_8.py,209c8d1599f9eb41167f3603bbb68473ec0852f9035b1d215c85914b6bec3939,MIN_GROUP_CELLS line 23; group gate lines 234-244,min_group_cells,executed 3CA code literal,TRACEABLE_MACHINE_CHECK
L0038_N04,38,4,3,scrna_3ca_min_program_genes,3,int,current_p2_closure/executed_code/run_bio05_3ca_source_mapping_v0_8.py,209c8d1599f9eb41167f3603bbb68473ec0852f9035b1d215c85914b6bec3939,MIN_SIGNATURE_GENES line 24; program gate lines 273-277,min_signature_genes,executed 3CA code literal,TRACEABLE_MACHINE_CHECK
L0038_N05,38,5,0,support_ddof,0,int,code/run_h5ad_support_v2.py,2836e64a2c4b629e9fe62475646fc5f3613ea64fb96bf4ee01f5da5c72b7132f,zscore_columns lines 357-360 and spatial lines 535-539,ddof,code literal,TRACEABLE_MACHINE_CHECK
L0039_N01,39,1,1,wilcoxon_all_zero_p,1,int,code/postprocess_support_v2.py,929eb04be83eae14bc63a7bc9ccdf5bb17a8e9193862bdc3066c83b38ebdc34b,signed_rank lines 246-249,P value,manual all-zero special case,TRACEABLE_MACHINE_CHECK
L0039_N02,39,2,50,wilcoxon_auto_exact_max_n,50,int,current_p2_closure/SOFTWARE_ENVIRONMENT_CURRENT_P2.json,a215094fdbcd01f15a9306eabcc11da4bf3fba8e00fa3ae4c5f9d6a7d4addd83,SciPy 1.18.0 scipy.stats.wilcoxon method='auto',len(d),exact when no ties/zeros and len(d)<=50,TRACEABLE_MACHINE_CHECK
L0039_N03,39,3,13,wilcoxon_auto_tied_permutation_max_n,13,int,current_p2_closure/SOFTWARE_ENVIRONMENT_CURRENT_P2.json,a215094fdbcd01f15a9306eabcc11da4bf3fba8e00fa3ae4c5f9d6a7d4addd83,SciPy 1.18.0 scipy.stats.wilcoxon method='auto',len(d),exhaustive sign permutations for ties/zeros and len(d)<=13,TRACEABLE_MACHINE_CHECK
L0039_N04,39,4,256,wilcoxon_actual_total,256,int,results/scrna_combined/public_scrna_within_source_wilcoxon_registry_v2.csv,f97bc48ed487267201a695674f7e3ec54fe887177e7c907bef05448f04d2ea77,status=evaluable,row count,sum resolved methods,TRACEABLE_MACHINE_CHECK
L0039_N05,39,5,224,wilcoxon_actual_exact,224,int,results/scrna_combined/public_scrna_and_3ca_donor_compartment_scores_v2.csv,938b062702700e4e2b2d4bf5bfec39c3ad39cd089905301e189fa49b3e57835a,all source-cancer-program paired contrasts with n>=6,resolved method,SciPy 1.18.0 method='auto' decision rule,TRACEABLE_MACHINE_CHECK
L0039_N06,39,6,32,wilcoxon_actual_asymptotic,32,int,results/scrna_combined/public_scrna_and_3ca_donor_compartment_scores_v2.csv,938b062702700e4e2b2d4bf5bfec39c3ad39cd089905301e189fa49b3e57835a,all source-cancer-program paired contrasts with n>=6,resolved method,SciPy 1.18.0 method='auto' decision rule,TRACEABLE_MACHINE_CHECK
L0039_N07,39,7,24,scrna_family_rows,24,int,code/postprocess_support_v2.py,929eb04be83eae14bc63a7bc9ccdf5bb17a8e9193862bdc3066c83b38ebdc34b,8 programs x 3 contrasts per source-cancer,family size,deterministic product,TRACEABLE_MACHINE_CHECK
L0039_N08,39,8,6,scrna_min_paired_n,6,int,code/postprocess_support_v2.py,929eb04be83eae14bc63a7bc9ccdf5bb17a8e9193862bdc3066c83b38ebdc34b,signed_rank default min_n,minimum paired donors,code literal,TRACEABLE_MACHINE_CHECK
L0039_N09,39,9,0.05,scrna_support_q_cutoff,0.05,fixed2,code/postprocess_support_v2.py,929eb04be83eae14bc63a7bc9ccdf5bb17a8e9193862bdc3066c83b38ebdc34b,within-source support rules lines 287-295,q_value_bh threshold,executed source-bounded support literal,TRACEABLE_MACHINE_CHECK
L0039_N10,39,10,10,scrna_sensitivity_n,10,int,code/postprocess_support_v2.py,929eb04be83eae14bc63a7bc9ccdf5bb17a8e9193862bdc3066c83b38ebdc34b,n_ge_10_sensitivity_window,paired donor threshold,code literal,TRACEABLE_MACHINE_CHECK
L0040_N01,40,1,3,spatial_min_program_genes,3,int,code/run_h5ad_support_v2.py,2836e64a2c4b629e9fe62475646fc5f3613ea64fb96bf4ee01f5da5c72b7132f,parse_args line 95; spatial program gate lines 529-539,min_signature_genes,executed spatial code literal,TRACEABLE_MACHINE_CHECK
L0040_N02,40,2,0,support_ddof,0,int,code/run_h5ad_support_v2.py,2836e64a2c4b629e9fe62475646fc5f3613ea64fb96bf4ee01f5da5c72b7132f,zscore_columns lines 357-360 and spatial lines 535-539,ddof,code literal,TRACEABLE_MACHINE_CHECK
L0040_N03,40,3,4,spatial_sample_n,4,int,results/spatial/spatial_brca_pairwise_contrasts_v0_7.csv,430e02e777824a141ae093355f9124798166f4215d0643b135de9eea3410322c,all rows,paired_sample_n,single unique value,TRACEABLE_MACHINE_CHECK
L0044_N01,44,1,3.14.6,software_python,3.14.6,identity,current_p2_closure/SOFTWARE_ENVIRONMENT_CURRENT_P2.json,a215094fdbcd01f15a9306eabcc11da4bf3fba8e00fa3ae4c5f9d6a7d4addd83,observed_versions_from_recorded_interpreter,python,identity,TRACEABLE_MACHINE_CHECK
L0044_N02,44,2,2.5.1,software_numpy,2.5.1,identity,current_p2_closure/SOFTWARE_ENVIRONMENT_CURRENT_P2.json,a215094fdbcd01f15a9306eabcc11da4bf3fba8e00fa3ae4c5f9d6a7d4addd83,observed_versions_from_recorded_interpreter,numpy,identity,TRACEABLE_MACHINE_CHECK
L0044_N03,44,3,3.0.5,software_pandas,3.0.5,identity,current_p2_closure/SOFTWARE_ENVIRONMENT_CURRENT_P2.json,a215094fdbcd01f15a9306eabcc11da4bf3fba8e00fa3ae4c5f9d6a7d4addd83,observed_versions_from_recorded_interpreter,pandas,identity,TRACEABLE_MACHINE_CHECK
L0044_N04,44,4,1.18.0,software_scipy,1.18.0,identity,current_p2_closure/SOFTWARE_ENVIRONMENT_CURRENT_P2.json,a215094fdbcd01f15a9306eabcc11da4bf3fba8e00fa3ae4c5f9d6a7d4addd83,observed_versions_from_recorded_interpreter,scipy,identity,TRACEABLE_MACHINE_CHECK
L0044_N05,44,5,3.16.0,software_h5py,3.16.0,identity,current_p2_closure/SOFTWARE_ENVIRONMENT_CURRENT_P2.json,a215094fdbcd01f15a9306eabcc11da4bf3fba8e00fa3ae4c5f9d6a7d4addd83,observed_versions_from_recorded_interpreter,h5py,identity,TRACEABLE_MACHINE_CHECK
L0044_N06,44,6,3.11.1,software_matplotlib,3.11.1,identity,current_p2_closure/SOFTWARE_ENVIRONMENT_CURRENT_P2.json,a215094fdbcd01f15a9306eabcc11da4bf3fba8e00fa3ae4c5f9d6a7d4addd83,observed_versions_from_recorded_interpreter,matplotlib,identity,TRACEABLE_MACHINE_CHECK
L0050_N01,50,1,1023,primary_unique_cases,1023,int,RESULTS_SUMMARY.json,bfcc4d190d4624dea0a5a5ab8f15ffd63a883418f17e07d8ed16fbab8f3993d2,.primary.unique_cases_any_matched_layer,value,JSON field,TRACEABLE_MACHINE_CHECK
L0050_N02,50,2,160,primary_registry_rows,160,int,results/cptac/cptac_primary_concordance_registry_v2.csv,7a2dd33847989970c26e676a2f217b432e004b37763ae7b4c85dfa88a2b09641,all rows,row count,count,TRACEABLE_MACHINE_CHECK
L0050_N03,50,3,129,primary_evaluable_rows,129,int,results/cptac/cptac_primary_concordance_registry_v2.csv,7a2dd33847989970c26e676a2f217b432e004b37763ae7b4c85dfa88a2b09641,status=evaluable,row count,count,TRACEABLE_MACHINE_CHECK
L0050_N04,50,4,31,primary_not_evaluable_rows,31,int,results/cptac/cptac_primary_concordance_registry_v2.csv,7a2dd33847989970c26e676a2f217b432e004b37763ae7b4c85dfa88a2b09641,status!=evaluable,row count,count,TRACEABLE_MACHINE_CHECK
L0050_N05,50,5,31,primary_not_evaluable_rows,31,int,results/cptac/cptac_primary_concordance_registry_v2.csv,7a2dd33847989970c26e676a2f217b432e004b37763ae7b4c85dfa88a2b09641,status!=evaluable,row count,count,TRACEABLE_MACHINE_CHECK
L0050_N06,50,6,20,primary_min_n,20,int,code/run_cptac_v2.py,93307da4da6e1fff3b15898de75b9e21e783433fa73b9d4c102095046c84e002,MIN_N = 20; evaluate_pair at lines 467-496,code literal,executed code constant,TRACEABLE_MACHINE_CHECK
L0050_N07,50,7,3,min_score_genes,3,int,code/run_cptac_v2.py,93307da4da6e1fff3b15898de75b9e21e783433fa73b9d4c102095046c84e002,MIN_GENES = 3; score gate at lines 293-300,code literal,executed code constant,TRACEABLE_MACHINE_CHECK
L0050_N08,50,8,82,matched_min,82,int,tables/TABLE1_CPTAC_CASE_FLOW_V2.csv,d018d4c550859ec3158e757ffa854bfee31f54e11c8c0c6db9335d1dc7eee97c,all cancer-layer rows,maximum_matched_unique_cases,minimum,TRACEABLE_MACHINE_CHECK
L0050_N09,50,9,121,matched_max,121,int,tables/TABLE1_CPTAC_CASE_FLOW_V2.csv,d018d4c550859ec3158e757ffa854bfee31f54e11c8c0c6db9335d1dc7eee97c,all cancer-layer rows,maximum_matched_unique_cases,maximum,TRACEABLE_MACHINE_CHECK
L0051_N01,51,1,77,protein_evaluable,77,int,results/cptac/cptac_primary_concordance_registry_v2.csv,7a2dd33847989970c26e676a2f217b432e004b37763ae7b4c85dfa88a2b09641,"comparison_layer=proteomics, status=evaluable",row count,count,TRACEABLE_MACHINE_CHECK
L0051_N02,51,2,76,protein_q_lt_005,76,int,results/cptac/cptac_primary_concordance_registry_v2.csv,7a2dd33847989970c26e676a2f217b432e004b37763ae7b4c85dfa88a2b09641,protein evaluable q<0.05,q_value_bh,count,TRACEABLE_MACHINE_CHECK
L0051_N03,51,3,0.05,primary_q_cutoff,0.05,fixed2,code/run_cptac_v2.py,93307da4da6e1fff3b15898de75b9e21e783433fa73b9d4c102095046c84e002,results summary line 1076,q_value_bh threshold,executed primary result-classification literal,TRACEABLE_MACHINE_CHECK
L0051_N04,51,4,0.012,protein_rho_min,0.0121501140369064,fixed3,results/cptac/cptac_primary_concordance_registry_v2.csv,7a2dd33847989970c26e676a2f217b432e004b37763ae7b4c85dfa88a2b09641,protein evaluable,spearman_rho,minimum,TRACEABLE_MACHINE_CHECK
L0051_N05,51,5,0.950,protein_rho_max,0.9495936818238112,fixed3,results/cptac/cptac_primary_concordance_registry_v2.csv,7a2dd33847989970c26e676a2f217b432e004b37763ae7b4c85dfa88a2b09641,protein evaluable,spearman_rho,maximum,TRACEABLE_MACHINE_CHECK
L0051_N06,51,6,0.755,protein_rho_median,0.7548848685777434,fixed3,results/cptac/cptac_primary_concordance_registry_v2.csv,7a2dd33847989970c26e676a2f217b432e004b37763ae7b4c85dfa88a2b09641,protein evaluable,spearman_rho,median,TRACEABLE_MACHINE_CHECK
L0051_N07,51,7,52,phosphoprotein_evaluable,52,int,results/cptac/cptac_primary_concordance_registry_v2.csv,7a2dd33847989970c26e676a2f217b432e004b37763ae7b4c85dfa88a2b09641,"comparison_layer=phosphoproteomics, status=evaluable",row count,count,TRACEABLE_MACHINE_CHECK
L0051_N08,51,8,0.05,primary_q_cutoff,0.05,fixed2,code/run_cptac_v2.py,93307da4da6e1fff3b15898de75b9e21e783433fa73b9d4c102095046c84e002,results summary line 1076,q_value_bh threshold,executed primary result-classification literal,TRACEABLE_MACHINE_CHECK
L0051_N09,51,9,0.206,phosphoprotein_rho_min,0.206221397649969,fixed3,results/cptac/cptac_primary_concordance_registry_v2.csv,7a2dd33847989970c26e676a2f217b432e004b37763ae7b4c85dfa88a2b09641,phosphoprotein evaluable,spearman_rho,minimum,TRACEABLE_MACHINE_CHECK
L0051_N10,51,10,0.842,phosphoprotein_rho_max,0.8421313365152856,fixed3,results/cptac/cptac_primary_concordance_registry_v2.csv,7a2dd33847989970c26e676a2f217b432e004b37763ae7b4c85dfa88a2b09641,phosphoprotein evaluable,spearman_rho,maximum,TRACEABLE_MACHINE_CHECK
L0051_N11,51,11,0.566,phosphoprotein_rho_median,0.5655336334208128,fixed3,results/cptac/cptac_primary_concordance_registry_v2.csv,7a2dd33847989970c26e676a2f217b432e004b37763ae7b4c85dfa88a2b09641,phosphoprotein evaluable,spearman_rho,median,TRACEABLE_MACHINE_CHECK
L0051_N12,51,12,105,nonsig_n,105,int,results/cptac/cptac_primary_concordance_registry_v2.csv,7a2dd33847989970c26e676a2f217b432e004b37763ae7b4c85dfa88a2b09641,cancer=pdac; program_label=Proteasome; comparison_layer=proteomics,complete_pair_n,direct cell,TRACEABLE_MACHINE_CHECK
L0051_N13,51,13,0.012,nonsig_rho,0.0121501140369064,fixed3,results/cptac/cptac_primary_concordance_registry_v2.csv,7a2dd33847989970c26e676a2f217b432e004b37763ae7b4c85dfa88a2b09641,cancer=pdac; program_label=Proteasome; comparison_layer=proteomics,spearman_rho,direct cell,TRACEABLE_MACHINE_CHECK
L0051_N14,51,14,0.902,nonsig_p,0.9020945825621804,fixed3,results/cptac/cptac_primary_concordance_registry_v2.csv,7a2dd33847989970c26e676a2f217b432e004b37763ae7b4c85dfa88a2b09641,cancer=pdac; program_label=Proteasome; comparison_layer=proteomics,p_value,direct cell,TRACEABLE_MACHINE_CHECK
L0051_N15,51,15,0.902,nonsig_q,0.9020945825621804,fixed3,results/cptac/cptac_primary_concordance_registry_v2.csv,7a2dd33847989970c26e676a2f217b432e004b37763ae7b4c85dfa88a2b09641,cancer=pdac; program_label=Proteasome; comparison_layer=proteomics,q_value_bh,direct cell,TRACEABLE_MACHINE_CHECK
L0052_N01,52,1,1.000,positive_fraction_all,1.0,fixed3,results/cptac/cptac_heterogeneity_summary_v2.csv,c566c6d3ee19bfa2f928c4bbee8cd1475eef4943489e84c1c4e0b944b50fcbbd,rows with evaluable cancers,positive_cancer_fraction,minimum,TRACEABLE_MACHINE_CHECK
L0052_N02,52,2,0.352,i2_min,0.3521026086366015,fixed3,results/cptac/cptac_heterogeneity_summary_v2.csv,c566c6d3ee19bfa2f928c4bbee8cd1475eef4943489e84c1c4e0b944b50fcbbd,rows with evaluable cancers,descriptive_i2,minimum,TRACEABLE_MACHINE_CHECK
L0052_N03,52,3,0.878,i2_max,0.8777635172797482,fixed3,results/cptac/cptac_heterogeneity_summary_v2.csv,c566c6d3ee19bfa2f928c4bbee8cd1475eef4943489e84c1c4e0b944b50fcbbd,rows with evaluable cancers,descriptive_i2,maximum,TRACEABLE_MACHINE_CHECK
L0056_N01,56,1,10,table_01_registered_cancer_rows,10,int,tables/TABLE2_CPTAC_PROGRAM_SUMMARY_CURRENT_P1.csv,2cdd64fd82af6c0946bfb27af535ad50aab23e73b72185e6c364d513cba0fe63,comparison_layer=proteomics; program_label=MHC-I,registered_cancer_rows,direct cell,TRACEABLE_MACHINE_CHECK
L0056_N02,56,2,10,table_01_evaluable_cancer_n,10,int,tables/TABLE2_CPTAC_PROGRAM_SUMMARY_CURRENT_P1.csv,2cdd64fd82af6c0946bfb27af535ad50aab23e73b72185e6c364d513cba0fe63,comparison_layer=proteomics; program_label=MHC-I,evaluable_cancer_n,direct cell,TRACEABLE_MACHINE_CHECK
L0056_N03,56,3,1023,table_01_total_complete_pairs_across_strata,1023,int,tables/TABLE2_CPTAC_PROGRAM_SUMMARY_CURRENT_P1.csv,2cdd64fd82af6c0946bfb27af535ad50aab23e73b72185e6c364d513cba0fe63,comparison_layer=proteomics; program_label=MHC-I,total_complete_pairs_across_strata,direct cell,TRACEABLE_MACHINE_CHECK
L0056_N04,56,4,0.761,table_01_median_within_cancer_rho,0.760954542698753,fixed3,tables/TABLE2_CPTAC_PROGRAM_SUMMARY_CURRENT_P1.csv,2cdd64fd82af6c0946bfb27af535ad50aab23e73b72185e6c364d513cba0fe63,comparison_layer=proteomics; program_label=MHC-I,median_within_cancer_rho,direct cell,TRACEABLE_MACHINE_CHECK
L0056_N05,56,5,1.000,table_01_positive_cancer_fraction,1.0,fixed3,tables/TABLE2_CPTAC_PROGRAM_SUMMARY_CURRENT_P1.csv,2cdd64fd82af6c0946bfb27af535ad50aab23e73b72185e6c364d513cba0fe63,comparison_layer=proteomics; program_label=MHC-I,positive_cancer_fraction,direct cell,TRACEABLE_MACHINE_CHECK
L0056_N06,56,6,0.352,table_01_descriptive_i2,0.3521026086366015,fixed3,tables/TABLE2_CPTAC_PROGRAM_SUMMARY_CURRENT_P1.csv,2cdd64fd82af6c0946bfb27af535ad50aab23e73b72185e6c364d513cba0fe63,comparison_layer=proteomics; program_label=MHC-I,descriptive_i2,direct cell,TRACEABLE_MACHINE_CHECK
L0057_N01,57,1,10,table_02_registered_cancer_rows,10,int,tables/TABLE2_CPTAC_PROGRAM_SUMMARY_CURRENT_P1.csv,2cdd64fd82af6c0946bfb27af535ad50aab23e73b72185e6c364d513cba0fe63,comparison_layer=proteomics; program_label=MHC-II,registered_cancer_rows,direct cell,TRACEABLE_MACHINE_CHECK
L0057_N02,57,2,10,table_02_evaluable_cancer_n,10,int,tables/TABLE2_CPTAC_PROGRAM_SUMMARY_CURRENT_P1.csv,2cdd64fd82af6c0946bfb27af535ad50aab23e73b72185e6c364d513cba0fe63,comparison_layer=proteomics; program_label=MHC-II,evaluable_cancer_n,direct cell,TRACEABLE_MACHINE_CHECK
L0057_N03,57,3,1023,table_02_total_complete_pairs_across_strata,1023,int,tables/TABLE2_CPTAC_PROGRAM_SUMMARY_CURRENT_P1.csv,2cdd64fd82af6c0946bfb27af535ad50aab23e73b72185e6c364d513cba0fe63,comparison_layer=proteomics; program_label=MHC-II,total_complete_pairs_across_strata,direct cell,TRACEABLE_MACHINE_CHECK
L0057_N04,57,4,0.757,table_02_median_within_cancer_rho,0.7565676329209126,fixed3,tables/TABLE2_CPTAC_PROGRAM_SUMMARY_CURRENT_P1.csv,2cdd64fd82af6c0946bfb27af535ad50aab23e73b72185e6c364d513cba0fe63,comparison_layer=proteomics; program_label=MHC-II,median_within_cancer_rho,direct cell,TRACEABLE_MACHINE_CHECK
L0057_N05,57,5,1.000,table_02_positive_cancer_fraction,1.0,fixed3,tables/TABLE2_CPTAC_PROGRAM_SUMMARY_CURRENT_P1.csv,2cdd64fd82af6c0946bfb27af535ad50aab23e73b72185e6c364d513cba0fe63,comparison_layer=proteomics; program_label=MHC-II,positive_cancer_fraction,direct cell,TRACEABLE_MACHINE_CHECK
L0057_N06,57,6,0.747,table_02_descriptive_i2,0.7468779821332814,fixed3,tables/TABLE2_CPTAC_PROGRAM_SUMMARY_CURRENT_P1.csv,2cdd64fd82af6c0946bfb27af535ad50aab23e73b72185e6c364d513cba0fe63,comparison_layer=proteomics; program_label=MHC-II,descriptive_i2,direct cell,TRACEABLE_MACHINE_CHECK
L0058_N01,58,1,10,table_03_registered_cancer_rows,10,int,tables/TABLE2_CPTAC_PROGRAM_SUMMARY_CURRENT_P1.csv,2cdd64fd82af6c0946bfb27af535ad50aab23e73b72185e6c364d513cba0fe63,comparison_layer=proteomics; program_label=IFN-gamma,registered_cancer_rows,direct cell,TRACEABLE_MACHINE_CHECK
L0058_N02,58,2,10,table_03_evaluable_cancer_n,10,int,tables/TABLE2_CPTAC_PROGRAM_SUMMARY_CURRENT_P1.csv,2cdd64fd82af6c0946bfb27af535ad50aab23e73b72185e6c364d513cba0fe63,comparison_layer=proteomics; program_label=IFN-gamma,evaluable_cancer_n,direct cell,TRACEABLE_MACHINE_CHECK
L0058_N03,58,3,1023,table_03_total_complete_pairs_across_strata,1023,int,tables/TABLE2_CPTAC_PROGRAM_SUMMARY_CURRENT_P1.csv,2cdd64fd82af6c0946bfb27af535ad50aab23e73b72185e6c364d513cba0fe63,comparison_layer=proteomics; program_label=IFN-gamma,total_complete_pairs_across_strata,direct cell,TRACEABLE_MACHINE_CHECK
L0058_N04,58,4,0.857,table_03_median_within_cancer_rho,0.8573338964501008,fixed3,tables/TABLE2_CPTAC_PROGRAM_SUMMARY_CURRENT_P1.csv,2cdd64fd82af6c0946bfb27af535ad50aab23e73b72185e6c364d513cba0fe63,comparison_layer=proteomics; program_label=IFN-gamma,median_within_cancer_rho,direct cell,TRACEABLE_MACHINE_CHECK
L0058_N05,58,5,1.000,table_03_positive_cancer_fraction,1.0,fixed3,tables/TABLE2_CPTAC_PROGRAM_SUMMARY_CURRENT_P1.csv,2cdd64fd82af6c0946bfb27af535ad50aab23e73b72185e6c364d513cba0fe63,comparison_layer=proteomics; program_label=IFN-gamma,positive_cancer_fraction,direct cell,TRACEABLE_MACHINE_CHECK
L0058_N06,58,6,0.878,table_03_descriptive_i2,0.8777635172797482,fixed3,tables/TABLE2_CPTAC_PROGRAM_SUMMARY_CURRENT_P1.csv,2cdd64fd82af6c0946bfb27af535ad50aab23e73b72185e6c364d513cba0fe63,comparison_layer=proteomics; program_label=IFN-gamma,descriptive_i2,direct cell,TRACEABLE_MACHINE_CHECK
L0059_N01,59,1,10,table_04_registered_cancer_rows,10,int,tables/TABLE2_CPTAC_PROGRAM_SUMMARY_CURRENT_P1.csv,2cdd64fd82af6c0946bfb27af535ad50aab23e73b72185e6c364d513cba0fe63,comparison_layer=proteomics; program_label=Cytolytic,registered_cancer_rows,direct cell,TRACEABLE_MACHINE_CHECK
L0059_N02,59,2,9,table_04_evaluable_cancer_n,9,int,tables/TABLE2_CPTAC_PROGRAM_SUMMARY_CURRENT_P1.csv,2cdd64fd82af6c0946bfb27af535ad50aab23e73b72185e6c364d513cba0fe63,comparison_layer=proteomics; program_label=Cytolytic,evaluable_cancer_n,direct cell,TRACEABLE_MACHINE_CHECK
L0059_N03,59,3,877,table_04_total_complete_pairs_across_strata,877,int,tables/TABLE2_CPTAC_PROGRAM_SUMMARY_CURRENT_P1.csv,2cdd64fd82af6c0946bfb27af535ad50aab23e73b72185e6c364d513cba0fe63,comparison_layer=proteomics; program_label=Cytolytic,total_complete_pairs_across_strata,direct cell,TRACEABLE_MACHINE_CHECK
L0059_N04,59,4,0.758,table_04_median_within_cancer_rho,0.7580606659258343,fixed3,tables/TABLE2_CPTAC_PROGRAM_SUMMARY_CURRENT_P1.csv,2cdd64fd82af6c0946bfb27af535ad50aab23e73b72185e6c364d513cba0fe63,comparison_layer=proteomics; program_label=Cytolytic,median_within_cancer_rho,direct cell,TRACEABLE_MACHINE_CHECK
L0059_N05,59,5,1.000,table_04_positive_cancer_fraction,1.0,fixed3,tables/TABLE2_CPTAC_PROGRAM_SUMMARY_CURRENT_P1.csv,2cdd64fd82af6c0946bfb27af535ad50aab23e73b72185e6c364d513cba0fe63,comparison_layer=proteomics; program_label=Cytolytic,positive_cancer_fraction,direct cell,TRACEABLE_MACHINE_CHECK
L0059_N06,59,6,0.861,table_04_descriptive_i2,0.8613685573828478,fixed3,tables/TABLE2_CPTAC_PROGRAM_SUMMARY_CURRENT_P1.csv,2cdd64fd82af6c0946bfb27af535ad50aab23e73b72185e6c364d513cba0fe63,comparison_layer=proteomics; program_label=Cytolytic,descriptive_i2,direct cell,TRACEABLE_MACHINE_CHECK
L0060_N01,60,1,10,table_05_registered_cancer_rows,10,int,tables/TABLE2_CPTAC_PROGRAM_SUMMARY_CURRENT_P1.csv,2cdd64fd82af6c0946bfb27af535ad50aab23e73b72185e6c364d513cba0fe63,comparison_layer=proteomics; program_label=Checkpoint,registered_cancer_rows,direct cell,TRACEABLE_MACHINE_CHECK
L0060_N02,60,2,8,table_05_evaluable_cancer_n,8,int,tables/TABLE2_CPTAC_PROGRAM_SUMMARY_CURRENT_P1.csv,2cdd64fd82af6c0946bfb27af535ad50aab23e73b72185e6c364d513cba0fe63,comparison_layer=proteomics; program_label=Checkpoint,evaluable_cancer_n,direct cell,TRACEABLE_MACHINE_CHECK
L0060_N03,60,3,555,table_05_total_complete_pairs_across_strata,555,int,tables/TABLE2_CPTAC_PROGRAM_SUMMARY_CURRENT_P1.csv,2cdd64fd82af6c0946bfb27af535ad50aab23e73b72185e6c364d513cba0fe63,comparison_layer=proteomics; program_label=Checkpoint,total_complete_pairs_across_strata,direct cell,TRACEABLE_MACHINE_CHECK
L0060_N04,60,4,0.596,table_05_median_within_cancer_rho,0.5959575873999704,fixed3,tables/TABLE2_CPTAC_PROGRAM_SUMMARY_CURRENT_P1.csv,2cdd64fd82af6c0946bfb27af535ad50aab23e73b72185e6c364d513cba0fe63,comparison_layer=proteomics; program_label=Checkpoint,median_within_cancer_rho,direct cell,TRACEABLE_MACHINE_CHECK
L0060_N05,60,5,1.000,table_05_positive_cancer_fraction,1.0,fixed3,tables/TABLE2_CPTAC_PROGRAM_SUMMARY_CURRENT_P1.csv,2cdd64fd82af6c0946bfb27af535ad50aab23e73b72185e6c364d513cba0fe63,comparison_layer=proteomics; program_label=Checkpoint,positive_cancer_fraction,direct cell,TRACEABLE_MACHINE_CHECK
L0060_N06,60,6,0.756,table_05_descriptive_i2,0.7563468655107347,fixed3,tables/TABLE2_CPTAC_PROGRAM_SUMMARY_CURRENT_P1.csv,2cdd64fd82af6c0946bfb27af535ad50aab23e73b72185e6c364d513cba0fe63,comparison_layer=proteomics; program_label=Checkpoint,descriptive_i2,direct cell,TRACEABLE_MACHINE_CHECK
L0061_N01,61,1,10,table_06_registered_cancer_rows,10,int,tables/TABLE2_CPTAC_PROGRAM_SUMMARY_CURRENT_P1.csv,2cdd64fd82af6c0946bfb27af535ad50aab23e73b72185e6c364d513cba0fe63,comparison_layer=proteomics; program_label=Myeloid,registered_cancer_rows,direct cell,TRACEABLE_MACHINE_CHECK
L0061_N02,61,2,10,table_06_evaluable_cancer_n,10,int,tables/TABLE2_CPTAC_PROGRAM_SUMMARY_CURRENT_P1.csv,2cdd64fd82af6c0946bfb27af535ad50aab23e73b72185e6c364d513cba0fe63,comparison_layer=proteomics; program_label=Myeloid,evaluable_cancer_n,direct cell,TRACEABLE_MACHINE_CHECK
L0061_N03,61,3,1023,table_06_total_complete_pairs_across_strata,1023,int,tables/TABLE2_CPTAC_PROGRAM_SUMMARY_CURRENT_P1.csv,2cdd64fd82af6c0946bfb27af535ad50aab23e73b72185e6c364d513cba0fe63,comparison_layer=proteomics; program_label=Myeloid,total_complete_pairs_across_strata,direct cell,TRACEABLE_MACHINE_CHECK
L0061_N04,61,4,0.680,table_06_median_within_cancer_rho,0.6803383084250787,fixed3,tables/TABLE2_CPTAC_PROGRAM_SUMMARY_CURRENT_P1.csv,2cdd64fd82af6c0946bfb27af535ad50aab23e73b72185e6c364d513cba0fe63,comparison_layer=proteomics; program_label=Myeloid,median_within_cancer_rho,direct cell,TRACEABLE_MACHINE_CHECK
L0061_N05,61,5,1.000,table_06_positive_cancer_fraction,1.0,fixed3,tables/TABLE2_CPTAC_PROGRAM_SUMMARY_CURRENT_P1.csv,2cdd64fd82af6c0946bfb27af535ad50aab23e73b72185e6c364d513cba0fe63,comparison_layer=proteomics; program_label=Myeloid,positive_cancer_fraction,direct cell,TRACEABLE_MACHINE_CHECK
L0061_N06,61,6,0.864,table_06_descriptive_i2,0.8641878535569228,fixed3,tables/TABLE2_CPTAC_PROGRAM_SUMMARY_CURRENT_P1.csv,2cdd64fd82af6c0946bfb27af535ad50aab23e73b72185e6c364d513cba0fe63,comparison_layer=proteomics; program_label=Myeloid,descriptive_i2,direct cell,TRACEABLE_MACHINE_CHECK
L0062_N01,62,1,10,table_07_registered_cancer_rows,10,int,tables/TABLE2_CPTAC_PROGRAM_SUMMARY_CURRENT_P1.csv,2cdd64fd82af6c0946bfb27af535ad50aab23e73b72185e6c364d513cba0fe63,comparison_layer=proteomics; program_label=TGF/EMT,registered_cancer_rows,direct cell,TRACEABLE_MACHINE_CHECK
L0062_N02,62,2,10,table_07_evaluable_cancer_n,10,int,tables/TABLE2_CPTAC_PROGRAM_SUMMARY_CURRENT_P1.csv,2cdd64fd82af6c0946bfb27af535ad50aab23e73b72185e6c364d513cba0fe63,comparison_layer=proteomics; program_label=TGF/EMT,evaluable_cancer_n,direct cell,TRACEABLE_MACHINE_CHECK
L0062_N03,62,3,1023,table_07_total_complete_pairs_across_strata,1023,int,tables/TABLE2_CPTAC_PROGRAM_SUMMARY_CURRENT_P1.csv,2cdd64fd82af6c0946bfb27af535ad50aab23e73b72185e6c364d513cba0fe63,comparison_layer=proteomics; program_label=TGF/EMT,total_complete_pairs_across_strata,direct cell,TRACEABLE_MACHINE_CHECK
L0062_N04,62,4,0.779,table_07_median_within_cancer_rho,0.7788332614310594,fixed3,tables/TABLE2_CPTAC_PROGRAM_SUMMARY_CURRENT_P1.csv,2cdd64fd82af6c0946bfb27af535ad50aab23e73b72185e6c364d513cba0fe63,comparison_layer=proteomics; program_label=TGF/EMT,median_within_cancer_rho,direct cell,TRACEABLE_MACHINE_CHECK
L0062_N05,62,5,1.000,table_07_positive_cancer_fraction,1.0,fixed3,tables/TABLE2_CPTAC_PROGRAM_SUMMARY_CURRENT_P1.csv,2cdd64fd82af6c0946bfb27af535ad50aab23e73b72185e6c364d513cba0fe63,comparison_layer=proteomics; program_label=TGF/EMT,positive_cancer_fraction,direct cell,TRACEABLE_MACHINE_CHECK
L0062_N06,62,6,0.784,table_07_descriptive_i2,0.7841606590439812,fixed3,tables/TABLE2_CPTAC_PROGRAM_SUMMARY_CURRENT_P1.csv,2cdd64fd82af6c0946bfb27af535ad50aab23e73b72185e6c364d513cba0fe63,comparison_layer=proteomics; program_label=TGF/EMT,descriptive_i2,direct cell,TRACEABLE_MACHINE_CHECK
L0063_N01,63,1,10,table_08_registered_cancer_rows,10,int,tables/TABLE2_CPTAC_PROGRAM_SUMMARY_CURRENT_P1.csv,2cdd64fd82af6c0946bfb27af535ad50aab23e73b72185e6c364d513cba0fe63,comparison_layer=proteomics; program_label=Proteasome,registered_cancer_rows,direct cell,TRACEABLE_MACHINE_CHECK
L0063_N02,63,2,10,table_08_evaluable_cancer_n,10,int,tables/TABLE2_CPTAC_PROGRAM_SUMMARY_CURRENT_P1.csv,2cdd64fd82af6c0946bfb27af535ad50aab23e73b72185e6c364d513cba0fe63,comparison_layer=proteomics; program_label=Proteasome,evaluable_cancer_n,direct cell,TRACEABLE_MACHINE_CHECK
L0063_N03,63,3,1023,table_08_total_complete_pairs_across_strata,1023,int,tables/TABLE2_CPTAC_PROGRAM_SUMMARY_CURRENT_P1.csv,2cdd64fd82af6c0946bfb27af535ad50aab23e73b72185e6c364d513cba0fe63,comparison_layer=proteomics; program_label=Proteasome,total_complete_pairs_across_strata,direct cell,TRACEABLE_MACHINE_CHECK
L0063_N04,63,4,0.329,table_08_median_within_cancer_rho,0.3291258091346077,fixed3,tables/TABLE2_CPTAC_PROGRAM_SUMMARY_CURRENT_P1.csv,2cdd64fd82af6c0946bfb27af535ad50aab23e73b72185e6c364d513cba0fe63,comparison_layer=proteomics; program_label=Proteasome,median_within_cancer_rho,direct cell,TRACEABLE_MACHINE_CHECK
L0063_N05,63,5,1.000,table_08_positive_cancer_fraction,1.0,fixed3,tables/TABLE2_CPTAC_PROGRAM_SUMMARY_CURRENT_P1.csv,2cdd64fd82af6c0946bfb27af535ad50aab23e73b72185e6c364d513cba0fe63,comparison_layer=proteomics; program_label=Proteasome,positive_cancer_fraction,direct cell,TRACEABLE_MACHINE_CHECK
L0063_N06,63,6,0.569,table_08_descriptive_i2,0.5693262381668984,fixed3,tables/TABLE2_CPTAC_PROGRAM_SUMMARY_CURRENT_P1.csv,2cdd64fd82af6c0946bfb27af535ad50aab23e73b72185e6c364d513cba0fe63,comparison_layer=proteomics; program_label=Proteasome,descriptive_i2,direct cell,TRACEABLE_MACHINE_CHECK
L0064_N01,64,1,10,table_09_registered_cancer_rows,10,int,tables/TABLE2_CPTAC_PROGRAM_SUMMARY_CURRENT_P1.csv,2cdd64fd82af6c0946bfb27af535ad50aab23e73b72185e6c364d513cba0fe63,comparison_layer=phosphoproteomics; program_label=MHC-I,registered_cancer_rows,direct cell,TRACEABLE_MACHINE_CHECK
L0064_N02,64,2,10,table_09_evaluable_cancer_n,10,int,tables/TABLE2_CPTAC_PROGRAM_SUMMARY_CURRENT_P1.csv,2cdd64fd82af6c0946bfb27af535ad50aab23e73b72185e6c364d513cba0fe63,comparison_layer=phosphoproteomics; program_label=MHC-I,evaluable_cancer_n,direct cell,TRACEABLE_MACHINE_CHECK
L0064_N03,64,3,916,table_09_total_complete_pairs_across_strata,916,int,tables/TABLE2_CPTAC_PROGRAM_SUMMARY_CURRENT_P1.csv,2cdd64fd82af6c0946bfb27af535ad50aab23e73b72185e6c364d513cba0fe63,comparison_layer=phosphoproteomics; program_label=MHC-I,total_complete_pairs_across_strata,direct cell,TRACEABLE_MACHINE_CHECK
L0064_N04,64,4,0.525,table_09_median_within_cancer_rho,0.5245447362915503,fixed3,tables/TABLE2_CPTAC_PROGRAM_SUMMARY_CURRENT_P1.csv,2cdd64fd82af6c0946bfb27af535ad50aab23e73b72185e6c364d513cba0fe63,comparison_layer=phosphoproteomics; program_label=MHC-I,median_within_cancer_rho,direct cell,TRACEABLE_MACHINE_CHECK
L0064_N05,64,5,1.000,table_09_positive_cancer_fraction,1.0,fixed3,tables/TABLE2_CPTAC_PROGRAM_SUMMARY_CURRENT_P1.csv,2cdd64fd82af6c0946bfb27af535ad50aab23e73b72185e6c364d513cba0fe63,comparison_layer=phosphoproteomics; program_label=MHC-I,positive_cancer_fraction,direct cell,TRACEABLE_MACHINE_CHECK
L0064_N06,64,6,0.641,table_09_descriptive_i2,0.6413855135182439,fixed3,tables/TABLE2_CPTAC_PROGRAM_SUMMARY_CURRENT_P1.csv,2cdd64fd82af6c0946bfb27af535ad50aab23e73b72185e6c364d513cba0fe63,comparison_layer=phosphoproteomics; program_label=MHC-I,descriptive_i2,direct cell,TRACEABLE_MACHINE_CHECK
L0065_N01,65,1,10,table_10_registered_cancer_rows,10,int,tables/TABLE2_CPTAC_PROGRAM_SUMMARY_CURRENT_P1.csv,2cdd64fd82af6c0946bfb27af535ad50aab23e73b72185e6c364d513cba0fe63,comparison_layer=phosphoproteomics; program_label=MHC-II,registered_cancer_rows,direct cell,TRACEABLE_MACHINE_CHECK
L0065_N02,65,2,0,table_10_evaluable_cancer_n,0,int,tables/TABLE2_CPTAC_PROGRAM_SUMMARY_CURRENT_P1.csv,2cdd64fd82af6c0946bfb27af535ad50aab23e73b72185e6c364d513cba0fe63,comparison_layer=phosphoproteomics; program_label=MHC-II,evaluable_cancer_n,direct cell,TRACEABLE_MACHINE_CHECK
L0065_N03,65,3,4,table_10_total_complete_pairs_across_strata,4,int,tables/TABLE2_CPTAC_PROGRAM_SUMMARY_CURRENT_P1.csv,2cdd64fd82af6c0946bfb27af535ad50aab23e73b72185e6c364d513cba0fe63,comparison_layer=phosphoproteomics; program_label=MHC-II,total_complete_pairs_across_strata,direct cell,TRACEABLE_MACHINE_CHECK
L0066_N01,66,1,10,table_11_registered_cancer_rows,10,int,tables/TABLE2_CPTAC_PROGRAM_SUMMARY_CURRENT_P1.csv,2cdd64fd82af6c0946bfb27af535ad50aab23e73b72185e6c364d513cba0fe63,comparison_layer=phosphoproteomics; program_label=IFN-gamma,registered_cancer_rows,direct cell,TRACEABLE_MACHINE_CHECK
L0066_N02,66,2,10,table_11_evaluable_cancer_n,10,int,tables/TABLE2_CPTAC_PROGRAM_SUMMARY_CURRENT_P1.csv,2cdd64fd82af6c0946bfb27af535ad50aab23e73b72185e6c364d513cba0fe63,comparison_layer=phosphoproteomics; program_label=IFN-gamma,evaluable_cancer_n,direct cell,TRACEABLE_MACHINE_CHECK
L0066_N03,66,3,966,table_11_total_complete_pairs_across_strata,966,int,tables/TABLE2_CPTAC_PROGRAM_SUMMARY_CURRENT_P1.csv,2cdd64fd82af6c0946bfb27af535ad50aab23e73b72185e6c364d513cba0fe63,comparison_layer=phosphoproteomics; program_label=IFN-gamma,total_complete_pairs_across_strata,direct cell,TRACEABLE_MACHINE_CHECK
L0066_N04,66,4,0.683,table_11_median_within_cancer_rho,0.6829841550881401,fixed3,tables/TABLE2_CPTAC_PROGRAM_SUMMARY_CURRENT_P1.csv,2cdd64fd82af6c0946bfb27af535ad50aab23e73b72185e6c364d513cba0fe63,comparison_layer=phosphoproteomics; program_label=IFN-gamma,median_within_cancer_rho,direct cell,TRACEABLE_MACHINE_CHECK
L0066_N05,66,5,1.000,table_11_positive_cancer_fraction,1.0,fixed3,tables/TABLE2_CPTAC_PROGRAM_SUMMARY_CURRENT_P1.csv,2cdd64fd82af6c0946bfb27af535ad50aab23e73b72185e6c364d513cba0fe63,comparison_layer=phosphoproteomics; program_label=IFN-gamma,positive_cancer_fraction,direct cell,TRACEABLE_MACHINE_CHECK
L0066_N06,66,6,0.815,table_11_descriptive_i2,0.8150607300410054,fixed3,tables/TABLE2_CPTAC_PROGRAM_SUMMARY_CURRENT_P1.csv,2cdd64fd82af6c0946bfb27af535ad50aab23e73b72185e6c364d513cba0fe63,comparison_layer=phosphoproteomics; program_label=IFN-gamma,descriptive_i2,direct cell,TRACEABLE_MACHINE_CHECK
L0067_N01,67,1,10,table_12_registered_cancer_rows,10,int,tables/TABLE2_CPTAC_PROGRAM_SUMMARY_CURRENT_P1.csv,2cdd64fd82af6c0946bfb27af535ad50aab23e73b72185e6c364d513cba0fe63,comparison_layer=phosphoproteomics; program_label=Cytolytic,registered_cancer_rows,direct cell,TRACEABLE_MACHINE_CHECK
L0067_N02,67,2,0,table_12_evaluable_cancer_n,0,int,tables/TABLE2_CPTAC_PROGRAM_SUMMARY_CURRENT_P1.csv,2cdd64fd82af6c0946bfb27af535ad50aab23e73b72185e6c364d513cba0fe63,comparison_layer=phosphoproteomics; program_label=Cytolytic,evaluable_cancer_n,direct cell,TRACEABLE_MACHINE_CHECK
L0067_N03,67,3,0,table_12_total_complete_pairs_across_strata,0,int,tables/TABLE2_CPTAC_PROGRAM_SUMMARY_CURRENT_P1.csv,2cdd64fd82af6c0946bfb27af535ad50aab23e73b72185e6c364d513cba0fe63,comparison_layer=phosphoproteomics; program_label=Cytolytic,total_complete_pairs_across_strata,direct cell,TRACEABLE_MACHINE_CHECK
L0068_N01,68,1,10,table_13_registered_cancer_rows,10,int,tables/TABLE2_CPTAC_PROGRAM_SUMMARY_CURRENT_P1.csv,2cdd64fd82af6c0946bfb27af535ad50aab23e73b72185e6c364d513cba0fe63,comparison_layer=phosphoproteomics; program_label=Checkpoint,registered_cancer_rows,direct cell,TRACEABLE_MACHINE_CHECK
L0068_N02,68,2,8,table_13_evaluable_cancer_n,8,int,tables/TABLE2_CPTAC_PROGRAM_SUMMARY_CURRENT_P1.csv,2cdd64fd82af6c0946bfb27af535ad50aab23e73b72185e6c364d513cba0fe63,comparison_layer=phosphoproteomics; program_label=Checkpoint,evaluable_cancer_n,direct cell,TRACEABLE_MACHINE_CHECK
L0068_N03,68,3,441,table_13_total_complete_pairs_across_strata,441,int,tables/TABLE2_CPTAC_PROGRAM_SUMMARY_CURRENT_P1.csv,2cdd64fd82af6c0946bfb27af535ad50aab23e73b72185e6c364d513cba0fe63,comparison_layer=phosphoproteomics; program_label=Checkpoint,total_complete_pairs_across_strata,direct cell,TRACEABLE_MACHINE_CHECK
L0068_N04,68,4,0.719,table_13_median_within_cancer_rho,0.7189226060825931,fixed3,tables/TABLE2_CPTAC_PROGRAM_SUMMARY_CURRENT_P1.csv,2cdd64fd82af6c0946bfb27af535ad50aab23e73b72185e6c364d513cba0fe63,comparison_layer=phosphoproteomics; program_label=Checkpoint,median_within_cancer_rho,direct cell,TRACEABLE_MACHINE_CHECK
L0068_N05,68,5,1.000,table_13_positive_cancer_fraction,1.0,fixed3,tables/TABLE2_CPTAC_PROGRAM_SUMMARY_CURRENT_P1.csv,2cdd64fd82af6c0946bfb27af535ad50aab23e73b72185e6c364d513cba0fe63,comparison_layer=phosphoproteomics; program_label=Checkpoint,positive_cancer_fraction,direct cell,TRACEABLE_MACHINE_CHECK
L0068_N06,68,6,0.619,table_13_descriptive_i2,0.618998113943308,fixed3,tables/TABLE2_CPTAC_PROGRAM_SUMMARY_CURRENT_P1.csv,2cdd64fd82af6c0946bfb27af535ad50aab23e73b72185e6c364d513cba0fe63,comparison_layer=phosphoproteomics; program_label=Checkpoint,descriptive_i2,direct cell,TRACEABLE_MACHINE_CHECK
L0069_N01,69,1,10,table_14_registered_cancer_rows,10,int,tables/TABLE2_CPTAC_PROGRAM_SUMMARY_CURRENT_P1.csv,2cdd64fd82af6c0946bfb27af535ad50aab23e73b72185e6c364d513cba0fe63,comparison_layer=phosphoproteomics; program_label=Myeloid,registered_cancer_rows,direct cell,TRACEABLE_MACHINE_CHECK
L0069_N02,69,2,4,table_14_evaluable_cancer_n,4,int,tables/TABLE2_CPTAC_PROGRAM_SUMMARY_CURRENT_P1.csv,2cdd64fd82af6c0946bfb27af535ad50aab23e73b72185e6c364d513cba0fe63,comparison_layer=phosphoproteomics; program_label=Myeloid,evaluable_cancer_n,direct cell,TRACEABLE_MACHINE_CHECK
L0069_N03,69,3,359,table_14_total_complete_pairs_across_strata,359,int,tables/TABLE2_CPTAC_PROGRAM_SUMMARY_CURRENT_P1.csv,2cdd64fd82af6c0946bfb27af535ad50aab23e73b72185e6c364d513cba0fe63,comparison_layer=phosphoproteomics; program_label=Myeloid,total_complete_pairs_across_strata,direct cell,TRACEABLE_MACHINE_CHECK
L0069_N04,69,4,0.585,table_14_median_within_cancer_rho,0.5851236452848569,fixed3,tables/TABLE2_CPTAC_PROGRAM_SUMMARY_CURRENT_P1.csv,2cdd64fd82af6c0946bfb27af535ad50aab23e73b72185e6c364d513cba0fe63,comparison_layer=phosphoproteomics; program_label=Myeloid,median_within_cancer_rho,direct cell,TRACEABLE_MACHINE_CHECK
L0069_N05,69,5,1.000,table_14_positive_cancer_fraction,1.0,fixed3,tables/TABLE2_CPTAC_PROGRAM_SUMMARY_CURRENT_P1.csv,2cdd64fd82af6c0946bfb27af535ad50aab23e73b72185e6c364d513cba0fe63,comparison_layer=phosphoproteomics; program_label=Myeloid,positive_cancer_fraction,direct cell,TRACEABLE_MACHINE_CHECK
L0069_N06,69,6,0.728,table_14_descriptive_i2,0.7275460399410135,fixed3,tables/TABLE2_CPTAC_PROGRAM_SUMMARY_CURRENT_P1.csv,2cdd64fd82af6c0946bfb27af535ad50aab23e73b72185e6c364d513cba0fe63,comparison_layer=phosphoproteomics; program_label=Myeloid,descriptive_i2,direct cell,TRACEABLE_MACHINE_CHECK
L0070_N01,70,1,10,table_15_registered_cancer_rows,10,int,tables/TABLE2_CPTAC_PROGRAM_SUMMARY_CURRENT_P1.csv,2cdd64fd82af6c0946bfb27af535ad50aab23e73b72185e6c364d513cba0fe63,comparison_layer=phosphoproteomics; program_label=TGF/EMT,registered_cancer_rows,direct cell,TRACEABLE_MACHINE_CHECK
L0070_N02,70,2,10,table_15_evaluable_cancer_n,10,int,tables/TABLE2_CPTAC_PROGRAM_SUMMARY_CURRENT_P1.csv,2cdd64fd82af6c0946bfb27af535ad50aab23e73b72185e6c364d513cba0fe63,comparison_layer=phosphoproteomics; program_label=TGF/EMT,evaluable_cancer_n,direct cell,TRACEABLE_MACHINE_CHECK
L0070_N03,70,3,1023,table_15_total_complete_pairs_across_strata,1023,int,tables/TABLE2_CPTAC_PROGRAM_SUMMARY_CURRENT_P1.csv,2cdd64fd82af6c0946bfb27af535ad50aab23e73b72185e6c364d513cba0fe63,comparison_layer=phosphoproteomics; program_label=TGF/EMT,total_complete_pairs_across_strata,direct cell,TRACEABLE_MACHINE_CHECK
L0070_N04,70,4,0.636,table_15_median_within_cancer_rho,0.6364692466246296,fixed3,tables/TABLE2_CPTAC_PROGRAM_SUMMARY_CURRENT_P1.csv,2cdd64fd82af6c0946bfb27af535ad50aab23e73b72185e6c364d513cba0fe63,comparison_layer=phosphoproteomics; program_label=TGF/EMT,median_within_cancer_rho,direct cell,TRACEABLE_MACHINE_CHECK
L0070_N05,70,5,1.000,table_15_positive_cancer_fraction,1.0,fixed3,tables/TABLE2_CPTAC_PROGRAM_SUMMARY_CURRENT_P1.csv,2cdd64fd82af6c0946bfb27af535ad50aab23e73b72185e6c364d513cba0fe63,comparison_layer=phosphoproteomics; program_label=TGF/EMT,positive_cancer_fraction,direct cell,TRACEABLE_MACHINE_CHECK
L0070_N06,70,6,0.752,table_15_descriptive_i2,0.7524462498732667,fixed3,tables/TABLE2_CPTAC_PROGRAM_SUMMARY_CURRENT_P1.csv,2cdd64fd82af6c0946bfb27af535ad50aab23e73b72185e6c364d513cba0fe63,comparison_layer=phosphoproteomics; program_label=TGF/EMT,descriptive_i2,direct cell,TRACEABLE_MACHINE_CHECK
L0071_N01,71,1,10,table_16_registered_cancer_rows,10,int,tables/TABLE2_CPTAC_PROGRAM_SUMMARY_CURRENT_P1.csv,2cdd64fd82af6c0946bfb27af535ad50aab23e73b72185e6c364d513cba0fe63,comparison_layer=phosphoproteomics; program_label=Proteasome,registered_cancer_rows,direct cell,TRACEABLE_MACHINE_CHECK
L0071_N02,71,2,10,table_16_evaluable_cancer_n,10,int,tables/TABLE2_CPTAC_PROGRAM_SUMMARY_CURRENT_P1.csv,2cdd64fd82af6c0946bfb27af535ad50aab23e73b72185e6c364d513cba0fe63,comparison_layer=phosphoproteomics; program_label=Proteasome,evaluable_cancer_n,direct cell,TRACEABLE_MACHINE_CHECK
L0071_N03,71,3,1023,table_16_total_complete_pairs_across_strata,1023,int,tables/TABLE2_CPTAC_PROGRAM_SUMMARY_CURRENT_P1.csv,2cdd64fd82af6c0946bfb27af535ad50aab23e73b72185e6c364d513cba0fe63,comparison_layer=phosphoproteomics; program_label=Proteasome,total_complete_pairs_across_strata,direct cell,TRACEABLE_MACHINE_CHECK
L0071_N04,71,4,0.352,table_16_median_within_cancer_rho,0.3522012907542921,fixed3,tables/TABLE2_CPTAC_PROGRAM_SUMMARY_CURRENT_P1.csv,2cdd64fd82af6c0946bfb27af535ad50aab23e73b72185e6c364d513cba0fe63,comparison_layer=phosphoproteomics; program_label=Proteasome,median_within_cancer_rho,direct cell,TRACEABLE_MACHINE_CHECK
L0071_N05,71,5,1.000,table_16_positive_cancer_fraction,1.0,fixed3,tables/TABLE2_CPTAC_PROGRAM_SUMMARY_CURRENT_P1.csv,2cdd64fd82af6c0946bfb27af535ad50aab23e73b72185e6c364d513cba0fe63,comparison_layer=phosphoproteomics; program_label=Proteasome,positive_cancer_fraction,direct cell,TRACEABLE_MACHINE_CHECK
L0071_N06,71,6,0.594,table_16_descriptive_i2,0.594009001646431,fixed3,tables/TABLE2_CPTAC_PROGRAM_SUMMARY_CURRENT_P1.csv,2cdd64fd82af6c0946bfb27af535ad50aab23e73b72185e6c364d513cba0fe63,comparison_layer=phosphoproteomics; program_label=Proteasome,descriptive_i2,direct cell,TRACEABLE_MACHINE_CHECK
L0075_N01,75,1,129,sensitivity_joined,129,int,results/cptac/cptac_feature_row_sensitivity_registry_v2.csv,0dfd5152c7d835d9ac494fbe38ae9440dc2ad0bf06a6f01cb5777195244b00a8,finite one-to-one join to primary,row count,count,TRACEABLE_MACHINE_CHECK
L0075_N02,75,2,52,sensitivity_phospho_joined,52,int,results/cptac/cptac_feature_row_sensitivity_registry_v2.csv,0dfd5152c7d835d9ac494fbe38ae9440dc2ad0bf06a6f01cb5777195244b00a8,phosphoproteomics finite join,row count,count,TRACEABLE_MACHINE_CHECK
L0075_N03,75,3,0.019,sensitivity_phospho_median_delta,0.01882364262074815,fixed3,results/cptac/cptac_feature_row_sensitivity_registry_v2.csv,0dfd5152c7d835d9ac494fbe38ae9440dc2ad0bf06a6f01cb5777195244b00a8,phosphoproteomics finite join,absolute rho difference,median,TRACEABLE_MACHINE_CHECK
L0075_N04,75,4,0.265,sensitivity_phospho_max_delta,0.26521954236239953,fixed3,results/cptac/cptac_feature_row_sensitivity_registry_v2.csv,0dfd5152c7d835d9ac494fbe38ae9440dc2ad0bf06a6f01cb5777195244b00a8,phosphoproteomics finite join,absolute rho difference,maximum,TRACEABLE_MACHINE_CHECK
L0075_N05,75,5,158,threshold_evaluable,158,int,results/cptac/cptac_threshold1_sensitivity_registry_v2.csv,4697cb4a4270af460f48b8e23acbe25befba3bb003aa2aae3e17a9ace2ff9101,status=evaluable,row count,count,TRACEABLE_MACHINE_CHECK
L0075_N06,75,6,157,threshold_supported,157,int,results/cptac/cptac_threshold1_sensitivity_registry_v2.csv,4697cb4a4270af460f48b8e23acbe25befba3bb003aa2aae3e17a9ace2ff9101,q_value_bh<0.05,row count,count,TRACEABLE_MACHINE_CHECK
L0075_N07,75,7,0.118,max_influence_delta,0.1182905982905982,fixed3,results/cptac/cptac_primary_concordance_registry_v2.csv,7a2dd33847989970c26e676a2f217b432e004b37763ae7b4c85dfa88a2b09641,row at maximum max_abs_leave_one_out_rho_delta,max_abs_leave_one_out_rho_delta,direct cell,TRACEABLE_MACHINE_CHECK
L0075_N08,75,8,26,max_influence_n,26,int,results/cptac/cptac_primary_concordance_registry_v2.csv,7a2dd33847989970c26e676a2f217b432e004b37763ae7b4c85dfa88a2b09641,row at maximum max_abs_leave_one_out_rho_delta,complete_pair_n,direct cell,TRACEABLE_MACHINE_CHECK
L0075_N09,75,9,0.506,max_influence_rho,0.5063247863247863,fixed3,results/cptac/cptac_primary_concordance_registry_v2.csv,7a2dd33847989970c26e676a2f217b432e004b37763ae7b4c85dfa88a2b09641,row at maximum max_abs_leave_one_out_rho_delta,spearman_rho,direct cell,TRACEABLE_MACHINE_CHECK
L0075_N10,75,10,95,ci_percent,95,int,code/run_cptac_v2.py,93307da4da6e1fff3b15898de75b9e21e783433fa73b9d4c102095046c84e002,BCa quantiles 0.025 and 0.975,code literal,executed code constant,TRACEABLE_MACHINE_CHECK
L0075_N11,75,11,0.062,max_influence_ci_low,0.0619380753461751,fixed3,results/cptac/cptac_primary_concordance_registry_v2.csv,7a2dd33847989970c26e676a2f217b432e004b37763ae7b4c85dfa88a2b09641,row at maximum max_abs_leave_one_out_rho_delta,ci_lower,direct cell,TRACEABLE_MACHINE_CHECK
L0075_N12,75,12,0.784,max_influence_ci_high,0.7843903682528552,fixed3,results/cptac/cptac_primary_concordance_registry_v2.csv,7a2dd33847989970c26e676a2f217b432e004b37763ae7b4c85dfa88a2b09641,row at maximum max_abs_leave_one_out_rho_delta,ci_upper,direct cell,TRACEABLE_MACHINE_CHECK
L0075_N13,75,13,0.010,max_influence_q,0.0096025041322314,fixed3,results/cptac/cptac_primary_concordance_registry_v2.csv,7a2dd33847989970c26e676a2f217b432e004b37763ae7b4c85dfa88a2b09641,row at maximum max_abs_leave_one_out_rho_delta,q_value_bh,direct cell,TRACEABLE_MACHINE_CHECK
L0076_N01,76,1,129,loco_rows,129,int,results/cptac/cptac_leave_one_cancer_out_v2.csv,5a7674d239f68a94368498c5446a0303ac8d32f65bb7040cb726f47fc5edda67,all rows,row count,count,TRACEABLE_MACHINE_CHECK
L0076_N02,76,2,0.317,loco_median_rho_min,0.3169652855543113,fixed3,results/cptac/cptac_leave_one_cancer_out_v2.csv,5a7674d239f68a94368498c5446a0303ac8d32f65bb7040cb726f47fc5edda67,all rows,leave_one_cancer_out_median_rho,minimum,TRACEABLE_MACHINE_CHECK
L0076_N03,76,3,0.858,loco_median_rho_max,0.8575531770762768,fixed3,results/cptac/cptac_leave_one_cancer_out_v2.csv,5a7674d239f68a94368498c5446a0303ac8d32f65bb7040cb726f47fc5edda67,all rows,leave_one_cancer_out_median_rho,maximum,TRACEABLE_MACHINE_CHECK
L0076_N04,76,4,1.000,loco_positive_fraction_min,1.0,fixed3,results/cptac/cptac_leave_one_cancer_out_v2.csv,5a7674d239f68a94368498c5446a0303ac8d32f65bb7040cb726f47fc5edda67,all rows,leave_one_cancer_out_positive_fraction,minimum,TRACEABLE_MACHINE_CHECK
L0076_N05,76,5,14,pooled_finite_rows,14,int,results/cptac/cptac_within_cancer_standardized_pooled_sensitivity_v2.csv,7d5d81e6f8bb5dcf7591f83d59713e99a9ee80aa0ece17034c03dbb6ddd3cf13,within_cancer_standardized_pooled_spearman_rho finite,row count,count,TRACEABLE_MACHINE_CHECK
L0076_N06,76,6,16,pooled_registered_rows,16,int,results/cptac/cptac_within_cancer_standardized_pooled_sensitivity_v2.csv,7d5d81e6f8bb5dcf7591f83d59713e99a9ee80aa0ece17034c03dbb6ddd3cf13,all rows,row count,count,TRACEABLE_MACHINE_CHECK
L0076_N07,76,7,14,pooled_positive_rows,14,int,results/cptac/cptac_within_cancer_standardized_pooled_sensitivity_v2.csv,7d5d81e6f8bb5dcf7591f83d59713e99a9ee80aa0ece17034c03dbb6ddd3cf13,finite rho > 0,row count,count,TRACEABLE_MACHINE_CHECK
L0076_N08,76,8,0.319,pooled_rho_min,0.318787008844282,fixed3,results/cptac/cptac_within_cancer_standardized_pooled_sensitivity_v2.csv,7d5d81e6f8bb5dcf7591f83d59713e99a9ee80aa0ece17034c03dbb6ddd3cf13,finite rows,within_cancer_standardized_pooled_spearman_rho,minimum,TRACEABLE_MACHINE_CHECK
L0076_N09,76,9,0.866,pooled_rho_max,0.866281400913768,fixed3,results/cptac/cptac_within_cancer_standardized_pooled_sensitivity_v2.csv,7d5d81e6f8bb5dcf7591f83d59713e99a9ee80aa0ece17034c03dbb6ddd3cf13,finite rows,within_cancer_standardized_pooled_spearman_rho,maximum,TRACEABLE_MACHINE_CHECK
L0080_N01,80,1,129,residual_strata,129,int,results/cptac/cptac_residual_model_diagnostics_v2.csv,b15d7395313d29fa836dd82a3aa4272dc31f93c1ee849d3a1ccaad0b8ba8147b,status=evaluable,row count,count,TRACEABLE_MACHINE_CHECK
L0080_N02,80,2,640,residual_registry,640,int,results/cptac/cptac_residual_context_registry_v2.csv,956034f6174a416d3fed4e4954e44d854f40f18ee5ab126855d5dd13147848f5,all rows,row count,count,TRACEABLE_MACHINE_CHECK
L0080_N03,80,3,516,residual_linear_finite,516,int,results/cptac/cptac_residual_context_registry_v2.csv,956034f6174a416d3fed4e4954e44d854f40f18ee5ab126855d5dd13147848f5,linear_p_value finite,row count,count,TRACEABLE_MACHINE_CHECK
L0080_N04,80,4,516,residual_rank_finite,516,int,results/cptac/cptac_residual_context_registry_v2.csv,956034f6174a416d3fed4e4954e44d854f40f18ee5ab126855d5dd13147848f5,rank_p_value finite,row count,count,TRACEABLE_MACHINE_CHECK
L0080_N05,80,5,35,residual_linear_supported,35,int,results/cptac/cptac_residual_context_registry_v2.csv,956034f6174a416d3fed4e4954e44d854f40f18ee5ab126855d5dd13147848f5,linear_q_value_bh<0.05,row count,count,TRACEABLE_MACHINE_CHECK
L0080_N06,80,6,52,residual_rank_supported,52,int,results/cptac/cptac_residual_context_registry_v2.csv,956034f6174a416d3fed4e4954e44d854f40f18ee5ab126855d5dd13147848f5,rank_q_value_bh<0.05,row count,count,TRACEABLE_MACHINE_CHECK
L0080_N07,80,7,35,residual_both_supported,35,int,results/cptac/cptac_residual_context_registry_v2.csv,956034f6174a416d3fed4e4954e44d854f40f18ee5ab126855d5dd13147848f5,linear and rank q<0.05,row count,count,TRACEABLE_MACHINE_CHECK
L0080_N08,80,8,11,residual_myeloid_supported,11,int,results/cptac/cptac_residual_context_registry_v2.csv,956034f6174a416d3fed4e4954e44d854f40f18ee5ab126855d5dd13147848f5,context_variable=cibersort_myeloid; linear_q_value_bh<0.05,row count,count,TRACEABLE_MACHINE_CHECK
L0080_N09,80,9,5,residual_tcell_supported,5,int,results/cptac/cptac_residual_context_registry_v2.csv,956034f6174a416d3fed4e4954e44d854f40f18ee5ab126855d5dd13147848f5,context_variable=cibersort_t_cell; linear_q_value_bh<0.05,row count,count,TRACEABLE_MACHINE_CHECK
L0080_N10,80,10,10,residual_estimate_supported,10,int,results/cptac/cptac_residual_context_registry_v2.csv,956034f6174a416d3fed4e4954e44d854f40f18ee5ab126855d5dd13147848f5,context_variable=estimate_immune_score; linear_q_value_bh<0.05,row count,count,TRACEABLE_MACHINE_CHECK
L0080_N11,80,11,9,residual_purity_supported,9,int,results/cptac/cptac_residual_context_registry_v2.csv,956034f6174a416d3fed4e4954e44d854f40f18ee5ab126855d5dd13147848f5,context_variable=estimate_tumor_purity; linear_q_value_bh<0.05,row count,count,TRACEABLE_MACHINE_CHECK
L0084_N01,84,1,4780,tcga_patients,4780,int,results/support_layers_summary_v2.json,3762bec831a769ef445aa3f2eb9662f16148f7f6bbc95f39c400d41529076963,.tcga.primary_tumor_patients,value,JSON field,TRACEABLE_MACHINE_CHECK
L0084_N02,84,2,4780,tcga_samples,4780,int,results/support_layers_summary_v2.json,3762bec831a769ef445aa3f2eb9662f16148f7f6bbc95f39c400d41529076963,.tcga.scored_samples,value,JSON field,TRACEABLE_MACHINE_CHECK
L0084_N03,84,3,5440,tcga_corr_rows,5440,int,results/tcga/tcga_xena_68immune_within_cancer_correlations_v0_5.csv,cb9bfc2099c5d937b87434a4307a332d1409a81ae6d014941e8a9d4553110aac,all rows,row count,count,TRACEABLE_MACHINE_CHECK
L0084_N04,84,4,4850,tcga_supported,4850,int,results/tcga/tcga_xena_68immune_within_cancer_correlations_v0_5.csv,cb9bfc2099c5d937b87434a4307a332d1409a81ae6d014941e8a9d4553110aac,fdr_bh<0.05,row count,count,TRACEABLE_MACHINE_CHECK
L0084_N05,84,5,0.05,tcga_q_cutoff,0.05,fixed2,current_p2_closure/executed_code/run_pan_cancer_proteomic_immune_evasion_v0_5_tcga_sensitivity.py,219d3e3ca81377b897172830ce4741fb207beb9d97700b29d4de2858abcaf584,meta-summary line 304,fdr_bh threshold,executed TCGA support-summary literal,TRACEABLE_MACHINE_CHECK
L0084_N06,84,6,0.838,tcga_anchor_min,0.8383024827659102,fixed3,results/tcga/tcga_xena_signature_summary_v0_5.csv,9c806e5a584bfa2a3aac6ab888edc8ff3634d179fbacbb415e89e662a4702f5c,signature_label!=Proteasome,selected_anchor_median_rho,minimum,TRACEABLE_MACHINE_CHECK
L0084_N07,84,7,0.963,tcga_anchor_max,0.962572704370856,fixed3,results/tcga/tcga_xena_signature_summary_v0_5.csv,9c806e5a584bfa2a3aac6ab888edc8ff3634d179fbacbb415e89e662a4702f5c,signature_label!=Proteasome,selected_anchor_median_rho,maximum,TRACEABLE_MACHINE_CHECK
L0084_N08,84,8,1.000,tcga_anchor_positive,1.0,fixed3,results/tcga/tcga_xena_signature_summary_v0_5.csv,9c806e5a584bfa2a3aac6ab888edc8ff3634d179fbacbb415e89e662a4702f5c,signature_label!=Proteasome,selected_anchor_min_positive_cancer_fraction,minimum,TRACEABLE_MACHINE_CHECK
L0084_N09,84,9,0.337,tcga_proteasome,0.3368169892587768,fixed3,results/tcga/tcga_xena_signature_summary_v0_5.csv,9c806e5a584bfa2a3aac6ab888edc8ff3634d179fbacbb415e89e662a4702f5c,signature_label=Proteasome,selected_anchor_median_rho,direct cell,TRACEABLE_MACHINE_CHECK
L0084_N10,84,10,8,tcga_subtype_tests,8,int,results/tcga/tcga_xena_immune_subtype_tests_v0_5.csv,4078a7012ff4322c6deb55a900db2d62fa8ff7d6ece9201d2b107c856eeb2c3f,all rows,row count,count,TRACEABLE_MACHINE_CHECK
L0084_N11,84,11,4,tcga_c5_n,4,int,results/tcga/tcga_xena_immune_subtype_summary_v0_5.csv,bcb08ffa28093e16b4dd3cdcac40ceef1e5a7bf0d42f94440029517a363f9ddb,immune_subtype_short=Immune C5,n,maximum,TRACEABLE_MACHINE_CHECK
L0088_N01,88,1,87,apollo_luad_ifng_n,87,int,results/apollo/apollo_concordance_registry_v2.csv,8b973fdd2d831f1f4d8c06d1855def025786e2d42630ddea4d16562ef5823ec9,cohort_label=APOLLO-LUAD; comparison_layer=proteomics; program=ifn_gamma_response,matched_sample_n,direct cell,TRACEABLE_MACHINE_CHECK
L0088_N02,88,2,70,apollo_ov_ifng_n,70,int,results/apollo/apollo_concordance_registry_v2.csv,8b973fdd2d831f1f4d8c06d1855def025786e2d42630ddea4d16562ef5823ec9,cohort_label=APOLLO-OV; comparison_layer=proteomics; program=ifn_gamma_response,matched_sample_n,direct cell,TRACEABLE_MACHINE_CHECK
L0088_N03,88,3,24,apollo_registered_rows,24,int,results/apollo/apollo_concordance_registry_v2.csv,8b973fdd2d831f1f4d8c06d1855def025786e2d42630ddea4d16562ef5823ec9,all rows,row count,count,TRACEABLE_MACHINE_CHECK
L0088_N04,88,4,17,apollo_evaluable,17,int,results/apollo/apollo_concordance_registry_v2.csv,8b973fdd2d831f1f4d8c06d1855def025786e2d42630ddea4d16562ef5823ec9,status=evaluable,row count,count,TRACEABLE_MACHINE_CHECK
L0088_N05,88,5,11,apollo_supported,11,int,results/apollo/apollo_concordance_registry_v2.csv,8b973fdd2d831f1f4d8c06d1855def025786e2d42630ddea4d16562ef5823ec9,evidence_status=supported,row count,count,TRACEABLE_MACHINE_CHECK
L0088_N06,88,6,1,apollo_opposite,1,int,results/apollo/apollo_concordance_registry_v2.csv,8b973fdd2d831f1f4d8c06d1855def025786e2d42630ddea4d16562ef5823ec9,evidence_status=opposite,row count,count,TRACEABLE_MACHINE_CHECK
L0088_N07,88,7,5,apollo_null,5,int,results/apollo/apollo_concordance_registry_v2.csv,8b973fdd2d831f1f4d8c06d1855def025786e2d42630ddea4d16562ef5823ec9,evidence_status=null_result,row count,count,TRACEABLE_MACHINE_CHECK
L0088_N08,88,8,7,apollo_not_evaluable,7,int,results/apollo/apollo_concordance_registry_v2.csv,8b973fdd2d831f1f4d8c06d1855def025786e2d42630ddea4d16562ef5823ec9,evidence_status=not_evaluable,row count,count,TRACEABLE_MACHINE_CHECK
L0088_N09,88,9,10,apollo_min_n,10,int,code/postprocess_support_v2.py,929eb04be83eae14bc63a7bc9ccdf5bb17a8e9193862bdc3066c83b38ebdc34b,apollo_registry lines 119-128,matched n gate,code literal,TRACEABLE_MACHINE_CHECK
L0088_N10,88,10,0.894,apollo_luad_ifng_rho,0.893836115768754,fixed3,results/apollo/apollo_concordance_registry_v2.csv,8b973fdd2d831f1f4d8c06d1855def025786e2d42630ddea4d16562ef5823ec9,cohort_label=APOLLO-LUAD; comparison_layer=proteomics; program=ifn_gamma_response,spearman_rho,direct cell,TRACEABLE_MACHINE_CHECK
L0088_N11,88,11,95,apollo_ci_percent,95,int,code/postprocess_support_v2.py,929eb04be83eae14bc63a7bc9ccdf5bb17a8e9193862bdc3066c83b38ebdc34b,spearman_ci lines 82-87,two-sided nominal confidence level,coverage implied by the executed 1.9599639845 normal critical value,TRACEABLE_MACHINE_CHECK
L0088_N12,88,12,0.842,apollo_luad_ifng_ci_low,0.8416597900978822,fixed3,results/apollo/apollo_concordance_registry_v2.csv,8b973fdd2d831f1f4d8c06d1855def025786e2d42630ddea4d16562ef5823ec9,cohort_label=APOLLO-LUAD; comparison_layer=proteomics; program=ifn_gamma_response,ci_lower,direct cell,TRACEABLE_MACHINE_CHECK
L0088_N13,88,13,0.929,apollo_luad_ifng_ci_high,0.9294776536039008,fixed3,results/apollo/apollo_concordance_registry_v2.csv,8b973fdd2d831f1f4d8c06d1855def025786e2d42630ddea4d16562ef5823ec9,cohort_label=APOLLO-LUAD; comparison_layer=proteomics; program=ifn_gamma_response,ci_upper,direct cell,TRACEABLE_MACHINE_CHECK
L0088_N14,88,14,1.42e-30,apollo_luad_ifng_q,1.4212317009152136e-30,sci3,results/apollo/apollo_concordance_registry_v2.csv,8b973fdd2d831f1f4d8c06d1855def025786e2d42630ddea4d16562ef5823ec9,cohort_label=APOLLO-LUAD; comparison_layer=proteomics; program=ifn_gamma_response,q_value_bh,direct cell,TRACEABLE_MACHINE_CHECK
L0088_N15,88,15,0.907,apollo_ov_ifng_rho,0.9065348613419648,fixed3,results/apollo/apollo_concordance_registry_v2.csv,8b973fdd2d831f1f4d8c06d1855def025786e2d42630ddea4d16562ef5823ec9,cohort_label=APOLLO-OV; comparison_layer=proteomics; program=ifn_gamma_response,spearman_rho,direct cell,TRACEABLE_MACHINE_CHECK
L0088_N16,88,16,95,apollo_ci_percent,95,int,code/postprocess_support_v2.py,929eb04be83eae14bc63a7bc9ccdf5bb17a8e9193862bdc3066c83b38ebdc34b,spearman_ci lines 82-87,two-sided nominal confidence level,coverage implied by the executed 1.9599639845 normal critical value,TRACEABLE_MACHINE_CHECK
L0088_N17,88,17,0.853,apollo_ov_ifng_ci_low,0.8533306238183797,fixed3,results/apollo/apollo_concordance_registry_v2.csv,8b973fdd2d831f1f4d8c06d1855def025786e2d42630ddea4d16562ef5823ec9,cohort_label=APOLLO-OV; comparison_layer=proteomics; program=ifn_gamma_response,ci_lower,direct cell,TRACEABLE_MACHINE_CHECK
L0088_N18,88,18,0.941,apollo_ov_ifng_ci_high,0.9410531381691593,fixed3,results/apollo/apollo_concordance_registry_v2.csv,8b973fdd2d831f1f4d8c06d1855def025786e2d42630ddea4d16562ef5823ec9,cohort_label=APOLLO-OV; comparison_layer=proteomics; program=ifn_gamma_response,ci_upper,direct cell,TRACEABLE_MACHINE_CHECK
L0088_N19,88,19,2.16e-26,apollo_ov_ifng_q,2.1573974898962963e-26,sci3,results/apollo/apollo_concordance_registry_v2.csv,8b973fdd2d831f1f4d8c06d1855def025786e2d42630ddea4d16562ef5823ec9,cohort_label=APOLLO-OV; comparison_layer=proteomics; program=ifn_gamma_response,q_value_bh,direct cell,TRACEABLE_MACHINE_CHECK
L0088_N20,88,20,-0.281,apollo_luad_ifng_opposite_rho,-0.2808923233943282,fixed3,results/apollo/apollo_concordance_registry_v2.csv,8b973fdd2d831f1f4d8c06d1855def025786e2d42630ddea4d16562ef5823ec9,cohort_label=APOLLO-LUAD; comparison_layer=phosphoproteomics; program=ifn_gamma_response,spearman_rho,direct cell,TRACEABLE_MACHINE_CHECK
L0088_N21,88,21,95,apollo_ci_percent,95,int,code/postprocess_support_v2.py,929eb04be83eae14bc63a7bc9ccdf5bb17a8e9193862bdc3066c83b38ebdc34b,spearman_ci lines 82-87,two-sided nominal confidence level,coverage implied by the executed 1.9599639845 normal critical value,TRACEABLE_MACHINE_CHECK
L0088_N22,88,22,-0.464,apollo_luad_ifng_opposite_ci_low,-0.464081137844221,fixed3,results/apollo/apollo_concordance_registry_v2.csv,8b973fdd2d831f1f4d8c06d1855def025786e2d42630ddea4d16562ef5823ec9,cohort_label=APOLLO-LUAD; comparison_layer=phosphoproteomics; program=ifn_gamma_response,ci_lower,direct cell,TRACEABLE_MACHINE_CHECK
L0088_N23,88,23,-0.075,apollo_luad_ifng_opposite_ci_high,-0.0746617684764181,fixed3,results/apollo/apollo_concordance_registry_v2.csv,8b973fdd2d831f1f4d8c06d1855def025786e2d42630ddea4d16562ef5823ec9,cohort_label=APOLLO-LUAD; comparison_layer=phosphoproteomics; program=ifn_gamma_response,ci_upper,direct cell,TRACEABLE_MACHINE_CHECK
L0088_N24,88,24,0.042,apollo_luad_ifng_opposite_q,0.0420216964376724,fixed3,results/apollo/apollo_concordance_registry_v2.csv,8b973fdd2d831f1f4d8c06d1855def025786e2d42630ddea4d16562ef5823ec9,cohort_label=APOLLO-LUAD; comparison_layer=phosphoproteomics; program=ifn_gamma_response,q_value_bh,direct cell,TRACEABLE_MACHINE_CHECK
L0092_N01,92,1,345,scrna_donors,345,int,results/support_layers_summary_v2.json,3762bec831a769ef445aa3f2eb9662f16148f7f6bbc95f39c400d41529076963,.single_cell.unique_donor_units,value,JSON field,TRACEABLE_MACHINE_CHECK
L0092_N02,92,2,10,scrna_sources,10,int,results/support_layers_summary_v2.json,3762bec831a769ef445aa3f2eb9662f16148f7f6bbc95f39c400d41529076963,.single_cell.unique_source_ids,value,JSON field,TRACEABLE_MACHINE_CHECK
L0092_N03,92,3,24,scrna_pooled_rows,24,int,results/scrna_combined/public_scrna_global_wilcoxon_registry_v2.csv,4ba04094edd488a2f782ad7a7a59dea57ba240544c844d07748cd8057cb1d0b2,all rows,row count,count,TRACEABLE_MACHINE_CHECK
L0092_N04,92,4,256,scrna_evaluable,256,int,results/scrna_combined/public_scrna_within_source_wilcoxon_registry_v2.csv,f97bc48ed487267201a695674f7e3ec54fe887177e7c907bef05448f04d2ea77,status=evaluable,row count,count,TRACEABLE_MACHINE_CHECK
L0092_N05,92,5,116,scrna_supported,116,int,results/scrna_combined/public_scrna_within_source_wilcoxon_registry_v2.csv,f97bc48ed487267201a695674f7e3ec54fe887177e7c907bef05448f04d2ea77,within_source_support_window=True,row count,count,TRACEABLE_MACHINE_CHECK
L0092_N06,92,6,6,scrna_min_paired_n,6,int,code/postprocess_support_v2.py,929eb04be83eae14bc63a7bc9ccdf5bb17a8e9193862bdc3066c83b38ebdc34b,signed_rank default min_n,minimum paired donors,code literal,TRACEABLE_MACHINE_CHECK
L0092_N07,92,7,42,scrna_positive,42,int,results/scrna_combined/public_scrna_within_source_wilcoxon_registry_v2.csv,f97bc48ed487267201a695674f7e3ec54fe887177e7c907bef05448f04d2ea77,support=True; median_delta>0,row count,count,TRACEABLE_MACHINE_CHECK
L0092_N08,92,8,74,scrna_negative,74,int,results/scrna_combined/public_scrna_within_source_wilcoxon_registry_v2.csv,f97bc48ed487267201a695674f7e3ec54fe887177e7c907bef05448f04d2ea77,support=True; median_delta<0,row count,count,TRACEABLE_MACHINE_CHECK
L0092_N09,92,9,68,scrna_gbm_myeloid_n,68,int,results/scrna_combined/public_scrna_within_source_wilcoxon_registry_v2.csv,f97bc48ed487267201a695674f7e3ec54fe887177e7c907bef05448f04d2ea77,source_id=999f2a15-3d7e-440b-96ae-2c806799c08c; cancer_code=gbm; program=myeloid_inflammatory_context; contrast=malignant_minus_immune,paired_donor_n,direct cell,TRACEABLE_MACHINE_CHECK
L0092_N10,92,10,-1.661,scrna_gbm_myeloid_delta,-1.6611932313428497,fixed3,results/scrna_combined/public_scrna_within_source_wilcoxon_registry_v2.csv,f97bc48ed487267201a695674f7e3ec54fe887177e7c907bef05448f04d2ea77,source_id=999f2a15-3d7e-440b-96ae-2c806799c08c; cancer_code=gbm; program=myeloid_inflammatory_context; contrast=malignant_minus_immune,median_delta,direct cell,TRACEABLE_MACHINE_CHECK
L0092_N11,92,11,5.24e-12,scrna_gbm_myeloid_q,5.240402340454951e-12,sci3,results/scrna_combined/public_scrna_within_source_wilcoxon_registry_v2.csv,f97bc48ed487267201a695674f7e3ec54fe887177e7c907bef05448f04d2ea77,source_id=999f2a15-3d7e-440b-96ae-2c806799c08c; cancer_code=gbm; program=myeloid_inflammatory_context; contrast=malignant_minus_immune,q_value_bh,direct cell,TRACEABLE_MACHINE_CHECK
L0092_N12,92,12,68,scrna_gbm_checkpoint_n,68,int,results/scrna_combined/public_scrna_within_source_wilcoxon_registry_v2.csv,f97bc48ed487267201a695674f7e3ec54fe887177e7c907bef05448f04d2ea77,source_id=999f2a15-3d7e-440b-96ae-2c806799c08c; cancer_code=gbm; program=checkpoint_exhaustion_context; contrast=malignant_minus_immune,paired_donor_n,direct cell,TRACEABLE_MACHINE_CHECK
L0092_N13,92,13,-0.822,scrna_gbm_checkpoint_delta,-0.8216763142220621,fixed3,results/scrna_combined/public_scrna_within_source_wilcoxon_registry_v2.csv,f97bc48ed487267201a695674f7e3ec54fe887177e7c907bef05448f04d2ea77,source_id=999f2a15-3d7e-440b-96ae-2c806799c08c; cancer_code=gbm; program=checkpoint_exhaustion_context; contrast=malignant_minus_immune,median_delta,direct cell,TRACEABLE_MACHINE_CHECK
L0092_N14,92,14,5.24e-12,scrna_gbm_checkpoint_q,5.240402340454951e-12,sci3,results/scrna_combined/public_scrna_within_source_wilcoxon_registry_v2.csv,f97bc48ed487267201a695674f7e3ec54fe887177e7c907bef05448f04d2ea77,source_id=999f2a15-3d7e-440b-96ae-2c806799c08c; cancer_code=gbm; program=checkpoint_exhaustion_context; contrast=malignant_minus_immune,q_value_bh,direct cell,TRACEABLE_MACHINE_CHECK
L0092_N15,92,15,68,scrna_gbm_proteasome_n,68,int,results/scrna_combined/public_scrna_within_source_wilcoxon_registry_v2.csv,f97bc48ed487267201a695674f7e3ec54fe887177e7c907bef05448f04d2ea77,source_id=999f2a15-3d7e-440b-96ae-2c806799c08c; cancer_code=gbm; program=proteasome_antigen_processing; contrast=malignant_minus_immune,paired_donor_n,direct cell,TRACEABLE_MACHINE_CHECK
L0092_N16,92,16,0.484,scrna_gbm_proteasome_delta,0.4842884621004569,fixed3,results/scrna_combined/public_scrna_within_source_wilcoxon_registry_v2.csv,f97bc48ed487267201a695674f7e3ec54fe887177e7c907bef05448f04d2ea77,source_id=999f2a15-3d7e-440b-96ae-2c806799c08c; cancer_code=gbm; program=proteasome_antigen_processing; contrast=malignant_minus_immune,median_delta,direct cell,TRACEABLE_MACHINE_CHECK
L0092_N17,92,17,5.24e-12,scrna_gbm_proteasome_q,5.240402340454951e-12,sci3,results/scrna_combined/public_scrna_within_source_wilcoxon_registry_v2.csv,f97bc48ed487267201a695674f7e3ec54fe887177e7c907bef05448f04d2ea77,source_id=999f2a15-3d7e-440b-96ae-2c806799c08c; cancer_code=gbm; program=proteasome_antigen_processing; contrast=malignant_minus_immune,q_value_bh,direct cell,TRACEABLE_MACHINE_CHECK
L0093_N01,93,1,10,scrna_sensitivity_n,10,int,code/postprocess_support_v2.py,929eb04be83eae14bc63a7bc9ccdf5bb17a8e9193862bdc3066c83b38ebdc34b,n_ge_10_sensitivity_window,paired donor threshold,code literal,TRACEABLE_MACHINE_CHECK
L0093_N02,93,2,85,scrna_sensitivity_supported,85,int,results/scrna_combined/public_scrna_within_source_wilcoxon_registry_v2.csv,f97bc48ed487267201a695674f7e3ec54fe887177e7c907bef05448f04d2ea77,n_ge_10_sensitivity_window=True,row count,count,TRACEABLE_MACHINE_CHECK
L0093_N03,93,3,31,scrna_sensitivity_positive,31,int,results/scrna_combined/public_scrna_within_source_wilcoxon_registry_v2.csv,f97bc48ed487267201a695674f7e3ec54fe887177e7c907bef05448f04d2ea77,n_ge_10_sensitivity_window=True; median_delta>0,row count,count,TRACEABLE_MACHINE_CHECK
L0093_N04,93,4,54,scrna_sensitivity_negative,54,int,results/scrna_combined/public_scrna_within_source_wilcoxon_registry_v2.csv,f97bc48ed487267201a695674f7e3ec54fe887177e7c907bef05448f04d2ea77,n_ge_10_sensitivity_window=True; median_delta<0,row count,count,TRACEABLE_MACHINE_CHECK
L0094_N01,94,1,4,spatial_sample_n,4,int,results/spatial/spatial_brca_pairwise_contrasts_v0_7.csv,430e02e777824a141ae093355f9124798166f4215d0643b135de9eea3410322c,all rows,paired_sample_n,single unique value,TRACEABLE_MACHINE_CHECK
L0094_N02,94,2,24,spatial_rows,24,int,results/spatial/spatial_brca_pairwise_contrasts_v0_7.csv,430e02e777824a141ae093355f9124798166f4215d0643b135de9eea3410322c,all rows,row count,count,TRACEABLE_MACHINE_CHECK
L0094_N03,94,3,4,spatial_mhci_n,4,int,results/spatial/spatial_brca_pairwise_contrasts_v0_7.csv,430e02e777824a141ae093355f9124798166f4215d0643b135de9eea3410322c,signature_label=MHC-I; contrast=immune_minus_stromal,paired_sample_n,direct cell,TRACEABLE_MACHINE_CHECK
L0094_N04,94,4,0.299,spatial_mhci_delta,0.2991777728617576,fixed3,results/spatial/spatial_brca_pairwise_contrasts_v0_7.csv,430e02e777824a141ae093355f9124798166f4215d0643b135de9eea3410322c,signature_label=MHC-I; contrast=immune_minus_stromal,median_delta,direct cell,TRACEABLE_MACHINE_CHECK
L0094_N05,94,5,-0.348,spatial_cytolytic_delta,-0.3481646045218461,fixed3,results/spatial/spatial_brca_pairwise_contrasts_v0_7.csv,430e02e777824a141ae093355f9124798166f4215d0643b135de9eea3410322c,signature_label=Cytolytic; contrast=malignant_minus_immune,median_delta,direct cell,TRACEABLE_MACHINE_CHECK
