source_id,file_name,accessions,role,public_url,bytes,sha256,local_checksum_verified,redistribution
S0001,cptac_python_processed,,source asset,,1088,,True,NOT_ASSESSED
S0002,signature_gene_sets_v0_1.csv,,source asset,,23230,b631094186b4f1a69f3e2ee8b948009f10f4b7ad0b644cd1cf446e4152c46ef1,True,NOT_ASSESSED
S0003,cptac_sample_map_v0_1.csv,,source asset,,1894525,8d0c1f31005d7bea219319e04fa4727cebcad5e59a1a777f907c0cccc00b16bf,True,NOT_ASSESSED
S0004,cptac_case_layer_coverage_v0_1.csv,,source asset,,204994,0961d49b602d52a64fe95f0d9e6c3328ae26b81c3c33474a59cfd52bb8fa1488,True,NOT_ASSESSED
S0005,cptac_bcm_transcriptomics_download_manifest_v0_4.csv,,source asset,,3213,1115881b503c0513f097d7998cac47b841cb70b97bc956f97cceff32bba4979e,True,NOT_ASSESSED
S0006,tcga_xena_pancanatlas,,source asset,,288,,True,NOT_ASSESSED
S0007,proteogenomics,,source asset,,224,,True,NOT_ASSESSED
S0008,bio05_public_validation_queue_20260730.tsv,,source asset,,4363,daadd1b5aab405f7805a70680266f78de7568a9b141a0a72168c99713c2e6997,True,NOT_ASSESSED
S0009,3ca,,source asset,,192,,True,NOT_ASSESSED
S0010,bio05_brca_spatial_queue_20260730.tsv,,source asset,,1338,edd0ac7e6518a729e18cce486f831073dbcb6b9627aff13584b9370da7b17e03,True,NOT_ASSESSED
S0011,depmap,,source asset,,288,,True,NOT_ASSESSED
S0012,RUNBOOK.md,,source asset,,3846,7a7b07db3be27a4464483ec352c8eab0ca5262359ecd3bafd2e06cf7715d97fa,True,NOT_ASSESSED
S0013,run_pan_cancer_proteomic_immune_evasion_discovery_v0_1.py,,source asset,,41093,79d050d282f361af325b03c248ed8c9044fda6f9dbea439a24c02c0a20944abf,True,NOT_ASSESSED
S0014,run_pan_cancer_proteomic_immune_evasion_v0_2_controls_rna_depmap.py,,source asset,,48930,adeee39f677fe0e065d8be399f1b9e9702ce4cbbe7ab7ff0c60c13f53c7b3862,True,NOT_ASSESSED
S0015,run_pan_cancer_proteomic_immune_evasion_v0_3_phosphosite_depmap_mechanism.py,,source asset,,54374,43ee9ad42e62092b4a38618cdab2f601065be81b7d4dacd624720125f32dd969,True,NOT_ASSESSED
S0016,run_pan_cancer_proteomic_immune_evasion_v0_4_matched_rna_source_decomposition.py,,source asset,,58550,7219aaeda5b19267134f38637eb52a05a45fc406ce8679be754b9b5c6f283b8f,True,NOT_ASSESSED
S0017,run_pan_cancer_proteomic_immune_evasion_v0_5_tcga_sensitivity.py,,source asset,,30052,219d3e3ca81377b897172830ce4741fb207beb9d97700b29d4de2858abcaf584,True,NOT_ASSESSED
S0018,run_bio05_apollo_external_cohort_v0_7.py,,source asset,,18337,9cd4e6ac5a60796b586ef6fc80b493f4bb78361b6a423d90c89ed3c17570e540,True,NOT_ASSESSED
S0019,run_bio05_scrna_source_mapping_v0_7.py,,source asset,,26254,1be40375f196ef4c6e73c1f053c3ec4565eee4e51613bb67b57009019adf918c,True,NOT_ASSESSED
S0020,run_bio05_3ca_source_mapping_v0_8.py,,source asset,,18151,f12e082be24e08a2b87d0fbf236ab14857b442d4eecbbebdd451d6d49ccd48d2,True,NOT_ASSESSED
S0021,run_bio05_brca_spatial_triangulation_v0_7.py,,source asset,,16408,61f68f814db41476da38fb90af4f59cf16c3f7d20ca3ebc0b2102dd6c55f8e71,True,NOT_ASSESSED
S0022,assemble_bio05_public_source_mapping_v0_8.py,,source asset,,15777,ee71fb27e1b155b866c6aa55b25f67ed0eacae8667c2b85b69ad0ba80f61ba2a,True,NOT_ASSESSED
S0023,build_bio05_round3_support_tables_v0_8.py,,source asset,,23710,63ae1640f2215eec3a5c3e6708184352853436a80aa3b1bb9516467be78ed10e,True,NOT_ASSESSED
S0024,.env.example,,source asset,,103,278e0d5b10cfdb466b5a6f18100dabc6d2e1e7ba858286dad34fd93c139af016,True,NOT_ASSESSED
S0025,requirements-direct.lock,,source asset,,106,7637cc73341642889588326fdc544e80b78e8217de6df86aab380bed6ba032f1,True,NOT_ASSESSED
S0026,BRCA-gene_RSEM_tumor_normal_UQ_log2(x+1)_BCM.txt.gz,,source asset,,7264462,4823afc443eea101a004a3e237f4ef98d5bf3c95caa683ffea0484147eeb8754,True,NOT_ASSESSED
S0027,BRCA_phospho_site_abundance_log2_reference_intensity_normalized_Tumor.txt,,source asset,,50633530,64b2f52e9148747a0380b088892cd5d31cce6ac044c97e8bef88d599e084e190,True,NOT_ASSESSED
S0028,BRCA_proteomics_gene_abundance_log2_reference_intensity_normalized_Tumor.txt.gz,,source asset,,9480132,e42744563db3d4be060d814f5c3eb6ab2c775075254afab9e96494f715804fe9,True,NOT_ASSESSED
S0029,CCRCC-gene_rsem_removed_circRNA_tumor_normal_UQ_log2(x+1)_BCM.txt.gz,,source asset,,12923771,23e91730fa2039cd45ef3013dda3d794c718a289a9317c848e9aa31d381f62a8,True,NOT_ASSESSED
S0030,CCRCC_phospho_site_abundance_log2_reference_intensity_normalized_Tumor.txt,,source asset,,46018835,e373b43f03df3ddb5c648f5af4b57e4caa61e767c911dfd5aa1b3ded1b772d98,True,NOT_ASSESSED
S0031,CCRCC_proteomics_gene_abundance_log2_reference_intensity_normalized_Tumor.txt.gz,,source asset,,7315241,332fae39663b095bf9de8596ef9d3a5ef077d80964d2c439d613ae79b999b401,True,NOT_ASSESSED
S0032,COAD_phospho_site_abundance_log2_reference_intensity_normalized_Tumor.txt,,source asset,,30662724,dfa526d0ec65755195269148edd5c4f87079a32645ef8cdb78fac7cd07167c4b,True,NOT_ASSESSED
S0033,COAD_proteomics_gene_abundance_log2_reference_intensity_normalized_Tumor.txt.gz,,source asset,,5383204,ec6760f51d834eebc20413ff0ebcee4cec99f49c753b420854ab3c7bd2324438,True,NOT_ASSESSED
S0034,CRC-gene_RSEM_tumor_normal_UQ_log2(x+1)_BCM.txt.gz,,source asset,,5681583,f7ff5ff936b5242cf6e709d37060b7b09d7b4d0e56e8b85f6d32392ef045b342,True,NOT_ASSESSED
S0035,GBM-gene_rsem_removed_circRNA_tumor_normal_UQ_log2(x+1)_BCM.txt.gz,,source asset,,7371499,ac280fa7fd18282ed7e1631c1a20cc453b83fd6906767ec962b96598483397f0,True,NOT_ASSESSED
S0036,GBM_phospho_site_abundance_log2_reference_intensity_normalized_Tumor.txt,,source asset,,65019693,6dfbe3a23e70fabb428b81b30ec3493a96cbb09ca7cf9c48e0d093f777f6c467,True,NOT_ASSESSED
S0037,GBM_proteomics_gene_abundance_log2_reference_intensity_normalized_Tumor.txt.gz,,source asset,,8032786,9a35dbfda67701e3a5455de4e0a121eac4d79765402c0ae97cc7bd2888b0f4ef,True,NOT_ASSESSED
S0038,HNSCC-gene_rsem_removed_circRNA_tumor_normal_UQ_log2(x+1)_BCM.txt.gz,,source asset,,11979018,c60e014b822d4d5dbea25d946de2fea134c0093770b3417531fdfda91cb655d2,True,NOT_ASSESSED
S0039,HNSCC_phospho_site_abundance_log2_reference_intensity_normalized_Tumor.txt,,source asset,,54793177,c793e056d97bb39dd11e0490f3ff44d8af9b2b5e368c609ca99912b38603e861,True,NOT_ASSESSED
S0040,HNSCC_proteomics_gene_abundance_log2_reference_intensity_normalized_Tumor.txt.gz,,source asset,,8046367,be6d0527b8d282fcd7271473028a18caef4b0c71b6347a2b9344d156ccb14fcb,True,NOT_ASSESSED
S0041,LSCC-gene_rsem_removed_circRNA_tumor_normal_UQ_log2(x+1)_BCM.txt.gz,,source asset,,14887786,17f6263c9e634de886c79c98273f8e5cb4e49114b9ff8ff31457c163bc868e6e,True,NOT_ASSESSED
S0042,LSCC_phospho_site_abundance_log2_reference_intensity_normalized_Tumor.txt,,source asset,,62042879,e14fe8506376ed8f755b6066873756971013d6371092d1b7e9e7644f1e370077,True,NOT_ASSESSED
S0043,LSCC_proteomics_gene_abundance_log2_reference_intensity_normalized_Tumor.txt.gz,,source asset,,9191334,9a53bae94fffc33c44a7c594b923b3f2948c2508d80796097fe784cec5f7c441,True,NOT_ASSESSED
S0044,LUAD-gene_rsem_removed_circRNA_tumor_normal_UQ_log2(x+1)_BCM.txt.gz,,source asset,,14875822,e852160a3c11805475b1818cd1fcc447a9958f49745b5f3f1d60228aa6f82678,True,NOT_ASSESSED
S0045,LUAD_phospho_site_abundance_log2_reference_intensity_normalized_Tumor.txt,,source asset,,55904438,8fbe8004c4b8a517fa848b8ae2316053a03969b74d398156c8643cbc4ca55d8a,True,NOT_ASSESSED
S0046,LUAD_proteomics_gene_abundance_log2_reference_intensity_normalized_Tumor.txt.gz,,source asset,,8625334,f02a79d3ec697ce6066205357ccd8cb8358591512e82a43ee050aab71160bc73,True,NOT_ASSESSED
S0047,OV-gene_RSEM_tumor_normal_UQ_log2(x+1)_BCM.txt.gz,,source asset,,5337223,84b321f6b03d46c3fa40d4ed1509af2b5333a7dd043ecc6bf78674bbd2a34874,True,NOT_ASSESSED
S0048,OV_phospho_site_abundance_log2_reference_intensity_normalized_Tumor.txt,,source asset,,29097272,509b6daee400feff78896eda5b9ce3ddba13ffb45e94f4165711834b0a0a943e,True,NOT_ASSESSED
S0049,OV_proteomics_gene_abundance_log2_reference_intensity_normalized_Tumor.txt.gz,,source asset,,5510992,d6128ab8b112dbdb0b97e85ee486ef5c9b6e1374082f1e86127e87037c0859b5,True,NOT_ASSESSED
S0050,PDAC-gene_rsem_removed_circRNA_tumor_normal_UQ_log2(x+1)_BCM.txt.gz,,source asset,,14701755,e0bbed598d2d123a37df1013c00dae3e298d81241f86fcbcd4d6da7380c830fd,True,NOT_ASSESSED
S0051,PDAC_phospho_site_abundance_log2_reference_intensity_normalized_Tumor.txt,,source asset,,48706052,be6834314f24daaebab9f56ad5736e314af87d7868115963e25b9e82aaf1a89f,True,NOT_ASSESSED
S0052,PDAC_proteomics_gene_abundance_log2_reference_intensity_normalized_Tumor.txt.gz,,source asset,,7382441,682b725cef0f2f815f6dc1b3966376450d414c30ffc2a561ca78a1211038375f,True,NOT_ASSESSED
S0053,UCEC-gene_rsem_removed_circRNA_tumor_normal_UQ_log2(x+1)_BCM.txt.gz,,source asset,,8500206,d7a70b257487dd5275aaa9e0fd75c94efaa5678102bb0354e46aaccb31866eee,True,NOT_ASSESSED
S0054,UCEC_phospho_site_abundance_log2_reference_intensity_normalized_Tumor.txt,,source asset,,57212205,0cb6fe7b534b00018cffbc77a64d014f72571baa4b49ad4fc4009cb060c0c70f,True,NOT_ASSESSED
S0055,UCEC_proteomics_gene_abundance_log2_reference_intensity_normalized_Tumor.txt.gz,,source asset,,7335302,8a540d75c6b93fe3321a6a86a50022f41104a2ca2083e5e907f59dcceb72b079,True,NOT_ASSESSED
S0056,CPTAC_pancan_RNA_tumor_purity_ESTIMATE_WashU.tsv.gz,,source asset,,31055,6d98e603a8be59c481fd391ee924cf7ad4e38d9642f9c379dfdaec3dc611a1a0,True,NOT_ASSESSED
S0057,BR_xCell.txt.gz,,source asset,,12430,fe87ee23c1ec6516be8fe6820197b8e836a0a01e6adffe1267f2cac3f71e5003,True,NOT_ASSESSED
S0058,CIBERSORT.Output_Abs_BR.txt.gz,,source asset,,19948,c26092458fc4172bb50442178799fd925bd205779ab661471fa0d17625e89a16,True,NOT_ASSESSED
S0059,CIBERSORT.Output_Abs_ccRCC.txt.gz,,source asset,,27455,9cd12996be5d926bb9ca7143c19f2589a0b3803a2ddf0799b7ac2d006b2f62d4,True,NOT_ASSESSED
S0060,ccRCC_xCell.txt.gz,,source asset,,16145,8682485809469f2271edb3abec1975342c67fb79d86223106ae36ac39e7c4b9b,True,NOT_ASSESSED
S0061,CIBERSORT.Output_Abs_CO.txt.gz,,source asset,,18252,e59fb09a1705c564853c60fd1f10f1b87ce9127f4fe63437962b065a1b4091c5,True,NOT_ASSESSED
S0062,CO_xCell.txt.gz,,source asset,,10977,d907c0501c49fde32b13d28119935e48c08ed73f4f5dfc7e8b32e7de329121d0,True,NOT_ASSESSED
S0063,CIBERSORT.Output_Abs_GBM.txt.gz,,source asset,,14707,7e907eea32b531aee1ac071cb34fa88cc6d859cad368300b4f765fb50971b235,True,NOT_ASSESSED
S0064,GBM_xCell.txt.gz,,source asset,,8889,ede652e05078f4467fa61e11da3338f94b58859f22765ae4db43875c5e2a64b3,True,NOT_ASSESSED
S0065,CIBERSORT.Output_Abs_HNSCC.txt.gz,,source asset,,27882,2740284699b200a38b9ff7e3aee47abb3e23b1da05bb848cc250e41012b8c5f7,True,NOT_ASSESSED
S0066,HNSCC_xCell.txt.gz,,source asset,,18542,98e167a182d3cd5b9a4ca383ab83e463b750509e3bafe33efcec300b0734ae5b,True,NOT_ASSESSED
S0067,CIBERSORT.Output_Abs_LSCC.txt.gz,,source asset,,34751,05727825f819bef8d536e1ac009d720272074d49f56a52a375814e6c27ea58e8,True,NOT_ASSESSED
S0068,LSCC_xCell.txt.gz,,source asset,,22062,c533fbd1fa6603cf4e759f2f3dbadf0a4c76f255e0a433787e8d0b52c316c089,True,NOT_ASSESSED
S0069,CIBERSORT.Output_Abs_LUAD.txt.gz,,source asset,,35918,55ea6b73682612d9b2b2d3a6c3435879cf1265df2e688e47eb644bc1226a8887,True,NOT_ASSESSED
S0070,LUAD_xCell.txt.gz,,source asset,,19933,ad732bff68a1472ca343ee9ab954ede441eeb620b8be843c4090ebc5077b8480,True,NOT_ASSESSED
S0071,CIBERSORT.Output_Abs_OV.txt.gz,,source asset,,13698,985668c8dfe8b82df1ba76381ee8e92c69a234d52239965e59e571ef5a9d5518,True,NOT_ASSESSED
S0072,OV_xCell.txt.gz,,source asset,,8637,9900d392f6ae178fe744133e841d0464cd9cff7fe307777e102aae095854027f,True,NOT_ASSESSED
S0073,CIBERSORT.Output_Abs_PDA.txt.gz,,source asset,,29979,626a279c75bec74bcd38c69a0ed7d30eba427116dd1da21d7fb09b485441dca8,True,NOT_ASSESSED
S0074,PDA_xCell.txt.gz,,source asset,,17852,2662d9088cc80af35a50b74a9a06b2ee78e37e70af90b2e4e43d9224b0eecc79,True,NOT_ASSESSED
S0075,CIBERSORT.Output_Abs_EC.txt.gz,,source asset,,17419,5a02600a6ac374105e251cdae9edac5d282d160ebdefc68b268488e72b17ccaf,True,NOT_ASSESSED
S0076,EC_xCell.txt.gz,,source asset,,11367,857ca165eb2bb54376a7dca3c84b0f163434f5bfec4e0883c07de29eee58024c,True,NOT_ASSESSED
S0077,EB++AdjustPANCAN_IlluminaHiSeq_RNASeqV2.geneExp.xena.gz,,source asset,,331000731,a00532ec86af8c07630c618f10f6277f09c484d0a9c17db5901edf95c7714b38,True,NOT_ASSESSED
S0078,Subtype_Immune_Model_Based.txt.gz,,source asset,,51855,d8c6da1fd2f73ed1c5c0639c66c3928679026dcacd85b52edf3265c65eff6aa5,True,NOT_ASSESSED
S0079,Survival_SupplementalTable_S1_20171025_xena_sp,,source asset,,2419504,a5e704158bb5c51cded8a368accd999dfb259d428e88bbb0c4386078c5df9617,True,NOT_ASSESSED
S0080,TCGA-RPPA-pancan-clean.xena.gz,TCGA-RPPA-pancan-clean.xena.gz,source asset,,5602638,2dca46e09280d2c26f9f83e82ee98c8c41d1b896f2966918529e913bfad1868d,True,NOT_ASSESSED
S0081,TCGASubtype.20170308.tsv.gz,,source asset,,45121,fa8f77e8b1075805befb6b39c0196b66c588c97fcb057d8ab1a2e321c6041975,True,NOT_ASSESSED
S0082,TCGA_pancancer_10852whitelistsamples_68ImmuneSigs.xena.gz,,source asset,,1897559,340ed1081b75d9b4025eb96297e883fed1d79f717dbfdfb9168a24db93840c7e,True,NOT_ASSESSED
S0083,TCGA_phenotype_denseDataOnlyDownload.tsv.gz,,source asset,,61165,ac3923bb155ada3391b653a811f6c8c9c4734593b0c2b0a1555728928d83e5a2,True,NOT_ASSESSED
S0084,cptac_processed_inventory_v0_1.csv,,source asset,,22350,1693f26fb78f78b857a31119918895e07cae0a1505656df799794aaf886eba78,True,NOT_ASSESSED
S0085,tcga_sample_map_v0_1.csv,,source asset,,10704621,beaec0d4165214235fb708e5bff829deaa6fc9c0642659331cff5cd7ba5ffd08,True,NOT_ASSESSED
S0086,public_pan_cancer_download_manifest_v0_1.csv,,source asset,,64858,bcc094ce482a3a764bfde2cec70bd27a42795f39a16e8725558984577e9cdb65,True,NOT_ASSESSED
S0087,Data_Peng2019_Pancreas.tar.gz,,source asset,,230999611,342364581817526d7c16ed9efb576a2b11817f72658c5fe3d2150a231c85be16,True,NOT_ASSESSED
S0088,Data_Regner2021_Ovarian.tar.gz,,source asset,,545920898,2e341c932c35cc219ac6f5196985f5650b55f96e95ad037bdf225c9fc3f29248,True,NOT_ASSESSED
S0089,APOLLO1_Level3_Gprot_v061418_n87.csv,,source asset,https://api.gdc.cancer.gov/data/114425df-2fd3-40b2-8828-6b4143431cba,9060133,621c04d7ee91d4a8295891c03513c872d731aeae772744045d3748040715f2f4,True,NOT_ASSESSED
S0090,APOLLO1_Phospho_Level3_n87.csv,,source asset,https://api.gdc.cancer.gov/data/b401522c-4f86-40d0-94e3-7b2bfc9a645e,11414380,0db827d08454b34f4cf90edc855e5bc9bd9aa0dd66c6d739179b9a3fe2a24713,True,NOT_ASSESSED
S0091,APOLLO_LUAD_RNA_quant_files_20181226.tar.gz,,source asset,https://api.gdc.cancer.gov/data/8e7edd0c-2f7b-483a-b492-8c1d581e9b68,59817578,595c1c41aa23ef2bc1e065285e45a4dda6a5e30d0959c7538e70918b1d6c05e6,True,NOT_ASSESSED
S0092,APOLLO_OV_WholeTumor_GlobalProteomics_imputed.csv,,source asset,https://api.gdc.cancer.gov/data/e9242931-a9fe-4909-aeac-d75761f19620,6953468,77ccf51c52bd8d17ecaced7fbf3bf1b6917d83d0b6574e8126caca342d4a15e7,True,NOT_ASSESSED
S0093,APOLLO_OV_WholeTumor_RNASeq_NormalizedCounts.csv,,source asset,https://api.gdc.cancer.gov/data/dba5a133-9458-44cc-9896-ae7b1039159d,27115782,946e487b92fd6f89ddf7c0b1908e3fea71a4db8aebdfee000187013f0c0b0ac5,True,NOT_ASSESSED
S0094,cellxgene_0bebef1a_luad_histology_20260730.h5ad,,source asset,https://datasets.cellxgene.cziscience.com/229e74ee-9b3e-4ab2-bddb-9eccbac85b48.h5ad,670537560,54a3590d4fe86743757cb95c2e0c60c08819446988951db713f407924ae45068,True,NOT_ASSESSED
S0095,cellxgene_1df8c90d_ccrcc_20260730.h5ad,,source asset,https://datasets.cellxgene.cziscience.com/f77a9049-7cbe-477d-8d3f-b417bba03147.h5ad,232252366,5c1f1e2c8bae4ce1808c6da017440eba4e7d98cb3e2f551c350211e0eb02fff2,True,NOT_ASSESSED
S0096,cellxgene_3f50314f_ccrcc_multiregional_20260730.h5ad,,source asset,https://datasets.cellxgene.cziscience.com/6602fa5a-d663-4fe0-8dc3-90191c3a013b.h5ad,1177999600,9f9fbadfd4113fec0c3772bb80f1e3bef8f49fa5e9553c520fc197b9fa614133,True,NOT_ASSESSED
S0097,cellxgene_3f7c572c_multi_tme_atlas_20260730.h5ad,,source asset,https://datasets.cellxgene.cziscience.com/1b76227b-c731-4807-9487-ad5e4d24e0d0.h5ad,2606540453,af45e178d93599564cf3933c5c6353d79b2a292b5e4861859df5d56630123eb6,True,NOT_ASSESSED
S0098,cellxgene_4d82bd8e_crc_all_cells_20260730.h5ad,,source asset,https://datasets.cellxgene.cziscience.com/3d1f3641-5755-47e2-b797-10317d33fe32.h5ad,3759292109,5dbbcceb50e651bafc7860573762c27bbc554c7b84300da4865ac09b0ce203a7,True,NOT_ASSESSED
S0099,cellxgene_999f2a15_gbm_core_20260730.h5ad,,source asset,https://datasets.cellxgene.cziscience.com/861acfd8-25f0-418b-a445-aa96da232827.h5ad,8127057404,459444da84efc45565ac9ccb68c4873dac033c07abfe395bc814b3a33f60c56c,True,NOT_ASSESSED
S0100,cellxgene_bc7397a3_hnscc_global_20260730.h5ad,,source asset,https://datasets.cellxgene.cziscience.com/8b58da42-48ca-4615-90f2-0a3c25687da1.h5ad,7340263435,b6fdfdddbb24471482007196813cef332d777af15e50d95641c464633d73a850,True,NOT_ASSESSED
S0101,cellxgene_dea97145_breast_all_cells_20260730.h5ad,,source asset,https://datasets.cellxgene.cziscience.com/22a27631-aecf-463b-86c6-a8334a2f2cf2.h5ad,843892052,ef9e792e3e25a811af7778e38913fe0758fb887284899b47bdd54c8af0e91281,True,NOT_ASSESSED
S0102,cellxgene_brca_spatial_CID4290_20260730.h5ad,,source asset,https://datasets.cellxgene.cziscience.com/9c62cb12-39e5-4cf4-a030-802ef136d044.h5ad,239296084,ba439582a4e032d9adde5812a48ff52047b851a6813be1470debf99684eaa053,True,NOT_ASSESSED
S0103,cellxgene_brca_spatial_CID4465_20260730.h5ad,,source asset,https://datasets.cellxgene.cziscience.com/0fa1249e-a670-4534-b51c-69218dce7889.h5ad,214168477,1323aa6cf8c775b0f6a2b75d2bfca79965919aaea5a383078a1070181c428225,True,NOT_ASSESSED
S0104,cellxgene_brca_spatial_CID44971_20260730.h5ad,,source asset,https://datasets.cellxgene.cziscience.com/58a6f5de-f847-495d-84a5-4766c76dcbc0.h5ad,214365784,258bca1e4efd37058b4b630eee87e9414bcf87f1709adb98f15abffa545e95b0,True,NOT_ASSESSED
S0105,cellxgene_brca_spatial_CID4535_20260730.h5ad,,source asset,https://datasets.cellxgene.cziscience.com/91d821e4-403c-4de8-bed8-f798ad33d93a.h5ad,216294282,4a4e9a980cd8e59ae96b05c52e1b3836f5352a40c97ad0090f85627281683b4e,True,NOT_ASSESSED
