Layer,Program,Evaluable cancers,Complete pairs*,Median ρ (IQR),Range of ρ,q<0.05,I²†
Protein,MHC-I,10/10,1023,0.761 (0.714–0.771),0.607–0.787,10/10,0.352
Protein,MHC-II,10/10,1023,0.757 (0.748–0.850),0.683–0.899,10/10,0.747
Protein,IFN-gamma,10/10,1023,0.857 (0.831–0.893),0.766–0.950,10/10,0.878
Protein,Cytolytic,9/10,859,0.758 (0.714–0.798),0.679–0.927,9/9,0.861
Protein,Checkpoint,8/10,550,0.596 (0.498–0.693),0.389–0.824,8/8,0.756
Protein,Myeloid,10/10,1023,0.680 (0.606–0.785),0.458–0.898,10/10,0.864
Protein,TGF/EMT,10/10,1023,0.779 (0.749–0.826),0.542–0.878,10/10,0.784
Protein,Proteasome,10/10,1023,0.329 (0.263–0.438),0.012–0.461,9/10,0.569
Phosphoprotein,MHC-I,10/10,916,0.525 (0.495–0.554),0.357–0.760,10/10,0.641
Phosphoprotein,MHC-II,0/10,—,—,—,0/0,—
Phosphoprotein,IFN-gamma,10/10,966,0.683 (0.613–0.735),0.364–0.842,10/10,0.815
Phosphoprotein,Cytolytic,0/10,—,—,—,0/0,—
Phosphoprotein,Checkpoint,8/10,423,0.719 (0.551–0.774),0.446–0.833,8/8,0.619
Phosphoprotein,Myeloid,4/10,319,0.585 (0.552–0.645),0.497–0.780,4/4,0.728
Phosphoprotein,TGF/EMT,10/10,1023,0.636 (0.552–0.697),0.519–0.820,10/10,0.752
Phosphoprotein,Proteasome,10/10,1023,0.352 (0.244–0.423),0.206–0.564,10/10,0.594
