signature,signature_label,anchor_order,immune_signature_68,cancer_strata,median_within_cancer_rho,positive_cancer_fraction,retained_selected_anchor_count,retained_selected_anchor_median_rho,retained_selected_anchor_min_positive_cancer_fraction,membership_match,summary_match
antigen_presentation_mhc_i,MHC-I,1,MHC1_21978456,10,0.8719183657240112,1.0,2,0.8383024827659102,1.0,True,True
antigen_presentation_mhc_i,MHC-I,2,IFNG_score_21050467,10,0.8046865998078094,1.0,2,0.8383024827659102,1.0,True,True
antigen_presentation_mhc_ii,MHC-II,1,MHC2_21978456,10,0.9860132343268516,1.0,2,0.962572704370856,1.0,True,True
antigen_presentation_mhc_ii,MHC-II,2,TcClassII_score,10,0.9391321744148606,1.0,2,0.962572704370856,1.0,True,True
ifn_gamma_response,IFN-gamma,1,IFNG_score_21050467,10,0.8433607155783605,1.0,3,0.8669542090224258,1.0,True,True
ifn_gamma_response,IFN-gamma,2,IFN_21978456,10,0.8669542090224258,1.0,3,0.8669542090224258,1.0,True,True
ifn_gamma_response,IFN-gamma,3,Module3_IFN_score,10,0.9070660716976964,1.0,3,0.8669542090224258,1.0,True,True
cytolytic_t_cell_context,Cytolytic,1,CD8A,10,0.9197016261188752,1.0,2,0.8999785397223975,1.0,True,True
cytolytic_t_cell_context,Cytolytic,2,Tcell_21978456,10,0.8802554533259199,1.0,2,0.8999785397223975,1.0,True,True
checkpoint_exhaustion_context,Checkpoint,1,PD1_PDL1_score,10,0.8657985954459306,1.0,2,0.8904997568568591,1.0,True,True
checkpoint_exhaustion_context,Checkpoint,2,Tcell_21978456,10,0.9152009182677876,1.0,2,0.8904997568568591,1.0,True,True
myeloid_inflammatory_context,Myeloid,1,CD68,10,0.8252702296508544,1.0,2,0.8780118208017569,1.0,True,True
myeloid_inflammatory_context,Myeloid,2,CSF1_response,10,0.9307534119526591,1.0,2,0.8780118208017569,1.0,True,True
tgfb_emt_exclusion_context,TGF/EMT,1,TGFB_score_21050467,10,0.9122295515198974,1.0,2,0.9226874506013264,1.0,True,True
tgfb_emt_exclusion_context,TGF/EMT,2,TGFB_PCA_17349583,10,0.9331453496827552,1.0,2,0.9226874506013264,1.0,True,True
proteasome_antigen_processing,Proteasome,1,MHC1_21978456,10,0.3673409491299799,1.0,2,0.3368169892587768,1.0,True,True
proteasome_antigen_processing,Proteasome,2,IFN_21978456,10,0.3062930293875738,1.0,2,0.3368169892587768,1.0,True,True
