worksheet,group,records,columns,path,sha256
Table1_Sources,main,6,5,tables/main/Table1_Sources.csv,abc5bf9719c9b5a6924ad9a971ed4b946da4a989d6bc57557593c7ac7e9c324b
Table2_Programs,main,8,5,tables/main/Table2_Programs.csv,009fd8c66a110cd348b1740d13a72f11f8b062a4cb53f92fb870bf2f19035203
Table3_CPTAC,main,16,8,tables/main/Table3_CPTAC.csv,a52b8cdfd3f6325481949972732da72dc3d7a0fc510ac20f5294e0b94741704e
S1_ProgramGenes,supplementary,139,5,tables/supplementary/S1_ProgramGenes.csv,42b7ce2aa8cdb5f910d97679843fe7f94d9aefdef8c96015c1fec56e8a03150c
S2_CPTAC_Flow,supplementary,20,6,tables/supplementary/S2_CPTAC_Flow.csv,d018d4c550859ec3158e757ffa854bfee31f54e11c8c0c6db9335d1dc7eee97c
S3_Primary,supplementary,160,32,tables/supplementary/S3_Primary.csv,b05126fd086af20e8888a7eecf3ff6d44f78729273c4bafea5e9a3bb6e22a8b8
S4a_FeatureSens,supplementary,160,31,tables/supplementary/S4a_FeatureSens.csv,89527987865b5dc2a0a3d8849afb15faef3b289ff8498ea7b098831dafce23a5
S4b_Threshold1,supplementary,160,31,tables/supplementary/S4b_Threshold1.csv,1a6b9653f89ac7df4c77a1000bdbf430294e37a088673696d512ac7eecc085c8
S4c_Pooled,supplementary,16,7,tables/supplementary/S4c_Pooled.csv,2b6b304994bfd13940d99d3a90d528e7e878acef842fe8f61b4a0460ed163f71
S4d_ResidualDiag,supplementary,158,18,tables/supplementary/S4d_ResidualDiag.csv,97234fd3b68c305ffe68ac8615bf791733ab810f0c8815a7a99fb7af506d9d1b
S5_ResidualContext,supplementary,640,17,tables/supplementary/S5_ResidualContext.csv,956034f6174a416d3fed4e4954e44d854f40f18ee5ab126855d5dd13147848f5
S6a_TCGA_Full,supplementary,5440,8,tables/supplementary/S6a_TCGA_Full.csv,aeb7b9d1d2daf4cfb779412d6acfec8692af4c633bcde7ce38ef9f2190eb9377
S6b_TCGA_Summary,supplementary,8,17,tables/supplementary/S6b_TCGA_Summary.csv,d037c1ddd1a40fdd95ae38e3ed0783a58f65db292626f62456e2fe828a260df4
S6c_TCGA_Anchors,supplementary,17,12,tables/supplementary/S6c_TCGA_Anchors.csv,1673d3806dc6ef8d06a3414de2d112dc4453e9d62895ae0814886373c6193b35
S6d_TCGA_Subtypes,supplementary,48,8,tables/supplementary/S6d_TCGA_Subtypes.csv,1f18ed3dd94e3484707095c6393798f4cfdeb78afcfd7f62cc52154434a3d7a1
S7_APOLLO,supplementary,24,15,tables/supplementary/S7_APOLLO.csv,72a478d15107b39ae6ed8f3c1e60eae42430df17e72f5ab0f3c9f6fb2e1d9f28
S8a_scRNA_Global,supplementary,24,12,tables/supplementary/S8a_scRNA_Global.csv,2b0f71139cbd04a216e232df7008182b8d32eee84d953d389ced152600df42fb
S8b_scRNA_Source,supplementary,336,15,tables/supplementary/S8b_scRNA_Source.csv,3c20e1f046e06cc54c48f772f880c37f26bb29b9293c37bf38d2ec5d3681b0f0
S9_Spatial_BRCA,supplementary,24,6,tables/supplementary/S9_Spatial_BRCA.csv,1d20355364542d9e62e9cb88ca3112402dd15e3c45dd66a465200c81bf227160
QA_Checks,supporting,26,4,tables/supporting/QA_Checks.csv,be32472a2a11532fbc7de4dc2690a270079f9bcc96f1d918dd0f6cb0a62e518e
Derived_Heterogeneity,supporting,14,13,tables/supporting/Derived_Heterogeneity.csv,ed1eb26d55d19338bf6a1f7d5346d6810f2bab8391eb0c265b547b7f24e66223
Source_Alias,supporting,10,2,tables/supporting/Source_Alias.csv,e6de70e4006a7c6a57afab5b45a8411c21ebd6e4226fcb349aae1f62b5c90e71
