source_order,analysis_source_id,source_class,cancer_codes,n_source_specific_donor_ids,analysis_dataset_title,collection_or_route,data_version_url,corresponding_publication,first_author,publication_year,publication_status,doi,pmid,identity_verification
1,0bebef1a-4607-4584-9070-dacf89a0d635,CELLxGENE,luad,18,scRNA-seq of Lung adenocarcinoma with histological subtypes,https://cellxgene.cziscience.com/collections/0bebef1a-4607-4584-9070-dacf89a0d635,https://datasets.cellxgene.cziscience.com/229e74ee-9b3e-4ab2-bddb-9eccbac85b48.h5ad,Defining the cellular and molecular identities of histologic subtypes in lung adenocarcinoma,Lee J,2026,peer-reviewed,10.1186/s40164-025-00740-6,41578368,H5AD uns title and citation DOI matched to the analyzed collection and data-version URL
2,1df8c90d-d299-4b2e-a54d-a5a80f36e780,CELLxGENE,ccrcc,7,"ccRCC - Single-cell analyses of renal cell cancers reveal insights into tumor microenvironment, cell of origin, and therapy response",https://cellxgene.cziscience.com/collections/1df8c90d-d299-4b2e-a54d-a5a80f36e780,https://datasets.cellxgene.cziscience.com/f77a9049-7cbe-477d-8d3f-b417bba03147.h5ad,"Single-cell analyses of renal cell cancers reveal insights into tumor microenvironment, cell of origin, and therapy response",Zhang Y,2021,peer-reviewed,10.1073/pnas.2103240118,34099557,H5AD uns title and citation DOI matched to the analyzed collection and data-version URL
3,3ca-peng2019-pdac,3CA,pdac,16,Peng 2019 Pancreas (3CA official PDAC route),https://www.weizmann.ac.il/sites/3CA/,"https://www.dropbox.com/scl/fi/q0skgmowh7ew27xy6fokj/Data_Peng2019_Pancreas.tar.gz?rlkey=sd8xw1o3zk7n7xz09dz5w6oip&dl=1",Single-cell RNA-seq highlights intra-tumoral heterogeneity and malignant progression in pancreatic ductal adenocarcinoma,Peng J,2019,peer-reviewed,10.1038/s41422-019-0195-y,31273297,Executed 3CA archive basename and study label matched to the Peng 2019 pancreatic source
4,3ca-regner2021-ucec,3CA,ucec,6,Regner 2021 Ovarian page endometrial subset (3CA official UCEC route),https://www.weizmann.ac.il/sites/3CA/,"https://www.dropbox.com/scl/fi/tf7wke99na8my6e1d4cjq/Data_Regner2021_Ovarian.tar.gz?rlkey=6a9sglp68avnj0u1z1ibfplpu&dl=1",A multi-omic single-cell landscape of human gynecologic malignancies,Regner MJ,2021,peer-reviewed,10.1016/j.molcel.2021.10.013,34739872,Executed Regner 2021 3CA archive contained the six analyzed endometrial samples; the paper covers both ovarian and endometrial tumors
5,3f50314f-bdc9-40c6-8e4a-b0901ebfbe4c,CELLxGENE,ccrcc,6,Single-cell sequencing links multiregional immune landscapes and tissue-resident T cells in ccRCC to tumor topology and therapy efficacy,https://cellxgene.cziscience.com/collections/3f50314f-bdc9-40c6-8e4a-b0901ebfbe4c,https://datasets.cellxgene.cziscience.com/6602fa5a-d663-4fe0-8dc3-90191c3a013b.h5ad,Single-cell sequencing links multiregional immune landscapes and tissue-resident T cells in ccRCC to tumor topology and therapy efficacy,Krishna C,2021,peer-reviewed,10.1016/j.ccell.2021.03.007,33861994,H5AD uns title and citation DOI matched to the analyzed collection and data-version URL
6,3f7c572c-cd73-4b51-a313-207c7f20f188,CELLxGENE,brca;coad;lscc;luad;ov,50,A multi-tissue single-cell tumor microenvironment atlas,https://cellxgene.cziscience.com/collections/3f7c572c-cd73-4b51-a313-207c7f20f188,https://datasets.cellxgene.cziscience.com/1b76227b-c731-4807-9487-ad5e4d24e0d0.h5ad,Single-cell resolution characterization of myeloid-derived cell states with implication in cancer outcome,Guimarães GR,2024,peer-reviewed,10.1038/s41467-024-49916-4,38972873,H5AD collection title differs from the article title; the H5AD citation DOI directly identifies the corresponding paper
7,4d82bd8e-8827-410b-8fc7-685b7dd92585,CELLxGENE,coad,62,All Cells,https://cellxgene.cziscience.com/collections/4d82bd8e-8827-410b-8fc7-685b7dd92585,https://datasets.cellxgene.cziscience.com/3d1f3641-5755-47e2-b797-10317d33fe32.h5ad,Spatially organized multicellular immune hubs in human colorectal cancer,Pelka K,2021,peer-reviewed,10.1016/j.cell.2021.08.003,34450029,Generic H5AD title was disambiguated by its collection UUID and uns citation DOI
8,999f2a15-3d7e-440b-96ae-2c806799c08c,CELLxGENE,gbm,110,Core GBmap,https://cellxgene.cziscience.com/collections/999f2a15-3d7e-440b-96ae-2c806799c08c,https://datasets.cellxgene.cziscience.com/861acfd8-25f0-418b-a445-aa96da232827.h5ad,"Harmonized single-cell landscape, intercellular crosstalk and tumor architecture of glioblastoma",Ruiz-Moreno C,2022,bioRxiv preprint,10.1101/2022.08.27.505439,,H5AD uns citation and current CELLxGENE collection both identify the bioRxiv record; no peer-reviewed version was substituted
9,bc7397a3-ea49-4d57-84b8-80bd6885d4c4,CELLxGENE,hnscc,44,Global HPV-negative HNSCC Atlas,https://cellxgene.cziscience.com/collections/bc7397a3-ea49-4d57-84b8-80bd6885d4c4,https://datasets.cellxgene.cziscience.com/8b58da42-48ca-4615-90f2-0a3c25687da1.h5ad,A highly resolved integrated single-cell atlas of HPV-negative head and neck cancer,Kroehling L,2026,peer-reviewed,10.1038/s43856-026-01401-3,41813916,The frozen H5AD citation omitted a DOI; the exact collection UUID and title match the final Communications Medicine atlas paper
10,dea97145-f712-431c-a223-6b5f565f362a,CELLxGENE,brca,26,A single-cell and spatially-resolved atlas of human breast cancers,https://cellxgene.cziscience.com/collections/dea97145-f712-431c-a223-6b5f565f362a,https://datasets.cellxgene.cziscience.com/22a27631-aecf-463b-86c6-a8334a2f2cf2.h5ad,A single-cell and spatially resolved atlas of human breast cancers,Wu SZ,2021,peer-reviewed,10.1038/s41588-021-00911-1,34493872,H5AD uns title and citation DOI matched to the analyzed collection and data-version URL
