source_family,role,upstream_files_in_repository,terms_or_access_basis,official_terms_url,release_decision,audit_date
CPTAC/PDC,Primary processed proteogenomic inputs,No,PDC data use is governed by CC BY 4.0 and requires attribution,https://proteomic.datacommons.cancer.gov/pdc/data-use-guidelines,"Release derived summaries and code; do not redistribute upstream files; retain CPTAC/PDC attribution",2026-10-02
TCGA/UCSC Xena,Public RNA and immune-landscape inputs,No,"Public Xena-hosted derivatives from TCGA; underlying GDC access class and source terms continue to apply",https://xena.ucsc.edu/,"Release derived summaries and code; provide source route and citations; do not redistribute upstream matrices",2026-10-02
APOLLO/GDC/PDC,Public or access-classified LUAD and ovarian multi-omic inputs,No,"Proteomic inputs follow PDC guidance; GDC distinguishes open and controlled access",https://www.cancer.gov/about-nci/organization/cbiit/projects/apollo,"Release derived cohort-level summaries and code only; do not redistribute source matrices or controlled-access content",2026-10-02
CZ CELLxGENE Discover,Single-cell and spatial H5AD inputs,No,"Published CELLxGENE data are made available under CC BY 4.0; current terms prohibit re-identification",https://cellxgene.cziscience.com/tos,"Release derived source-level summaries and citation maps; do not redistribute H5AD files",2026-10-02
Curated Cancer Cell Atlas (3CA),Two study-specific single-cell routes,No,"3CA makes curated datasets available but no blanket repository-wide reuse license was identified on the accessed pages",https://www.weizmann.ac.il/sites/3CA/,"Release derived summaries and exact study citations only; do not redistribute 3CA archives",2026-10-02
Wu breast-cancer atlas/Zenodo,Originating breast single-cell and spatial resource,No,"Zenodo record 10.5281/zenodo.4739739 is public but displays no explicit license in the record metadata page",https://doi.org/10.5281/zenodo.4739739,"Release derived four-sample summaries and citation map only; do not redistribute source images or matrices",2026-10-02
DepMap Public 26Q1,Gene identifier dictionary only,No,"Only feature labels were used for identifier harmonization; no DepMap assay matrix is distributed",https://depmap.org/portal/,"Release resulting harmonized labels and derived statistics; do not redistribute DepMap source files",2026-10-02
Author-generated assets,Signatures mappings calculations figures tables and release documentation,No third-party upstream files,"Created for this project, subject to the scoped repository licenses",LICENSE.md,"Release code under MIT and original figures/tables/documentation under CC BY 4.0 subject to LICENSE.md exclusions",2026-10-02

